mean,std,max,min,skewness,kurtosis,peak_to_peak,rms,pulse_rate,avg_systolic_amp,avg_diastolic_amp,reflection_index,augmentation_index,systolic_time,diastolic_time,Label
0.01557873,0.439010087,0.795916123,-0.910114504,-0.089414967,-1.427040089,1.706030627,0.439286414,98.7654321,0.762223512,-0.894905809,-1.174072689,2.174072689,0.7145,1.018,1
0.017504248,0.437568217,0.853140662,-0.930692575,-0.07433126,-1.423461472,1.783833237,0.437918192,89.41877794,0.811791856,-0.895362183,-1.10294551,2.10294551,0.832,1.011,1
0.014926634,0.441476142,0.828717882,-0.92991453,-0.076550634,-1.397658835,1.758632412,0.44172841,87.33624454,0.813915783,-0.917260164,-1.126971836,2.126971836,0.4955,0.7385,1
0.018500277,0.440926585,0.892737941,-0.946568867,-0.064738913,-1.458610345,1.839306808,0.441314529,77.56948933,0.82783119,-0.93580978,-1.130435518,2.130435518,0.531,0.966,1
0.014503332,0.440143985,0.86503089,-0.965542996,-0.048813617,-1.431592995,1.830573886,0.440382873,87.8477306,0.837332108,-0.909208885,-1.085840226,2.085840226,0.494,0.8335,1
0.013201136,0.440490287,0.832634948,-0.948390815,-0.059153545,-1.460497636,1.781025763,0.440688056,90.77155825,0.811943234,-0.920881672,-1.134170017,2.134170017,0.7685,1.009,1
0.01500747,0.441404267,0.838877819,-0.905404201,-0.040209828,-1.452170061,1.74428202,0.441659315,117.4168297,0.763253052,-0.88714768,-1.162324445,2.162324445,0.737666667,0.956333333,1
0.003612398,0.425175215,0.656645349,-0.66002845,-0.010524928,-1.492995036,1.316673799,0.42519056,78.94736842,0.643323301,-0.652762054,-1.014671864,2.014671864,0.326,0.899,1
0.003199639,0.425445964,0.651285369,-0.645922342,-0.014380559,-1.489224271,1.297207711,0.425457996,89.88764045,0.648088692,-0.639825335,-0.987249651,1.987249651,0.742,1.0755,1
0.003057056,0.425419398,0.652455757,-0.64868247,-0.013649622,-1.493280941,1.301138227,0.425430382,97.13977334,0.637185297,-0.640591015,-1.005344942,2.005344942,0.736333333,1.123333333,1
0.003702348,0.424495903,0.645950356,-0.650565787,-0.012290598,-1.492992016,1.296516143,0.424512048,89.61911875,0.638645226,-0.648135136,-1.014859439,2.014859439,0.5235,0.8095,1
0.017288976,0.445824073,0.831679223,-0.941604301,-0.086094832,-1.426883997,1.773283524,0.446159179,71.04795737,0.816240862,-0.933484858,-1.143638969,2.143638969,0.4795,0.685,0
0.002833136,0.424332759,0.665068994,-0.646708368,-0.018141751,-1.489667574,1.311777362,0.424342216,108.8270859,0.637667492,-0.63775502,-1.000137263,2.000137263,0.801,1.129333333,1
0.015437931,0.43917143,0.815730855,-0.93721957,-0.088122113,-1.40491857,1.752950425,0.439442687,78.2778865,0.810151673,-0.895896319,-1.105837768,2.105837768,0.5395,0.7635,0
0.003043024,0.424513015,0.664056644,-0.634173004,-0.00751168,-1.494513359,1.298229648,0.424523922,117.8781925,0.5498258,-0.630160905,-1.146110104,2.146110104,0.561,0.967666667,1
0.00297867,0.424552815,0.650596526,-0.646410791,-0.01036979,-1.489013607,1.297007317,0.424563264,97.56097561,0.633834782,-0.634626445,-1.001249005,2.001249005,0.735333333,1.001666667,1
0.017130514,0.44457722,0.885126401,-0.953909739,-0.069686238,-1.448738203,1.83903614,0.444907135,89.68609865,0.834834935,-0.904001945,-1.08285112,2.08285112,0.7655,1.1675,0
0.018370724,0.439518414,0.843087084,-0.926101592,-0.08125676,-1.415990287,1.769188676,0.43990217,86.70520231,0.817915393,-0.899424887,-1.099655165,2.099655165,0.4995,0.903,0
0.0036027,0.423965307,0.638319612,-0.650190173,-0.017253347,-1.488226188,1.288509785,0.423980614,97.50812568,0.631170153,-0.636761321,-1.008858416,2.008858416,0.665666667,0.981666667,1
0.003086558,0.424999042,0.65536144,-0.64423981,-0.010277738,-1.491365193,1.29960125,0.425010249,78.58546169,0.643974579,-0.632188748,-0.981698297,1.981698297,0.429,0.8185,1
0.003306518,0.424185228,0.650599053,-0.652638887,-0.017573467,-1.493469663,1.30323794,0.424198115,78.17589577,0.641956859,-0.648052911,-1.009496046,2.009496046,0.327,0.8595,1
0.003023529,0.423776843,0.656925627,-0.641206911,-0.011651811,-1.49261716,1.298132538,0.423787629,102.4765158,0.63731574,-0.632861042,-0.993010218,1.993010218,0.737,0.9555,1
0.016844372,0.442285332,0.863564449,-0.941569709,-0.060590272,-1.438716209,1.805134158,0.442605973,77.31958763,0.830273558,-0.938257665,-1.130058468,2.130058468,0.41,0.8925,0
0.002841105,0.423860169,0.644194097,-0.666761434,-0.009894305,-1.492437875,1.310955531,0.42386969,103.0927835,0.636808732,-0.660495203,-1.037195582,2.037195582,0.7425,0.9555,1
0.003011614,0.42494253,0.642109361,-0.645590876,-0.013235155,-1.4938806,1.287700237,0.424953202,78.2778865,0.6345444,-0.639886646,-1.008419026,2.008419026,0.3215,0.766,1
0.01838322,0.444105547,0.859959868,-0.928996538,-0.080793245,-1.440516257,1.788956406,0.44448586,88.17046289,0.825267649,-0.907555045,-1.09970995,2.09970995,0.571,1.0045,0
0.003018814,0.42477149,0.647322223,-0.647730142,-0.016426016,-1.490643269,1.295052365,0.424782217,89.68609865,0.636108089,-0.64762431,-1.018104188,2.018104188,0.7485,1.085,1
0.003819591,0.424586726,0.654479023,-0.645643889,-0.010147845,-1.494864639,1.300122912,0.424603907,89.75317876,0.64878138,-0.628962597,-0.969452293,1.969452293,0.5265,0.898,1
0.003037248,0.425078701,0.64867551,-0.669059753,-0.013661887,-1.494222896,1.317735263,0.425089551,97.34991888,0.639022979,-0.654820379,-1.024721177,2.024721177,0.669333333,1.005666667,1
0.014784082,0.441110326,0.85593421,-0.946151426,-0.066455509,-1.445703881,1.802085636,0.441358005,78.125,0.821906654,-0.92592624,-1.12655888,2.12655888,0.415,0.7545,0
0.003247319,0.424624383,0.659943386,-0.641161324,-0.009237435,-1.488199206,1.30110471,0.424636799,97.19222462,0.647814572,-0.636703009,-0.982847617,1.982847617,0.665,1.003,1
0.003353516,0.424784057,0.656451574,-0.660130167,-0.014754842,-1.491143995,1.316581741,0.424797295,90.15777611,0.645772737,-0.645074071,-0.998918092,1.998918092,0.5315,0.903,1
0.016583045,0.437603161,0.819747756,-0.888775753,-0.068960482,-1.451007328,1.708523509,0.437917256,77.87151201,0.794232314,-0.885667069,-1.115123438,2.115123438,0.4205,0.606,0
0.003390967,0.425505852,0.642442252,-0.645707801,-0.011969122,-1.497088793,1.288150053,0.425519364,97.34991888,0.631345847,-0.639125769,-1.012322759,2.012322759,0.735333333,1.068666667,1
0.002194225,0.424021296,0.649783557,-0.646568731,-0.014575145,-1.492777402,1.296352288,0.424026973,97.61388286,0.63186834,-0.642236244,-1.01640833,2.01640833,0.667666667,1.006,1
0.013965505,0.444512833,0.829516237,-0.945865942,-0.07605574,-1.394129543,1.775382179,0.44473216,78.74015748,0.820534368,-0.940912933,-1.146707523,2.146707523,0.5675,0.7415,0
0.003075938,0.42470636,0.66009156,-0.649580036,-0.013958156,-1.489867585,1.309671596,0.424717499,97.71986971,0.642956943,-0.645144851,-1.003402883,2.003402883,0.668333333,0.839333333,1
0.002956355,0.424395168,0.645676566,-0.642913706,-0.012363393,-1.487846179,1.288590272,0.424405465,72.02881152,0.642934715,-0.640225777,-0.995786605,1.995786605,0.651,1.385,1
0.003261314,0.424347718,0.650114315,-0.660944505,-0.010944314,-1.491662438,1.31105882,0.42436025,89.48545861,0.647274835,-0.652197279,-1.007604875,2.007604875,0.6485,1.0845,1
0.012866007,0.442438369,0.798900834,-0.922181671,-0.087829504,-1.410441993,1.721082505,0.4426254,87.71929825,0.779834287,-0.921482877,-1.181639346,2.181639346,0.4905,0.995,0
0.003599119,0.424449624,0.648401601,-0.643610169,-0.015799699,-1.492506233,1.29201177,0.424464883,103.1814273,0.640694526,-0.638685143,-0.996863742,1.996863742,0.7395,0.8625,1
0.003574613,0.423574885,0.653503635,-0.648446147,-0.013112898,-1.488368013,1.301949782,0.423589968,118.5770751,0.512885974,-0.639706486,-1.247268435,2.247268435,0.559333333,0.830333333,1
0.017156128,0.443634144,0.839648181,-0.884364992,-0.057901842,-1.458023484,1.724013173,0.443965749,91.53318078,0.818808222,-0.865311452,-1.056793799,2.056793799,0.77,0.9985,0
0.012736271,0.440979804,0.814575441,-0.944697849,-0.079612119,-1.438855309,1.75927329,0.441163689,100.9251472,0.790682532,-0.892552432,-1.128837928,2.128837928,0.7165,0.891,0
0.014863633,0.442081066,0.863248995,-0.948972774,-0.07253993,-1.436032775,1.812221769,0.442330868,87.59124088,0.817561083,-0.897988952,-1.098375363,2.098375363,0.4915,0.8335,0
0.015447435,0.440910772,0.837634915,-0.945188337,-0.070482174,-1.443628267,1.782823252,0.441181291,108.892922,0.689859618,-0.919947194,-1.333528112,2.333528112,0.756666667,0.963666667,0
0.016611969,0.4414162,0.84536815,-0.92654469,-0.079934429,-1.435521862,1.77191284,0.441728672,77.87151201,0.783374485,-0.918929521,-1.173039892,2.173039892,0.4165,0.5525,0
0.003864375,0.424124143,0.660218775,-0.638806364,-0.010040197,-1.489953156,1.299025139,0.424141747,108.7613293,0.637098171,-0.630155133,-0.98910209,1.98910209,0.8,1.181333333,1
0.003022355,0.424282476,0.649501946,-0.644856508,-0.015122438,-1.492309006,1.294358454,0.424293241,105.8201058,0.558830788,-0.634510258,-1.135424661,2.135424661,0.563,0.685333333,1
0.002596582,0.424666217,0.659467222,-0.646219981,-0.014367435,-1.492004401,1.305687203,0.424674156,80.80808081,0.639810405,-0.643396287,-1.0056046,2.0056046,0.8875,1.4425,1
0.003470847,0.425501366,0.642852365,-0.655351379,-0.014770689,-1.495558113,1.298203744,0.425515522,78.3801437,0.633851132,-0.646616459,-1.020139314,2.020139314,0.4295,0.864,1
0.013189267,0.441900347,0.855504081,-0.945603785,-0.072255411,-1.417981094,1.801107866,0.442097131,79.41760424,0.83409288,-0.907809577,-1.088379483,2.088379483,0.672,0.9955,0
0.004323036,0.424890039,0.647653669,-0.646941098,-0.010306006,-1.491334583,1.294594767,0.42491203,89.75317876,0.639747801,-0.632604355,-0.988833966,1.988833966,0.649,1.082,1
0.015790086,0.439215215,0.82818569,-0.936171912,-0.079084504,-1.415661899,1.764357602,0.439498955,106.6350711,0.561989856,-0.909338392,-1.618069051,2.618069051,0.576,0.698333333,0
0.019549673,0.441020208,0.865630806,-0.965835592,-0.075540397,-1.428396515,1.831466398,0.441453298,91.32420091,0.845208526,-0.920225182,-1.088755204,2.088755204,0.7665,1.1725,0
0.016221639,0.442756593,0.827083716,-0.945517091,-0.07749841,-1.431778723,1.772600807,0.443053656,77.26980039,0.812158252,-0.898230363,-1.105979482,2.105979482,0.486,1.127,0
0.015417491,0.440338171,0.829587294,-0.949961641,-0.073573593,-1.42068615,1.779548935,0.440607993,78.58546169,0.8224037,-0.942361104,-1.145861945,2.145861945,0.4895,1.018,0
0.00301405,0.424757266,0.642197344,-0.654158531,-0.007636721,-1.492483423,1.296355875,0.42476796,117.4168297,0.555179112,-0.644681215,-1.161213023,2.161213023,0.562666667,0.833666667,1
0.016094117,0.438855626,0.831784789,-0.939315665,-0.069014666,-1.438677562,1.771100454,0.439150636,88.95478132,0.808455009,-0.923989326,-1.14290754,2.14290754,0.5695,1.0145,0
0.002199194,0.424099627,0.643545435,-0.646900095,-0.015830926,-1.491552651,1.29044553,0.424105329,105.5718475,0.532632296,-0.638267161,-1.198326059,2.198326059,0.559333333,0.896666667,0
0.003836972,0.425124631,0.656898875,-0.642758073,-0.011802189,-1.491356405,1.299656948,0.425141946,97.4025974,0.64067078,-0.639735676,-0.998540429,1.998540429,0.667666667,0.897666667,0
0.002821154,0.42425818,0.647958363,-0.635019048,-0.016221575,-1.493441859,1.282977411,0.424267559,72.07207207,0.640318683,-0.632318795,-0.987506395,1.987506395,0.65,1.3765,0
0.003319506,0.424377272,0.640859258,-0.637605422,-0.009783481,-1.492154261,1.27846468,0.424390254,89.02077151,0.630022144,-0.633115481,-1.004909885,2.004909885,0.654,0.9545,0
0.003280502,0.424512058,0.661457947,-0.640115778,-0.012570681,-1.491257648,1.301573725,0.424524733,89.82035928,0.648987996,-0.630010334,-0.970758069,1.970758069,0.657,0.96,0
0.003413236,0.424825124,0.646457185,-0.647084338,-0.010505601,-1.492215026,1.293541523,0.424838836,108.3032491,0.640875703,-0.633714884,-0.988826508,1.988826508,0.800333333,1.199,0
0.003287579,0.424794033,0.656325182,-0.639532258,-0.012167264,-1.491122931,1.29585744,0.424806755,97.2972973,0.645460892,-0.633567145,-0.98157325,1.98157325,0.738,1.059,0
0.01170529,0.443703479,0.861711814,-0.921857327,-0.066366283,-1.432920025,1.783569141,0.44385785,72.42003621,0.841503124,-0.919369313,-1.092532263,2.092532263,0.6175,1.219,1
0.013911808,0.442035959,0.850062449,-0.954213588,-0.065969171,-1.439402277,1.804276037,0.442254822,88.30022075,0.807877887,-0.936018095,-1.158613336,2.158613336,0.571,0.796,1
0.013783679,0.438899733,0.822060751,-0.940379205,-0.063452621,-1.433607296,1.762439956,0.439116118,70.33997655,0.814042868,-0.924151372,-1.135261309,2.135261309,0.404,0.499,1
0.016452447,0.440785932,0.84626533,-0.92379105,-0.05312602,-1.438764777,1.77005638,0.441092871,78.02340702,0.829452331,-0.906650549,-1.093071313,2.093071313,0.42,0.771,1
0.002774919,0.424762591,0.646623854,-0.658953984,-0.014710886,-1.49483658,1.305577838,0.424771655,105.5718475,0.555914615,-0.644856998,-1.159992884,2.159992884,0.562333333,0.967333333,0
0.016428771,0.439907038,0.812667162,-0.939278176,-0.087764851,-1.42935103,1.751945338,0.440213706,89.82035928,0.786233994,-0.927825383,-1.180088103,2.180088103,0.661,0.899,1
0.002984943,0.424234226,0.64803492,-0.646863137,-0.016263127,-1.493033339,1.294898057,0.424244727,105.3247513,0.545432076,-0.639023082,-1.171590581,2.171590581,0.560333333,0.963333333,0
0.014655691,0.444108877,0.834727581,-0.915991299,-0.078733668,-1.426985231,1.75071888,0.444350632,78.94736842,0.813081164,-0.90476612,-1.112762366,2.112762366,0.4965,0.7485,1
0.003033181,0.42459471,0.659497174,-0.671079208,-0.010454327,-1.489358155,1.330576382,0.424605544,89.48545861,0.646052202,-0.639296584,-0.989543232,1.989543232,0.657,0.9895,0
0.019528385,0.440396042,0.830299561,-0.962299586,-0.067636325,-1.43995245,1.792599147,0.440828801,78.58546169,0.819555109,-0.94141574,-1.148691197,2.148691197,0.5355,1.0035,1
0.015515593,0.437631165,0.814868141,-0.937448832,-0.067884174,-1.451234073,1.752316973,0.437906121,94.4386149,0.617847414,-0.921134446,-1.490876914,2.490876914,0.707333333,0.978666667,1
0.01797904,0.442220546,0.836521999,-0.899873902,-0.068775403,-1.44004349,1.736395901,0.442585876,103.626943,0.68822106,-0.897109329,-1.303519146,2.303519146,0.76,1.031666667,1
0.015328559,0.441096409,0.822169307,-0.934198347,-0.080134787,-1.444437233,1.756367654,0.44136267,87.97653959,0.814002512,-0.905967361,-1.112978582,2.112978582,0.4975,0.7315,1
0.002746457,0.4246254,0.636032241,-0.66288429,-0.016116427,-1.49258212,1.298916531,0.424634282,89.68609865,0.632585919,-0.657986824,-1.04015408,2.04015408,0.7435,1.074,0
0.003189912,0.423992932,0.639207366,-0.638777116,-0.016478169,-1.491166569,1.277984482,0.424004931,78.53403141,0.632283312,-0.635079818,-1.004422869,2.004422869,0.3235,0.8635,0
0.017054408,0.442720545,0.826375517,-0.93779996,-0.09004464,-1.41253845,1.764175477,0.443048907,103.2702238,0.666895874,-0.917891361,-1.376363834,2.376363834,0.759,1.065,1
0.018706398,0.440186418,0.830265648,-0.928363363,-0.076270147,-1.427937547,1.758629011,0.440583717,86.33093525,0.803678143,-0.919635132,-1.144282869,2.144282869,0.615,1.18,1
0.017571287,0.440262578,0.845615158,-0.915743294,-0.049697305,-1.449827712,1.761358452,0.440613081,102.739726,0.806658997,-0.87798469,-1.088421122,2.088421122,0.677,0.783,1
0.003266414,0.424662451,0.651028306,-0.660791333,-0.012511138,-1.493081239,1.311819639,0.424675013,97.13977334,0.597700536,-0.651269195,-1.08962458,2.08962458,0.57,1.013,0
0.017640228,0.443105495,0.860542526,-0.945139583,-0.073646134,-1.436361757,1.805682109,0.443456488,101.7811705,0.80036583,-0.912739531,-1.140402922,2.140402922,0.7245,0.9635,1
0.00307367,0.424538834,0.647519744,-0.643033799,-0.011461794,-1.492769926,1.290553543,0.424549961,78.79185817,0.635880118,-0.638830885,-1.004640446,2.004640446,0.6495,1.3,0
0.014993443,0.444433875,0.846682351,-0.953355932,-0.082542226,-1.414853133,1.800038283,0.444686713,108.8270859,0.726712699,-0.908722913,-1.250456905,2.250456905,0.737,0.955,1
0.013227252,0.440780043,0.851387186,-0.917071956,-0.062273506,-1.418690902,1.768459142,0.440978465,102.3017903,0.793400098,-0.916425289,-1.15506072,2.15506072,0.7125,1.019,1
0.002929814,0.425146781,0.643168048,-0.653570218,-0.011845542,-1.490764946,1.296738266,0.425156876,79.47019868,0.6345721,-0.641970387,-1.011658701,2.011658701,0.656,0.903,0
0.003477423,0.42447856,0.644781466,-0.65173441,-0.012737136,-1.492956689,1.296515876,0.424492804,79.41760424,0.636372352,-0.648565346,-1.019160156,2.019160156,0.523,0.771,0
0.003647361,0.424918162,0.63611462,-0.638696579,-0.01407322,-1.492053661,1.274811199,0.424933816,108.4337349,0.631607659,-0.634194518,-1.004095674,2.004095674,0.797666667,1.194333333,0
0.002754519,0.424913865,0.658105864,-0.640579591,-0.013239438,-1.493397475,1.298685455,0.424922793,108.3684527,0.644417631,-0.636918934,-0.988363607,1.988363607,0.801,1.036,0
0.00389482,0.424043707,0.632520394,-0.634316695,-0.011237622,-1.493259141,1.266837089,0.424061594,108.2381239,0.628943674,-0.628526932,-0.999337394,1.999337394,0.797333333,1.154333333,0
0.003183581,0.424598182,0.640437377,-0.641930723,-0.011384009,-1.491031535,1.2823681,0.424610117,103.8961039,0.63717739,-0.641569076,-1.006892407,2.006892407,0.7395,0.956,0
0.002290888,0.425245871,0.63966865,-0.639102794,-0.009508888,-1.493037092,1.278771444,0.425252042,108.4990958,0.636003404,-0.635915958,-0.999862508,1.999862508,0.804333333,1.07,0
0.017687467,0.438482184,0.842724237,-0.887850631,-0.062457397,-1.44183761,1.730574868,0.438838777,77.82101167,0.827359838,-0.879669884,-1.063225267,2.063225267,0.484,0.837,1
0.017406934,0.44173184,0.823910985,-0.972789022,-0.063601872,-1.442252184,1.796700007,0.442074677,70.75471698,0.809265328,-0.918390001,-1.134844123,2.134844123,0.4805,1.125,1
0.003098595,0.424444943,0.639827874,-0.642147239,-0.008968627,-1.49232245,1.281975113,0.424456253,90.02250563,0.636205436,-0.639294856,-1.00485601,2.00485601,0.746,1.0885,0
0.016001644,0.437759331,0.870907578,-0.940132115,-0.070812992,-1.411889818,1.811039693,0.438051692,101.2658228,0.825113116,-0.923191014,-1.118866003,2.118866003,0.723,0.8975,1
0.003236974,0.425063788,0.644519005,-0.640981185,-0.010405466,-1.491238063,1.28550019,0.425076113,103.7165082,0.63338642,-0.624096007,-0.985332156,1.985332156,0.7415,1.077,0
0.015722073,0.442460346,0.871072674,-0.939785372,-0.089316716,-1.424754156,1.810858046,0.442739586,98.68421053,0.578482006,-0.928409804,-1.604906972,2.604906972,0.572666667,0.815333333,1
0.017467312,0.43975757,0.845176747,-0.933133283,-0.065023029,-1.44393993,1.77831003,0.440104337,90.22556391,0.83148227,-0.921339929,-1.108069242,2.108069242,0.669,0.8485,1
0.004084133,0.424637261,0.651508956,-0.642267646,-0.01224047,-1.492801717,1.293776602,0.424656901,79.10349374,0.646880342,-0.636006424,-0.983190218,1.983190218,0.6535,0.952,0
0.013857518,0.439905116,0.796508205,-0.948009964,-0.051475321,-1.459397519,1.744518169,0.440123326,79.57559682,0.75209333,-0.886500671,-1.178710986,2.178710986,0.4965,0.981,1
0.0155757,0.440467785,0.858993109,-0.92339361,-0.0560095,-1.461886815,1.782386719,0.44074309,117.8781925,0.745802588,-0.900733715,-1.207737448,2.207737448,0.728333333,0.993666667,1
0.017218503,0.442106222,0.852670557,-0.958970863,-0.086055759,-1.423285169,1.81164142,0.442441395,98.84678748,0.725899585,-0.921809102,-1.269885148,2.269885148,0.683333333,1.066333333,1
0.016015647,0.437521885,0.859387914,-0.900242355,-0.059367846,-1.450245823,1.759630269,0.437814916,86.83068017,0.830385628,-0.888376184,-1.069835693,2.069835693,0.488,0.6325,1
0.002751565,0.425070881,0.653534624,-0.645611707,-0.015136276,-1.494134184,1.299146331,0.425079786,80.80808081,0.63635005,-0.641708378,-1.008420408,2.008420408,0.8785,1.438,0
0.004137282,0.424069127,0.646459582,-0.644540907,-0.011709242,-1.491384204,1.291000489,0.424089308,97.66684753,0.516460664,-0.637530024,-1.234421262,2.234421262,0.557,0.885,0
0.004117976,0.42477958,0.644270336,-0.66016589,-0.015253561,-1.490398483,1.304436226,0.42479954,105.9446733,0.603438191,-0.649040397,-1.075570634,2.075570634,0.582,0.762333333,0
0.002704037,0.424511658,0.662967666,-0.654855985,-0.016461033,-1.49137786,1.317823651,0.424520269,118.3431953,0.524833199,-0.640695513,-1.220760262,2.220760262,0.559,0.76,0
0.01663005,0.439408732,0.814104704,-0.940009555,-0.066557064,-1.441365548,1.754114259,0.439723313,72.42003621,0.793130959,-0.928615671,-1.170822623,2.170822623,0.5725,0.845,1
0.013885755,0.440656925,0.884058528,-0.927055481,-0.09720132,-1.414452065,1.811114009,0.440875651,78.94736842,0.846875212,-0.92063362,-1.087094776,2.087094776,0.569,0.7985,1
0.017803379,0.435681351,0.844354613,-0.921390938,-0.063247338,-1.437700353,1.765745551,0.436044952,101.1804384,0.823089645,-0.856605744,-1.040719864,2.040719864,0.665,1.1365,1
0.003292548,0.424604969,0.64369706,-0.647194271,-0.01768334,-1.492535451,1.290891331,0.424617735,108.7613293,0.634659244,-0.639365816,-1.007415903,2.007415903,0.803,0.975333333,0
0.0162158,0.439729192,0.842087657,-0.933067457,-0.085985582,-1.417291821,1.775155114,0.440028084,102.1276596,0.765807117,-0.894760882,-1.168389353,2.168389353,0.7235,1.175,1
0.004233691,0.425296204,0.662286972,-0.648774129,-0.014378129,-1.494731246,1.311061101,0.425317276,105.5099648,0.589280463,-0.643153352,-1.091421474,2.091421474,0.568,0.975333333,0
0.015641031,0.438923946,0.873093576,-0.929957381,-0.07336691,-1.433295102,1.803050957,0.439202542,79.20792079,0.824226846,-0.922589542,-1.11933935,2.11933935,0.413,0.7535,1
0.016579452,0.442799438,0.85610259,-0.92195985,-0.053578275,-1.435468174,1.77806244,0.443109717,90.49773756,0.834966386,-0.888458281,-1.064064729,2.064064729,0.829,1,1
0.003382034,0.424455254,0.642487848,-0.643869155,-0.012513989,-1.491843844,1.286357003,0.424468727,70.88009451,0.635251411,-0.63784998,-1.004090614,2.004090614,0.433,0.9,0
0.0176311,0.44426113,0.848175812,-0.947547371,-0.067942264,-1.444888132,1.795723183,0.44461085,99.42004971,0.820807902,-0.926993965,-1.129367739,2.129367739,0.713,0.8515,1
0.002988879,0.425034773,0.650570819,-0.653827415,-0.009034572,-1.48571538,1.304398234,0.425045282,81.13590264,0.643711859,-0.632492559,-0.982570929,1.982570929,0.736,1.083,0
0.014010908,0.438249717,0.851583118,-0.913711179,-0.087381796,-1.446428073,1.765294297,0.438473625,86.89355539,0.806894465,-0.902264894,-1.118194427,2.118194427,0.4865,0.7875,1
0.013163448,0.440591662,0.841814831,-0.947599353,-0.081515786,-1.418602371,1.789414184,0.440788259,91.46341463,0.823506545,-0.918912032,-1.115852736,2.115852736,0.772,1.0155,1
0.018645447,0.440746018,0.822694155,-0.908661465,-0.074784564,-1.432929251,1.73135562,0.441140233,89.02077151,0.8073727,-0.874193529,-1.0827633,2.0827633,0.498,0.5825,1
0.003762749,0.424374196,0.646362294,-0.642300628,-0.015578714,-1.488787851,1.288662922,0.424390877,90.29345372,0.639683394,-0.63801373,-0.997389858,1.997389858,0.7455,0.9945,0
0.003639428,0.424967839,0.660893117,-0.653298396,-0.012440299,-1.491276213,1.314191513,0.424983422,80.86253369,0.643117301,-0.647578179,-1.006936335,2.006936335,0.8835,1.3845,0
0.0030968,0.424279582,0.648742028,-0.657908995,-0.016687458,-1.490176466,1.306651023,0.424290883,96.77419355,0.532758279,-0.649652538,-1.219413312,2.219413312,0.558666667,0.911666667,0
0.003198722,0.424349848,0.642671927,-0.65184411,-0.01465043,-1.491647418,1.294516037,0.424361904,108.3032491,0.629939902,-0.638250377,-1.013192489,2.013192489,0.797,1.101666667,0
0.01536722,0.441381321,0.842767973,-0.941385212,-0.08830811,-1.418143371,1.784153185,0.441648754,87.8477306,0.801780565,-0.918359104,-1.145399558,2.145399558,0.4915,1.0165,1
0.015906702,0.440363024,0.839514899,-0.937637816,-0.080999987,-1.416307344,1.777152715,0.44065022,92.16589862,0.804288356,-0.869590689,-1.081192688,2.081192688,0.7705,1.2465,1
0.016501601,0.442094171,0.873096798,-0.966553177,-0.05901366,-1.425268694,1.839649975,0.442402033,78.48266841,0.833002933,-0.929241086,-1.11553159,2.11553159,0.488,0.631,1
0.015704451,0.441431268,0.826519936,-0.933473959,-0.040124498,-1.455423715,1.759993895,0.441710532,103.2702238,0.803905437,-0.91528897,-1.138553029,2.138553029,0.6665,0.9645,1
0.003721829,0.424607118,0.645885579,-0.645634583,-0.011323285,-1.491757505,1.291520162,0.424623429,81.30081301,0.638556205,-0.639957029,-1.002193736,2.002193736,0.748,1.2015,0
0.002910664,0.424811162,0.631605096,-0.647929812,-0.01797319,-1.487911233,1.279534908,0.424821134,89.82035928,0.623502756,-0.640708491,-1.027595283,2.027595283,0.738,1.0885,0
0.002849307,0.424788154,0.641518862,-0.641916369,-0.008854515,-1.492190528,1.283435231,0.42479771,105.6958309,0.594587116,-0.632586996,-1.063909693,2.063909693,0.584,0.883666667,0
0.003077561,0.424411072,0.667522889,-0.651779768,-0.008597918,-1.489908073,1.319302657,0.42442223,105.6338028,0.53305665,-0.63975032,-1.200154467,2.200154467,0.558,0.914333333,0
0.00374373,0.42444052,0.650912145,-0.651594353,-0.012640291,-1.491598431,1.302506498,0.42445703,97.2972973,0.641371557,-0.649075602,-1.012011829,2.012011829,0.666,0.835,0
0.003349386,0.423766165,0.643504182,-0.639512945,-0.010610775,-1.492955927,1.283017127,0.423779402,96.98275862,0.486761136,-0.634534138,-1.303584225,2.303584225,0.553,0.968,0
0.003789513,0.424033242,0.660316158,-0.648184595,-0.015067839,-1.493879516,1.308500753,0.424050174,108.1730769,0.640139304,-0.637875246,-0.996463179,1.996463179,0.796,1.127,0
0.003872894,0.424086891,0.639183433,-0.638989463,-0.011128436,-1.493115804,1.278172896,0.424104574,72.50755287,0.635847766,-0.635511179,-0.999470648,1.999470648,0.653,1.0925,0
0.014815798,0.443325152,0.839391017,-0.975909024,-0.07035044,-1.407815996,1.815300041,0.443572652,81.85538881,0.828081671,-0.920834271,-1.112008999,2.112008999,0.762,1.141,1
0.003725687,0.424867579,0.646489594,-0.642223425,-0.011405124,-1.488395011,1.288713019,0.424883914,79.15567282,0.645023955,-0.638121533,-0.989298968,1.989298968,0.5255,1.0865,0
0.002206339,0.424212288,0.641089017,-0.644878775,-0.015511202,-1.489731026,1.285967792,0.424218025,105.5718475,0.596428316,-0.640358059,-1.07365469,2.07365469,0.582666667,0.687666667,0
0.015511204,0.442445665,0.868576389,-0.942687024,-0.083324781,-1.415880588,1.811263413,0.442717477,102.3017903,0.838704082,-0.917562705,-1.094024369,2.094024369,0.6635,0.9965,1
0.003283465,0.423583519,0.643383996,-0.671402495,-0.012345522,-1.49121341,1.314786491,0.423596245,102.5641026,0.639949183,-0.661800882,-1.03414599,2.03414599,0.74,1.0715,0
0.002807839,0.424341867,0.655222746,-0.650181755,-0.013099881,-1.492662021,1.305404501,0.424351157,108.1081081,0.64254619,-0.643432561,-1.001379467,2.001379467,0.801333333,1.195333333,0
0.014958734,0.437949841,0.811083719,-0.910128096,-0.066956954,-1.44858309,1.721211815,0.438205234,105.5718475,0.723257428,-0.84886508,-1.173669357,2.173669357,0.675,0.849,1
0.015617328,0.442077811,0.840388103,-0.921989837,-0.078594148,-1.447098641,1.76237794,0.442353583,65.60962274,0.827841837,-0.914871877,-1.105128824,2.105128824,0.5385,0.978,1
0.014365548,0.439925579,0.838497045,-0.903772681,-0.062428402,-1.435230929,1.742269726,0.440160067,103.8961039,0.812633769,-0.89941235,-1.106786826,2.106786826,0.7175,0.9,1
0.003720183,0.424475025,0.660461602,-0.648342515,-0.013845211,-1.495382453,1.308804117,0.424491327,89.88764045,0.64321288,-0.64551953,-1.003586138,2.003586138,0.6565,1.069,0
0.003238964,0.424994683,0.668824358,-0.651296851,-0.013632997,-1.488672779,1.320121209,0.425007026,97.13977334,0.648432876,-0.639304047,-0.985921705,1.985921705,0.735333333,0.849666667,0
0.016146005,0.441399218,0.842071602,-0.925946652,-0.065565152,-1.45224386,1.768018254,0.441694422,88.30022075,0.806304786,-0.912867471,-1.132161791,2.132161791,0.624,0.688,1
0.003353569,0.424795604,0.649013858,-0.659468162,-0.010634592,-1.491979062,1.30848202,0.424808841,89.48545861,0.644061871,-0.639672913,-0.993185503,1.993185503,0.6515,0.768,0
0.003099217,0.424636524,0.650154145,-0.641973992,-0.008953383,-1.490200247,1.292128137,0.424647834,80.91706001,0.642493771,-0.638547457,-0.993857817,1.993857817,0.8865,1.1655,0
0.003620603,0.424374144,0.644941286,-0.662699103,-0.011319006,-1.492544452,1.307640389,0.424389589,96.77419355,0.633071461,-0.645263856,-1.019259114,2.019259114,0.662333333,0.908,0
0.003302826,0.424765228,0.660322525,-0.648416736,-0.013349954,-1.492564275,1.308739261,0.424778069,108.4990958,0.641863417,-0.639529155,-0.996363305,1.996363305,0.796,1.153666667,0
0.019469141,0.441792398,0.805967259,-0.93135116,-0.066440297,-1.448556776,1.737318419,0.442221178,86.20689655,0.787862618,-0.904288553,-1.147774411,2.147774411,0.5685,0.812,1
0.004298453,0.425399828,0.653306649,-0.644148232,-0.011980778,-1.492878056,1.297454881,0.425421544,89.61911875,0.644398424,-0.643239881,-0.998202132,1.998202132,0.7425,1.087,0
0.01524063,0.440474976,0.825025808,-0.946868422,-0.077190778,-1.431365248,1.77189423,0.440738563,89.35219657,0.797450871,-0.906159881,-1.136320635,2.136320635,0.6255,0.98,1
0.016324424,0.443030668,0.836965726,-0.938069928,-0.054043364,-1.443636203,1.775035654,0.44333132,82.53094911,0.822548561,-0.928437171,-1.128732351,2.128732351,0.836,1.217,1
0.003239742,0.424135402,0.644326232,-0.642649957,-0.010620531,-1.493089737,1.286976189,0.424147775,70.54673721,0.639572307,-0.635057909,-0.992941535,1.992941535,0.432,0.858,0
0.004704876,0.424383527,0.657468015,-0.672414453,-0.010765265,-1.494435523,1.329882468,0.424409606,97.50812568,0.640716588,-0.658822023,-1.028258103,2.028258103,0.666333333,0.952666667,0
0.013660626,0.438367323,0.799999886,-0.946551804,-0.068934245,-1.431670545,1.74655169,0.438580121,116.9590643,0.678534645,-0.917254763,-1.35181714,2.35181714,0.731,1.006333333,1
0.003227523,0.424561586,0.648020928,-0.644024427,-0.009850265,-1.490178811,1.292045355,0.424573853,78.84362681,0.638265317,-0.639294931,-1.001613144,2.001613144,0.52,0.8225,0
0.018415322,0.440143033,0.859011547,-0.918489928,-0.045209063,-1.421912935,1.777501475,0.440528108,100.5867561,0.839633102,-0.862740881,-1.027521281,2.027521281,0.718,1.0095,1
0.014590407,0.439970531,0.833282337,-0.933334925,-0.05703721,-1.425099111,1.766617262,0.44021239,89.95502249,0.825733451,-0.908674017,-1.100444721,2.100444721,0.666,0.9155,1
0.014468866,0.444782505,0.839801341,-0.931449378,-0.072100442,-1.431293006,1.771250719,0.44501778,102.739726,0.802190565,-0.915505549,-1.14125694,2.14125694,0.6685,0.9005,1
0.015495065,0.439478769,0.835719509,-0.948455489,-0.079007166,-1.418381517,1.784174998,0.439751845,94.73684211,0.702685404,-0.905704956,-1.288919552,2.288919552,0.693666667,0.869333333,1
0.003149538,0.424223412,0.653981223,-0.648086635,-0.010662706,-1.49086058,1.302067858,0.424235103,97.45533297,0.580461579,-0.63309126,-1.090668673,2.090668673,0.566666667,0.746333333,0
0.019338196,0.436784471,0.823126984,-0.889670519,-0.065162705,-1.446863739,1.712797503,0.437212351,82.87292818,0.801810874,-0.873849748,-1.089845219,2.089845219,0.769,1.0165,1
0.003196253,0.424628346,0.643433868,-0.640935042,-0.012323276,-1.496731618,1.28436891,0.424640375,81.08108108,0.635129362,-0.638517431,-1.005334456,2.005334456,0.8785,1.088,0
0.003919829,0.424324177,0.651741691,-0.648648591,-0.012507953,-1.490837002,1.300390282,0.424342282,70.33997655,0.642972877,-0.637879931,-0.992079064,1.992079064,0.43,0.5385,0
0.002572601,0.424299362,0.637892917,-0.641892293,-0.015103413,-1.494284717,1.27978521,0.424307161,79.47019868,0.633563971,-0.638884009,-1.008397001,2.008397001,0.5245,0.7185,0
0.002773601,0.424289829,0.648402404,-0.650219936,-0.016511183,-1.49432692,1.29862234,0.424298894,78.48266841,0.641692369,-0.639270737,-0.996226179,1.996226179,0.3285,0.863,0
0.01288135,0.441862702,0.853582284,-0.904344376,-0.053267343,-1.445916273,1.75792666,0.442050423,87.08272859,0.836044794,-0.878066828,-1.050262898,2.050262898,0.496,0.589,1
0.015210254,0.441133445,0.822334176,-0.941803465,-0.072786338,-1.444520559,1.764137641,0.441395592,70.46388726,0.808373151,-0.904530452,-1.118951627,2.118951627,0.487,0.9145,1
0.018100065,0.445745071,0.854215467,-0.914728035,-0.074668004,-1.426946166,1.768943502,0.446112408,79.20792079,0.81819469,-0.906151341,-1.107500882,2.107500882,0.4195,1.0085,1
0.003057555,0.424365082,0.649537068,-0.652534843,-0.012950605,-1.491131927,1.302071911,0.424376097,78.94736842,0.638363615,-0.636921749,-0.997741308,1.997741308,0.6495,1.2015,0
0.017473896,0.439352082,0.872667961,-0.937125608,-0.062341697,-1.44344123,1.809793569,0.43969943,90.29345372,0.812975975,-0.889777519,-1.094469635,2.094469635,0.761,1.018,1
0.018581422,0.444044765,0.846355979,-0.903873457,-0.061685139,-1.459491174,1.750229436,0.444433372,102.3017903,0.818507429,-0.886777312,-1.083407774,2.083407774,0.718,1.112,1
0.003296306,0.424880221,0.647254384,-0.649414038,-0.00872428,-1.493978447,1.296668422,0.424893007,97.71986971,0.637515859,-0.638273961,-1.001189151,2.001189151,0.667666667,1.012,0
0.003013215,0.424575833,0.643919558,-0.63778489,-0.010028299,-1.492640726,1.281704448,0.424586525,70.38123167,0.641979325,-0.637717124,-0.993360844,1.993360844,0.4285,0.8205,0
0.016422981,0.4411182,0.84537642,-0.950422741,-0.04947396,-1.437049012,1.795799161,0.441423811,89.68609865,0.826773055,-0.906032567,-1.095866104,2.095866104,0.825,1.2315,1
0.019209042,0.440295583,0.843647722,-0.941271465,-0.078623559,-1.456710876,1.784919187,0.440714406,90.49773756,0.815378874,-0.880757569,-1.080181982,2.080181982,0.7095,1.006,1
0.003343667,0.424583977,0.647221245,-0.662681945,-0.012076536,-1.490311338,1.30990319,0.424597143,107.9784043,0.634382064,-0.644677467,-1.016229026,2.016229026,0.797666667,1.059666667,0
0.002873025,0.425019924,0.641497174,-0.658914019,-0.011590213,-1.491370343,1.300411193,0.425029635,108.3032491,0.630714705,-0.643336683,-1.020012183,2.020012183,0.796666667,0.906,0
0.018515418,0.44383316,0.866488229,-0.898964082,-0.072007545,-1.440366226,1.765452311,0.444219196,78.125,0.843166374,-0.879957208,-1.043634133,2.043634133,0.4845,0.773,1
0.017414389,0.443123039,0.817193105,-0.927978166,-0.0617946,-1.45741007,1.745171271,0.443465093,78.22685789,0.812477886,-0.903888931,-1.112508964,2.112508964,0.5355,0.984,1
0.003071796,0.424262512,0.639415289,-0.649783909,-0.012759993,-1.49207475,1.289199198,0.424273633,79.41760424,0.636685861,-0.648925706,-1.019224307,2.019224307,0.6545,0.9575,0
0.003833229,0.425037142,0.650569991,-0.651148769,-0.014270712,-1.494160386,1.30171876,0.425054427,72.02881152,0.641231431,-0.648690196,-1.011631939,2.011631939,0.6525,1.266,0
0.003252384,0.424499612,0.647354993,-0.649749374,-0.012276317,-1.494616937,1.297104367,0.424512071,70.58823529,0.642995696,-0.640660592,-0.996368398,1.996368398,0.432,0.8165,0
0.015392035,0.440637344,0.833055865,-0.907803337,-0.079858832,-1.427408454,1.740859202,0.440906093,75.99746675,0.78044944,-0.902045919,-1.155803147,2.155803147,0.404,0.8495,1
0.003351494,0.424217819,0.640511405,-0.645137978,-0.015471638,-1.492386849,1.285649383,0.424231058,117.3402868,0.490792362,-0.637023943,-1.297949992,2.297949992,0.554666667,0.97,0
0.002884164,0.424826198,0.643058709,-0.658576789,-0.016211752,-1.49764973,1.301635498,0.424835988,97.50812568,0.637071523,-0.646525586,-1.014839877,2.014839877,0.668333333,1.131,0
0.003134645,0.424210442,0.645836949,-0.639786987,-0.013414237,-1.494953562,1.285623936,0.424222024,79.15567282,0.63595459,-0.630248725,-0.991027873,1.991027873,0.3255,0.6325,0
0.003138344,0.424259937,0.641768092,-0.652701267,-0.012477512,-1.491351853,1.294469359,0.424271544,70.38123167,0.641285726,-0.646512163,-1.008149935,2.008149935,0.4335,0.6315,0
0.003216144,0.424894933,0.643107506,-0.659696862,-0.015912144,-1.493459901,1.302804368,0.424907104,80.69939475,0.639285682,-0.651801696,-1.019578124,2.019578124,0.7365,1.0715,0
0.002684944,0.424426823,0.640299846,-0.63916552,-0.009069802,-1.492848505,1.279465366,0.424435315,89.61911875,0.638181817,-0.634244199,-0.993829942,1.993829942,0.524,0.8205,0
0.016414879,0.442306659,0.826852917,-0.914344764,-0.057528234,-1.441655882,1.741197681,0.442611148,71.13218731,0.800656153,-0.895318896,-1.118231456,2.118231456,0.5425,0.891,1
0.017193278,0.443284229,0.831333634,-0.934654651,-0.068843,-1.448613501,1.765988285,0.443617534,107.9784043,0.65415402,-0.914744998,-1.398363337,2.398363337,0.725666667,1.210666667,1
0.015284545,0.442302298,0.846942545,-0.92134809,-0.06869568,-1.430305379,1.768290635,0.442566312,76.97241822,0.832323522,-0.879276281,-1.056411669,2.056411669,0.4855,0.6365,1
0.01702594,0.444058964,0.834161208,-0.925284076,-0.077786402,-1.421647325,1.759445284,0.444385245,103.1814273,0.823390252,-0.923068967,-1.121058897,2.121058897,0.6685,0.889,1
0.003614869,0.424615472,0.68149465,-0.656590119,-0.013778058,-1.494465292,1.338084769,0.424630859,108.5645356,0.650704085,-0.646573436,-0.993652032,1.993652032,0.8,1.130333333,0
0.003651759,0.424493809,0.640048858,-0.637100777,-0.015681705,-1.4920535,1.277149635,0.424509516,78.68852459,0.628742534,-0.629720675,-1.001555709,2.001555709,0.325,0.6715,0
0.00341159,0.424864318,0.654159742,-0.649735788,-0.014386923,-1.490399051,1.30389553,0.424878015,97.19222462,0.636778771,-0.644067039,-1.011445526,2.011445526,0.666666667,1.004333333,0
0.016305918,0.437865611,0.842088665,-0.917284709,-0.045642412,-1.457117013,1.759373374,0.438169118,101.010101,0.822698727,-0.898035268,-1.091572453,2.091572453,0.661,0.811,1
0.003145715,0.424815179,0.6622495,-0.639349299,-0.011589362,-1.492569571,1.301598799,0.424826826,97.77294948,0.638666131,-0.63506688,-0.994364425,1.994364425,0.741666667,1.127,0
0.003075473,0.425437405,0.646073168,-0.651153501,-0.014783851,-1.490465911,1.297226669,0.425448521,117.6470588,0.557572029,-0.645952183,-1.158508946,2.158508946,0.562,0.882333333,0
0.017331712,0.444889784,0.84206829,-0.945447008,-0.07240167,-1.436595318,1.787515298,0.445227254,91.32420091,0.822944187,-0.916047154,-1.113133999,2.113133999,0.7695,1.022,1
0.013243336,0.43986359,0.820687563,-0.934051976,-0.079964013,-1.441100341,1.754739539,0.440062909,86.51766402,0.806206804,-0.920826082,-1.142171062,2.142171062,0.618,0.848,1
0.019514401,0.440400869,0.86220794,-0.96493446,-0.070036967,-1.40969978,1.8271424,0.440833004,71.81328546,0.826813899,-0.944073946,-1.141821573,2.141821573,0.4075,0.894,1
0.00426797,0.425074146,0.645359702,-0.656637599,-0.017024596,-1.496057738,1.301997301,0.425095572,108.1730769,0.636311129,-0.645160928,-1.013907974,2.013907974,0.801,1.034,0
0.003273093,0.42433239,0.659798892,-0.642474698,-0.015208952,-1.491654298,1.30227359,0.424345014,118.1102362,0.534000911,-0.637456811,-1.193737311,2.193737311,0.560333333,0.769666667,0
0.003102822,0.424870178,0.641301929,-0.657397426,-0.012981981,-1.49190134,1.298699355,0.424881508,78.48266841,0.635197811,-0.645284812,-1.015880094,2.015880094,0.326,0.679,0
0.003333959,0.423664217,0.639387477,-0.641595535,-0.014020696,-1.496151439,1.280983012,0.423677334,97.13977334,0.629162487,-0.632817029,-1.005808582,2.005808582,0.668666667,0.848,0
0.003488506,0.424746984,0.652747715,-0.661878855,-0.01225258,-1.490588642,1.31462657,0.42476131,108.3032491,0.634428874,-0.642931535,-1.013402071,2.013402071,0.794333333,1.154,0
0.020055819,0.442564676,0.879774546,-0.931585581,-0.061851118,-1.459579544,1.811360127,0.443018881,90.90909091,0.833342144,-0.888032871,-1.065628179,2.065628179,0.669,0.9945,1
0.003210336,0.425083869,0.648713121,-0.638532084,-0.009888976,-1.495881247,1.287245205,0.425095991,108.2381239,0.63129298,-0.636047719,-1.007531747,2.007531747,0.796,1.103666667,0
0.015080758,0.440991248,0.861963349,-0.924294657,-0.078679023,-1.440447944,1.786258006,0.441249034,104.8951049,0.833395805,-0.915149639,-1.098097246,2.098097246,0.668,0.8035,1
0.003579216,0.424851589,0.643728469,-0.643735392,-0.013469435,-1.494176541,1.287463861,0.424866665,104.2571677,0.63296297,-0.64206196,-1.014375231,2.014375231,0.7445,1.2015,0
0.014557068,0.441234983,0.822882737,-0.931581608,-0.073975495,-1.454612959,1.754464345,0.441475048,102.2146508,0.804153068,-0.91915093,-1.143004941,2.143004941,0.6685,1.1315,1
0.003400618,0.425403331,0.648288962,-0.645607281,-0.007925267,-1.494335648,1.293896243,0.425416923,70.71302298,0.644053069,-0.639339411,-0.992681258,1.992681258,0.435,0.539,0
0.003284268,0.424736728,0.645597291,-0.641473078,-0.011558281,-1.49000609,1.287070369,0.424749425,108.4990958,0.63728025,-0.636143607,-0.998216415,1.998216415,0.801333333,1.036666667,0
0.004129427,0.424365429,0.642982414,-0.645924827,-0.012746839,-1.490476426,1.288907241,0.42438552,78.3801437,0.640365187,-0.644371288,-1.006255963,2.006255963,0.429,0.768,0
0.003328253,0.424803972,0.645144644,-0.644715074,-0.016986105,-1.491107089,1.289859718,0.42481701,106.0070671,0.539858406,-0.642567265,-1.190251476,2.190251476,0.561,0.883,0
0.016674797,0.444931622,0.837300553,-0.948254965,-0.068720939,-1.418519278,1.785555518,0.445243974,78.22685789,0.825537528,-0.936029841,-1.13384287,2.13384287,0.489,0.9155,1
0.018951521,0.440540239,0.813297779,-0.921280887,-0.07385075,-1.452333992,1.734578666,0.440947686,103.0927835,0.800249394,-0.912886176,-1.140752099,2.140752099,0.72,1.1295,1
0.016855489,0.439437784,0.856171136,-0.957417722,-0.06497672,-1.444338678,1.813588858,0.439760928,103.926097,0.538503301,-0.925826021,-1.719257839,2.719257839,0.850666667,1.307,1
0.002978702,0.425199277,0.646821501,-0.646113765,-0.015232119,-1.494748518,1.292935266,0.42520971,97.66684753,0.635927909,-0.639940001,-1.006309036,2.006309036,0.736,1.192,0
0.016694032,0.44128675,0.846972661,-0.948848641,-0.063028351,-1.449684152,1.795821302,0.441602408,78.3801437,0.836575312,-0.916997376,-1.096132485,2.096132485,0.486,0.639,1
0.017994554,0.437885386,0.808152856,-0.959207069,-0.073078431,-1.440376923,1.767359925,0.438254966,87.59124088,0.794929197,-0.936787363,-1.178453837,2.178453837,0.567,0.966,1
0.003334927,0.425104356,0.644858217,-0.651003319,-0.012156748,-1.493483345,1.295861536,0.425117437,108.1730769,0.636081227,-0.640404463,-1.006796673,2.006796673,0.799333333,1.193,0
0.003153603,0.424259422,0.663488253,-0.638954681,-0.009669149,-1.495175239,1.302442934,0.424271142,90.09009009,0.640765173,-0.633191794,-0.988180725,1.988180725,0.7425,1.087,0
0.015740868,0.44273537,0.849571036,-0.93513769,-0.066600777,-1.426351833,1.784708726,0.443015105,117.4168297,0.727827123,-0.906000299,-1.244801507,2.244801507,0.727,0.921,1
0.002885053,0.424513901,0.653127901,-0.647344787,-0.010481504,-1.493129448,1.300472688,0.424523704,105.2631579,0.586458959,-0.64399703,-1.098110994,2.098110994,0.585333333,0.836,0
0.016473393,0.442073027,0.829522082,-0.929470944,-0.083925381,-1.408198785,1.758993026,0.442379853,98.95547004,0.554139825,-0.909544227,-1.641362317,2.641362317,0.578,0.776333333,1
0.003014937,0.424462031,0.639663075,-0.640482166,-0.014947239,-1.493632367,1.280145241,0.424472739,79.31262393,0.628569451,-0.637354709,-1.01397659,2.01397659,0.6485,1.0865,0
0.015817606,0.441644229,0.84793495,-0.986431032,-0.076687896,-1.418488793,1.834365982,0.441927394,86.95652174,0.798943652,-0.94600537,-1.184070199,2.184070199,0.5025,0.732,1
0.002897258,0.424745133,0.643239715,-0.635053063,-0.012858255,-1.492230168,1.278292778,0.424755015,72.46376812,0.636658431,-0.632472208,-0.993424695,1.993424695,0.6575,1.382,0
0.014895259,0.44229187,0.836264151,-0.91691518,-0.074651794,-1.423838832,1.753179331,0.442542616,89.88764045,0.818939647,-0.900373074,-1.099437641,2.099437641,0.8315,0.993,1
0.002666383,0.424221195,0.640128092,-0.650723354,-0.01627721,-1.49114663,1.290851446,0.424229575,97.50812568,0.630131422,-0.641251566,-1.017647341,2.017647341,0.738,1.103333333,0
0.014702786,0.441479777,0.809144967,-0.922919561,-0.080539031,-1.457027273,1.732064528,0.441724536,88.62629247,0.78766998,-0.908902993,-1.15391346,2.15391346,0.501,1.0085,1
0.004138426,0.424363343,0.64908201,-0.639646141,-0.012850832,-1.48965382,1.288728151,0.424383521,97.50812568,0.632054985,-0.63483252,-1.004394452,2.004394452,0.664,1.061,0
0.003071902,0.4246947,0.651578356,-0.64713804,-0.012182007,-1.495822917,1.298716396,0.42470581,97.50812568,0.63396634,-0.638679219,-1.007433958,2.007433958,0.664,0.915,0
0.019921717,0.443795455,0.832522424,-0.925183309,-0.073236337,-1.429005832,1.757705733,0.444242367,101.8675722,0.813883963,-0.919408322,-1.129655287,2.129655287,0.7245,0.9645,1
0.003356052,0.424855566,0.653583429,-0.648809697,-0.010284341,-1.495676308,1.302393126,0.424868821,72.50755287,0.64523164,-0.641240161,-0.993813882,1.993813882,0.6565,1.2055,0
0.004062273,0.424127317,0.639588318,-0.659472032,-0.014098438,-1.489623569,1.29906035,0.42414677,79.10349374,0.634654632,-0.655910783,-1.03349247,2.03349247,0.6465,0.8585,0
0.01382254,0.440325043,0.834592933,-0.938430341,-0.065649943,-1.442496422,1.773023274,0.440541946,77.46933505,0.789882921,-0.873743881,-1.106168848,2.106168848,0.529,0.767,1
0.017079334,0.438594238,0.803866949,-0.928420116,-0.069570735,-1.44899208,1.732287065,0.438926656,104.5296167,0.783095762,-0.915508562,-1.169088899,2.169088899,0.7265,0.8405,1
0.015408526,0.437707597,0.830798799,-0.920034319,-0.062527184,-1.470463229,1.750833118,0.437978725,89.21933086,0.801558983,-0.884381897,-1.103327285,2.103327285,0.7595,0.983,1
0.018335184,0.441184655,0.837434014,-0.942420481,-0.06246359,-1.44464661,1.779854495,0.441565486,90.42954032,0.797869624,-0.917332905,-1.149727823,2.149727823,0.8205,1.117,1
0.018179914,0.440587718,0.841156341,-0.939684622,-0.068185086,-1.442897902,1.780840963,0.440962636,101.8675722,0.765528338,-0.877842497,-1.146714567,2.146714567,0.7215,0.907,1
0.003182135,0.42486574,0.634474087,-0.652625152,-0.009375754,-1.495213931,1.287099239,0.424877656,72.24563516,0.63275803,-0.643697571,-1.017288663,2.017288663,0.654,1.2045,0
0.015717613,0.44393915,0.84728574,-0.929055018,-0.057792658,-1.436952779,1.776340758,0.444217303,70.75471698,0.816346086,-0.896845084,-1.09860891,2.09860891,0.5365,0.8895,1
0.01437887,0.442373818,0.834470042,-0.942384218,-0.061852587,-1.432776292,1.77685426,0.44260744,81.30081301,0.787872545,-0.919718757,-1.167344594,2.167344594,0.8225,1.221,1
0.002871331,0.425241637,0.63953799,-0.650700011,-0.014939023,-1.490868263,1.290238001,0.425251331,117.9554391,0.489441844,-0.647589168,-1.323117704,2.323117704,0.556,0.883333333,0
0.003356094,0.424411963,0.645671781,-0.640883186,-0.013807813,-1.490019608,1.286554967,0.424425232,89.68609865,0.630508804,-0.637884082,-1.011697343,2.011697343,0.739,0.9545,0
0.003089539,0.424635162,0.645772977,-0.642760971,-0.008723769,-1.490018003,1.288533948,0.424646401,96.82625067,0.635757,-0.640383935,-1.007277836,2.007277836,0.665,1.09,0
0.002974949,0.424424182,0.646962402,-0.646560675,-0.015236438,-1.492310611,1.293523077,0.424434608,89.61911875,0.638643647,-0.6390149,-1.000581314,2.000581314,0.745,1.085,0
0.015679937,0.443425327,0.843131707,-0.912025572,-0.078926268,-1.413042509,1.755157279,0.443702469,102.739726,0.801885282,-0.911637121,-1.136867256,2.136867256,0.673,0.906,1
0.00393996,0.424515117,0.644607942,-0.647395878,-0.012956627,-1.489013451,1.29200382,0.4245334,89.55223881,0.63904012,-0.637571686,-0.997702124,1.997702124,0.647,0.991,0
0.01462206,0.442534244,0.80148318,-0.939414323,-0.095971962,-1.416609741,1.740897503,0.442775747,77.92207792,0.794766954,-0.936014722,-1.177722246,2.177722246,0.4085,0.7355,1
0.003144333,0.424120957,0.649518011,-0.647671325,-0.015731644,-1.490090796,1.297189336,0.424132612,106.0070671,0.599120533,-0.640607025,-1.069245652,2.069245652,0.584666667,0.895666667,0
0.015908845,0.438216797,0.836231712,-0.90847041,-0.063002584,-1.45552939,1.744702122,0.438505476,91.25475285,0.791094819,-0.889026932,-1.123793141,2.123793141,0.6655,1.022,1
0.003375311,0.424502872,0.638891475,-0.640932313,-0.016786103,-1.495795285,1.279823788,0.42451629,81.13590264,0.631347346,-0.638595712,-1.011480788,2.011480788,0.7415,0.86,0
0.014768381,0.438443678,0.789349033,-0.939955673,-0.07373026,-1.4466382,1.729304706,0.438692334,83.10249307,0.785152205,-0.903452066,-1.150671246,2.150671246,0.8355,1.0065,1
0.01572263,0.440673039,0.824767526,-0.957226304,-0.068635218,-1.430277693,1.78199383,0.440953432,87.8477306,0.801777654,-0.926871978,-1.156021216,2.156021216,0.57,0.8545,1
0.002455575,0.424670979,0.64333571,-0.640303843,-0.011695151,-1.491940708,1.283639553,0.424678079,70.54673721,0.633093127,-0.638465717,-1.008486254,2.008486254,0.4305,0.954,0
0.01499527,0.444033574,0.833651401,-0.937064873,-0.073084591,-1.416464229,1.770716274,0.444286701,98.36065574,0.566919871,-0.90103679,-1.58935475,2.58935475,0.57,0.924,1
0.003584783,0.425250226,0.64119827,-0.654426067,-0.013279334,-1.490189938,1.295624337,0.425265336,97.34991888,0.630834374,-0.64858645,-1.028140629,2.028140629,0.667,0.96,0
0.016218343,0.438577012,0.840824906,-0.949247509,-0.067677239,-1.44741288,1.790072415,0.438876783,78.58546169,0.809729941,-0.935196208,-1.154948286,2.154948286,0.5645,1.0115,1
0.019438074,0.43921264,0.830946909,-0.908924314,-0.084209042,-1.418877121,1.739871223,0.439642561,103.9861352,0.640002996,-0.894290389,-1.397322192,2.397322192,0.761333333,1.133333333,1
0.003571056,0.424965875,0.650149659,-0.653228618,-0.012313621,-1.491345815,1.303378277,0.424980879,105.8201058,0.595371209,-0.643527856,-1.08088508,2.08088508,0.582,0.881,0
0.002749911,0.423245591,0.634241814,-0.645739581,-0.017963552,-1.492584295,1.279981395,0.423254524,81.46639511,0.63139026,-0.645222796,-1.02190806,2.02190806,0.883,1.34,0
0.003101047,0.424198348,0.647047253,-0.656676231,-0.013618272,-1.492819145,1.303723484,0.424209683,79.47019868,0.638635585,-0.64462553,-1.009379284,2.009379284,0.655,0.997,0
0.014247715,0.44160432,0.847333709,-0.952367145,-0.072969013,-1.43775531,1.799700854,0.441834101,88.04108584,0.805324396,-0.929292811,-1.153935997,2.153935997,0.502,0.74,1
0.002929426,0.424355973,0.657422617,-0.635639669,-0.01298478,-1.493283345,1.293062286,0.424366084,105.9446733,0.490469886,-0.632605982,-1.289795766,2.289795766,0.555666667,0.684,0
0.016712196,0.442118603,0.818115325,-0.911913085,-0.076187972,-1.426229131,1.73002841,0.442434353,81.3559322,0.805168774,-0.888316612,-1.103267589,2.103267589,0.819,0.996,1
0.002792027,0.424382588,0.640788683,-0.653265564,-0.012341527,-1.495934766,1.294054247,0.424391772,97.24473258,0.635207187,-0.644700956,-1.01494594,2.01494594,0.668,1.093,0
0.017149931,0.442469409,0.833201065,-0.909180212,-0.076892775,-1.427868754,1.742381277,0.442801646,79.6284008,0.828484806,-0.868074457,-1.047785609,2.047785609,0.618,0.859,1
0.016679373,0.440727705,0.840263992,-0.909749992,-0.067662751,-1.422880787,1.750013984,0.441043208,79.0513834,0.816062096,-0.90957758,-1.11459359,2.11459359,0.67,0.9935,1
0.002461102,0.424772329,0.642492467,-0.649570998,-0.013027746,-1.495167974,1.292063465,0.424779458,108.3684527,0.629420055,-0.640619957,-1.017794002,2.017794002,0.799,0.977,0
0.004105806,0.424854515,0.659422451,-0.640564569,-0.014424951,-1.492640133,1.29998702,0.424874354,81.19079838,0.644608478,-0.634109365,-0.983712418,1.983712418,0.745,1.1975,0
0.013410607,0.443663681,0.816358831,-0.959031684,-0.071445832,-1.406636567,1.775390515,0.443866316,94.88666315,0.515816646,-0.919915439,-1.783415572,2.783415572,0.805,1.254,1
0.003608466,0.42537375,0.657390652,-0.6481466,-0.009230048,-1.491946435,1.305537252,0.425389055,97.34991888,0.642439283,-0.635454979,-0.98912846,1.98912846,0.665666667,0.775,0
0.020833997,0.438871665,0.870704479,-0.921619488,-0.078872058,-1.446428093,1.792323967,0.4393659,89.35219657,0.824362084,-0.890351792,-1.080049421,2.080049421,0.621,1.0105,1
0.002890026,0.424121185,0.646245776,-0.636578479,-0.013439755,-1.491816178,1.282824255,0.424131031,79.10349374,0.639857766,-0.632820726,-0.989002181,1.989002181,0.3265,0.541,0
0.003715739,0.424738789,0.6465612,-0.641880467,-0.012431776,-1.491275115,1.288441667,0.424755042,118.0327869,0.502997036,-0.63890166,-1.270189712,2.270189712,0.557,0.806333333,0
0.015685819,0.442643351,0.833255261,-0.942738051,-0.092792237,-1.409419956,1.775993312,0.44292119,98.3069361,0.699370534,-0.909421158,-1.3003424,2.3003424,0.670333333,0.949333333,1
0.003088189,0.424607423,0.670499627,-0.646905035,-0.010373653,-1.492360527,1.317404662,0.424618653,78.48266841,0.646258806,-0.642091192,-0.993551168,1.993551168,0.33,0.718,0
0.002837482,0.424728312,0.640194813,-0.64488767,-0.011442505,-1.493798499,1.285082483,0.42473779,97.56097561,0.633291755,-0.642275333,-1.014185527,2.014185527,0.738333333,1.070333333,0
0.004101821,0.42462189,0.65335972,-0.665169145,-0.010290327,-1.493083227,1.318528865,0.424641701,89.08685969,0.646213477,-0.650268116,-1.006274458,2.006274458,0.6505,0.8605,0
0.016757808,0.438373872,0.817084107,-0.928738502,-0.069341561,-1.453617911,1.745822609,0.438694057,79.41760424,0.799730294,-0.916300675,-1.145762118,2.145762118,0.4925,1.013,1
0.014126547,0.43952901,0.84197264,-0.91192554,-0.065440495,-1.434549593,1.75389818,0.439755966,98.84678748,0.581692211,-0.905829006,-1.557230764,2.557230764,0.576333333,0.919,1
0.003274305,0.423910914,0.649115219,-0.645732463,-0.013293581,-1.494967157,1.294847682,0.423923559,102.915952,0.638998775,-0.642858707,-1.006040593,2.006040593,0.7435,0.956,0
0.003297768,0.424499073,0.637132153,-0.646956525,-0.014713983,-1.493156689,1.284088678,0.424511882,107.7844311,0.631260735,-0.636838584,-1.008836047,2.008836047,0.797,1.028333333,0
0.018733969,0.441193185,0.859115993,-0.920229054,-0.068839188,-1.435577419,1.779345047,0.441590747,89.21933086,0.806789656,-0.919134333,-1.139249029,2.139249029,0.8245,1.126,1
0.014711006,0.442560994,0.794391858,-0.908693248,-0.066544204,-1.443913456,1.703085106,0.442805428,104.5903544,0.67841437,-0.884530981,-1.303821116,2.303821116,0.668333333,0.858333333,1
0.016919961,0.43780051,0.838448749,-0.969765413,-0.069900577,-1.444747979,1.808214162,0.438127346,77.72020725,0.816728432,-0.894426568,-1.09513338,2.09513338,0.4095,0.5,1
0.015907601,0.440817599,0.834943653,-0.950675584,-0.08660805,-1.425739882,1.785619237,0.441104531,70.67137809,0.78688697,-0.937905182,-1.191918556,2.191918556,0.4065,0.741,1
0.002856534,0.4251767,0.650879396,-0.640543214,-0.007950219,-1.490223185,1.29142261,0.425186295,108.3684527,0.633565339,-0.6370239,-1.005458886,2.005458886,0.799666667,1.249,0
0.015359563,0.43984458,0.855095172,-0.935876084,-0.081487914,-1.427774627,1.790971256,0.44011268,77.41935484,0.790932328,-0.90950755,-1.149918289,2.149918289,0.4,0.8895,1
0.015758259,0.441083078,0.848356654,-0.99385691,-0.095124453,-1.400190876,1.842213564,0.44136448,78.2778865,0.829474658,-0.969400696,-1.168692361,2.168692361,0.6145,0.8405,1
0.015409214,0.436645982,0.832434006,-0.949949404,-0.062189943,-1.451849083,1.78238341,0.436917793,95.08716323,0.703566272,-0.929711373,-1.321426865,2.321426865,0.683666667,1.214666667,1
0.017830883,0.44239446,0.855023652,-0.911757674,-0.070081328,-1.442055065,1.766781326,0.442753655,71.77033493,0.827659581,-0.883547191,-1.067524876,2.067524876,0.489,0.76,1
0.018015575,0.437965772,0.825382531,-0.925912708,-0.062590821,-1.454904881,1.751295239,0.438336148,83.0449827,0.794735309,-0.883031697,-1.111101629,2.111101629,0.729,1.123,1
0.018928489,0.440933015,0.819102678,-0.886481353,-0.048704118,-1.471616824,1.705584031,0.441339112,70.42253521,0.81307781,-0.867035118,-1.066361801,2.066361801,0.4125,0.7435,1
0.013783424,0.43872227,0.80264337,-0.905153212,-0.070803627,-1.426424469,1.707796582,0.438938735,102.2146508,0.789704861,-0.901323932,-1.141342768,2.141342768,0.666,1.1365,1
0.003373394,0.424937532,0.651421238,-0.644191299,-0.015771841,-1.493241436,1.295612537,0.424950921,106.0070671,0.609521855,-0.641923846,-1.053159688,2.053159688,0.581,0.852,0
0.017033911,0.443440147,0.844419881,-0.938664131,-0.060829811,-1.434781495,1.783084012,0.443767189,82.41758242,0.821209676,-0.919306351,-1.119453871,2.119453871,0.7215,0.894,1
0.01798621,0.443290051,0.8370786,-0.946694685,-0.071084126,-1.435281353,1.783773285,0.44365479,102.1276596,0.771932509,-0.929132208,-1.203644356,2.203644356,0.6775,0.8395,1
0.003642306,0.42431124,0.646370225,-0.656915595,-0.012582991,-1.496844462,1.30328582,0.424326872,81.13590264,0.634611951,-0.641227614,-1.010424738,2.010424738,0.7485,0.858,0
0.002915409,0.42450566,0.646904974,-0.645401459,-0.016020163,-1.494398173,1.292306433,0.424515671,72.02881152,0.641050249,-0.641887743,-1.00130644,2.00130644,0.6545,0.859,0
0.021435789,0.442682026,0.836887696,-0.946287178,-0.073211661,-1.419506642,1.783174874,0.44320071,77.17041801,0.831280316,-0.92666749,-1.114747302,2.114747302,0.4815,0.686,1
0.002245296,0.424663968,0.648595525,-0.64933578,-0.008420004,-1.489221831,1.297931305,0.424669903,108.4337349,0.643270319,-0.639780652,-0.994575117,1.994575117,0.8,1.124333333,0
0.018118448,0.439586855,0.8614103,-0.964491586,-0.054742211,-1.437798726,1.825901886,0.43996009,70.62978222,0.834787406,-0.923450399,-1.106210267,2.106210267,0.529,1.0195,1
0.01902366,0.441822685,0.840898454,-0.944695975,-0.0779894,-1.42065325,1.785594429,0.442232049,90.49773756,0.838121355,-0.913535795,-1.089980335,2.089980335,0.768,0.9965,1
0.003423325,0.425230052,0.640026904,-0.656042391,-0.014798027,-1.493143033,1.296069295,0.425243832,103.4482759,0.63584017,-0.639003627,-1.004975239,2.004975239,0.74,0.9875,0
0.018650416,0.440803601,0.820600348,-0.915487138,-0.081501434,-1.436659359,1.736087486,0.441197975,105.1709027,0.782233118,-0.908975839,-1.162026789,2.162026789,0.7285,0.9045,1
0.003809593,0.42446047,0.64146511,-0.64509124,-0.012039096,-1.492891416,1.28655635,0.424477565,103.3591731,0.631956816,-0.639105567,-1.011312087,2.011312087,0.7465,1.069,0
0.003370883,0.423851418,0.63221229,-0.66076978,-0.012242734,-1.490665562,1.29298207,0.423864822,78.32898172,0.629130316,-0.642642563,-1.021477659,2.021477659,0.432,1.0855,0
0.003162888,0.424795091,0.638605943,-0.637389771,-0.010506971,-1.489891449,1.275995714,0.424806866,81.02633356,0.63590911,-0.635009989,-0.998586085,1.998586085,0.8835,1.301,0
0.017186044,0.442631102,0.8299212,-0.937168163,-0.065520657,-1.431957427,1.767089363,0.442964618,91.18541033,0.812711729,-0.909898508,-1.119583335,2.119583335,0.663,1.0105,1
0.003668076,0.424744456,0.657548938,-0.642026402,-0.017108471,-1.488542822,1.29957534,0.424760295,97.4025974,0.640936769,-0.638509408,-0.996212791,1.996212791,0.665666667,1.008333333,0
0.003527716,0.424202589,0.641336167,-0.652631725,-0.012474319,-1.49230562,1.293967892,0.424217258,89.82035928,0.637080936,-0.647470054,-1.016307375,2.016307375,0.523,0.771,0
0.00294424,0.424035328,0.656069027,-0.64795144,-0.01420297,-1.489536849,1.304020467,0.42404555,97.45533297,0.642552187,-0.639800248,-0.995717173,1.995717173,0.737666667,1.061333333,0
0.016532838,0.44079044,0.832624684,-0.951322363,-0.075090758,-1.439433908,1.783947047,0.441100381,105.6958309,0.69671254,-0.891251061,-1.27922351,2.27922351,0.680333333,1.064333333,1
0.002989387,0.424304292,0.659474534,-0.648560366,-0.01518826,-1.491277851,1.3080349,0.424314822,89.55223881,0.641348466,-0.646339457,-1.007782027,2.007782027,0.525,0.7195,0
0.016517537,0.439315992,0.797251193,-0.937222969,-0.067712757,-1.435250499,1.734474162,0.439626398,86.02150538,0.783205129,-0.887798738,-1.133545613,2.133545613,0.4885,0.8755,1
0.00338968,0.424738538,0.645230813,-0.65868821,-0.014212938,-1.49010354,1.303919023,0.424752064,80.48289738,0.640201324,-0.640394374,-1.000301545,2.000301545,0.7325,1.164,0
0.019161152,0.439275543,0.848157284,-0.930626758,-0.065559573,-1.427643767,1.778784042,0.439693249,105.0175029,0.732314132,-0.904454826,-1.235064007,2.235064007,0.678333333,1.000666667,1
0.013891145,0.444736657,0.842609228,-0.911323101,-0.052210558,-1.427340522,1.753932329,0.444953546,101.5228426,0.823662799,-0.895407479,-1.087104432,2.087104432,0.7205,0.897,1
0.017002962,0.438361556,0.801895639,-0.934577349,-0.071622116,-1.444042714,1.736472988,0.438691184,79.0513834,0.778665594,-0.917218839,-1.177936775,2.177936775,0.4895,0.736,1
0.019178386,0.44017018,0.819270287,-0.941376679,-0.067609597,-1.434137553,1.760646966,0.440587786,82.36101579,0.812766011,-0.925157431,-1.138282627,2.138282627,0.8275,1.0015,1
0.015246235,0.44146348,0.834907513,-0.930194263,-0.067132769,-1.433611422,1.765101776,0.441726671,91.53318078,0.798937896,-0.903130584,-1.130414001,2.130414001,0.6645,1.0095,1
0.014572438,0.441096379,0.823663859,-0.951893326,-0.073885935,-1.443861598,1.775557185,0.441337027,76.33587786,0.789602739,-0.91874372,-1.16355184,2.16355184,0.408,0.8025,1
0.003375292,0.424807097,0.65010506,-0.657843516,-0.013809986,-1.493106468,1.307948576,0.424820506,78.74015748,0.642833261,-0.653071347,-1.015926503,2.015926503,0.4345,0.7175,0
0.002463599,0.423904321,0.642216918,-0.635819974,-0.009766922,-1.495344796,1.278036892,0.423911479,79.26023778,0.632234113,-0.631838015,-0.999373493,1.999373493,0.656,1.2985,0
0.016978113,0.44430808,0.841975083,-0.95622255,-0.065144026,-1.430603083,1.798197633,0.444632349,94.2902043,0.699125356,-0.901645616,-1.289676606,2.289676606,0.701333333,0.948333333,1
0.017643064,0.438973408,0.826552449,-0.94907974,-0.054091219,-1.446239599,1.775632189,0.439327817,102.4765158,0.763746756,-0.880936178,-1.153440157,2.153440157,0.718,1.1155,1
0.018015082,0.440415781,0.83142566,-0.926947852,-0.070068974,-1.447403294,1.758373512,0.440784077,101.3513514,0.815621255,-0.920063039,-1.128051818,2.128051818,0.6615,0.899,1
0.013943114,0.441534728,0.821041087,-0.932238489,-0.037481068,-1.453175823,1.753279576,0.441754826,78.07417046,0.80441395,-0.915503965,-1.138100558,2.138100558,0.571,0.7325,1
0.017215467,0.443235195,0.837504529,-0.947016767,-0.087219508,-1.417794346,1.784521296,0.443569398,77.51937984,0.785488484,-0.922457256,-1.174374004,2.174374004,0.5405,0.846,1
0.01574169,0.441075042,0.84409297,-0.879813327,-0.071462235,-1.443485514,1.723906297,0.441355858,100.9251472,0.762005362,-0.871113159,-1.143185077,2.143185077,0.6515,1.103,1
0.015199863,0.441543731,0.841398066,-0.95439189,-0.084725651,-1.415313192,1.795789956,0.441805276,82.30452675,0.822701911,-0.910400651,-1.10659844,2.10659844,0.8245,1.184,1
0.019758789,0.43972156,0.818710826,-0.966955986,-0.0833992,-1.416205556,1.785666812,0.440165264,87.27272727,0.800548499,-0.940421679,-1.174721681,2.174721681,0.501,0.8015,1
0.003484356,0.424554001,0.655958802,-0.651693098,-0.012246932,-1.493384317,1.3076519,0.424568299,98.03921569,0.642390346,-0.638894881,-0.994558659,1.994558659,0.737333333,1.030666667,0
0.003762163,0.424494292,0.644324562,-0.643041041,-0.011784903,-1.497205055,1.287365603,0.424510963,97.66684753,0.637763309,-0.631615443,-0.99036027,1.99036027,0.670666667,0.891666667,0
0.013498475,0.443224388,0.835242697,-0.953667461,-0.068994986,-1.443619949,1.788910158,0.443429889,105.0788091,0.79634504,-0.932657261,-1.171172311,2.171172311,0.725,1.0135,1
0.017024581,0.442460243,0.830376836,-0.925199603,-0.063779749,-1.445040653,1.755576439,0.44278765,86.64259928,0.815593647,-0.893083423,-1.095010273,2.095010273,0.6175,0.6895,1
0.002884591,0.425346446,0.645806908,-0.647614869,-0.012910213,-1.494091113,1.293421777,0.425356227,89.08685969,0.636407535,-0.634154473,-0.996459718,1.996459718,0.655,0.8635,0
0.003851418,0.424707279,0.667996172,-0.651806523,-0.013422652,-1.489519218,1.319802695,0.424724742,78.48266841,0.651846661,-0.63907931,-0.980413567,1.980413567,0.329,0.861,0
0.002284306,0.424701076,0.647978233,-0.655738888,-0.00888423,-1.496483816,1.303717121,0.42470722,97.61388286,0.635304015,-0.642138089,-1.010757171,2.010757171,0.737,1.183,0
0.01394263,0.441415602,0.827285769,-0.966553084,-0.074675802,-1.427590564,1.793838853,0.441635744,94.19152276,0.689839845,-0.925164504,-1.34112941,2.34112941,0.676333333,0.956,1
0.016817578,0.439844606,0.853307503,-0.920159095,-0.061717731,-1.448153764,1.773466598,0.440166001,106.3829787,0.694999571,-0.878931649,-1.264650636,2.264650636,0.669,0.955,1
0.014124058,0.439979028,0.850789864,-0.945417332,-0.063848208,-1.443994614,1.796207196,0.440205672,90.97801365,0.81496948,-0.925831021,-1.136031524,2.136031524,0.665,0.9965,1
0.016904529,0.438735163,0.843558716,-0.931647315,-0.07148257,-1.428122282,1.775206031,0.43906071,79.26023778,0.80929629,-0.919795527,-1.136537431,2.136537431,0.5355,1.0715,1
0.003359526,0.423507896,0.649905848,-0.649299252,-0.012710867,-1.489111164,1.2992051,0.423521221,90.15777611,0.645591943,-0.639788122,-0.991010078,1.991010078,0.7435,1.1865,0
0.004104297,0.424926688,0.648474516,-0.659658971,-0.01430526,-1.494845731,1.308133487,0.424946509,97.45533297,0.637918819,-0.648950578,-1.017293359,2.017293359,0.663666667,0.944,0
0.013590519,0.444666325,0.815778014,-0.937904708,-0.08096796,-1.439166192,1.753682722,0.444873963,103.626943,0.78966286,-0.918448229,-1.163089054,2.163089054,0.67,0.8465,1
0.01654313,0.440036832,0.814561616,-0.950480243,-0.078155194,-1.432692139,1.765041859,0.440347691,78.48266841,0.80301087,-0.941835879,-1.172880609,2.172880609,0.6205,0.892,1
0.003584827,0.424867909,0.649300367,-0.639275879,-0.011758849,-1.494177936,1.288576246,0.424883033,72.02881152,0.642422502,-0.637866076,-0.992907431,1.992907431,0.6525,1.0775,0
0.017252464,0.442061976,0.848631202,-0.930983698,-0.079517087,-1.424401813,1.7796149,0.442398506,104.2571677,0.741339153,-0.90658914,-1.222907405,2.222907405,0.729,0.851,1
0.003246128,0.424361815,0.647735924,-0.649112325,-0.015491434,-1.491810564,1.296848249,0.424374231,103.8062284,0.642452907,-0.648465288,-1.009358477,2.009358477,0.739,1.0875,0
0.013080555,0.438478212,0.861710438,-0.93832823,-0.076040062,-1.424969064,1.800038668,0.438673277,106.0070671,0.571233009,-0.908934195,-1.591179398,2.591179398,0.577,0.728333333,1
0.004054299,0.42438432,0.649448953,-0.654532753,-0.013891085,-1.493714064,1.303981706,0.424403686,97.4025974,0.633717217,-0.639367903,-1.008916732,2.008916732,0.666333333,1.132666667,0
0.003182929,0.423944816,0.636662773,-0.646075661,-0.012233629,-1.491378008,1.282738434,0.423956765,79.31262393,0.633265386,-0.638976305,-1.009018207,2.009018207,0.5225,0.897,0
0.01788953,0.442342854,0.826431066,-0.925576077,-0.067587196,-1.426951693,1.752007143,0.442704457,94.58749343,0.555176719,-0.907490475,-1.634597496,2.634597496,0.577333333,0.886333333,1
0.018214127,0.440380804,0.824025442,-0.932719443,-0.097960883,-1.418444383,1.756744885,0.44075731,86.89355539,0.800478943,-0.925635063,-1.156351546,2.156351546,0.4885,0.7365,1
0.015816843,0.441915998,0.851951828,-0.931324954,-0.072279188,-1.468113869,1.783276782,0.442198961,98.57612267,0.662099707,-0.888904662,-1.342554078,2.342554078,0.701,0.948,1
0.01511072,0.43536354,0.824741238,-0.940237054,-0.067099393,-1.435819135,1.764978292,0.435625694,94.53781513,0.646821686,-0.879781137,-1.360160235,2.360160235,0.673666667,0.857666667,1
0.003665371,0.42470508,0.64283722,-0.641743932,-0.012241574,-1.491368545,1.284581152,0.424720897,108.6300543,0.631081126,-0.638249537,-1.011358938,2.011358938,0.798,1.129,0
0.003189997,0.424577356,0.644997422,-0.652662169,-0.013060193,-1.495009189,1.297659591,0.424589339,80.91706001,0.639858985,-0.64451807,-1.007281425,2.007281425,0.8815,1.2055,0
0.003965231,0.425381125,0.651505916,-0.63843352,-0.013253397,-1.490348974,1.289939436,0.425399606,80.42895442,0.641290831,-0.635645862,-0.99119749,1.99119749,0.742,1.0745,0
0.018777434,0.442587111,0.835313366,-0.920739619,-0.070824593,-1.451348071,1.756052985,0.442985263,102.3890785,0.818353718,-0.88714536,-1.084061013,2.084061013,0.662,0.7955,1
0.015706573,0.440781731,0.826331675,-0.912233268,-0.068853744,-1.453332956,1.738564943,0.441061482,77.31958763,0.812375072,-0.893821755,-1.100257487,2.100257487,0.4135,0.761,1
0.003747394,0.425319365,0.652211782,-0.65443932,-0.0154559,-1.493517766,1.306651102,0.425335873,108.4337349,0.639409068,-0.645548922,-1.009602388,2.009602388,0.801333333,0.973,0
0.003353283,0.425115015,0.647621901,-0.641125477,-0.014906764,-1.493359335,1.288747378,0.42512824,90.15777611,0.640266363,-0.636539904,-0.99417983,1.99417983,0.744,0.959,0
0.017066352,0.439305536,0.834526925,-0.929273769,-0.084673964,-1.436031591,1.763800694,0.439636912,100.6711409,0.803600687,-0.905866423,-1.127259394,2.127259394,0.669,1.0075,1
0.002834884,0.424349403,0.654133776,-0.63773596,-0.010725345,-1.492363274,1.291869736,0.424358872,97.45533297,0.498914573,-0.632434533,-1.267620887,2.267620887,0.556333333,0.744333333,0
0.019772132,0.439972513,0.834379332,-0.949542289,-0.066549578,-1.428995293,1.783921621,0.440416563,102.2146508,0.828967881,-0.88786349,-1.071046912,2.071046912,0.7175,1.017,1
0.003987611,0.424166101,0.653945618,-0.648331504,-0.010574921,-1.496390901,1.302277122,0.424184844,105.9446733,0.513404213,-0.633170131,-1.23327802,2.23327802,0.557,0.885333333,0
0.002691722,0.424645013,0.640956322,-0.651760742,-0.014308321,-1.492403672,1.292717064,0.424653544,108.0432173,0.634537449,-0.64651797,-1.018880716,2.018880716,0.800666667,0.97,0
0.00321313,0.42393893,0.638228825,-0.644117745,-0.009933839,-1.493855688,1.28234657,0.423951107,108.7613293,0.62807172,-0.637770339,-1.015441897,2.015441897,0.804,0.976333333,0
0.012302775,0.443297686,0.838977557,-0.935112597,-0.065783566,-1.416854532,1.774090154,0.443468372,77.92207792,0.810680036,-0.915921252,-1.129818437,2.129818437,0.824,0.995,1
0.003708458,0.424893456,0.653242092,-0.647194781,-0.015640494,-1.492148874,1.300436873,0.42490964,80.75370121,0.638660171,-0.644206901,-1.008684947,2.008684947,0.741,1.2055,0
0.003432749,0.423570791,0.649688964,-0.642409356,-0.016798428,-1.491194545,1.29209832,0.423584701,80.86253369,0.641149734,-0.641188106,-1.000059848,2.000059848,0.8875,1.299,0
0.002863489,0.424394365,0.641283059,-0.653997759,-0.014022334,-1.49097963,1.295280818,0.424404025,78.74015748,0.63851033,-0.642682922,-1.006534885,2.006534885,0.3235,0.426,0
0.016125379,0.441412084,0.876128474,-0.92296378,-0.069804986,-1.422905868,1.799092254,0.441706526,77.72020725,0.809516401,-0.89848809,-1.109907209,2.109907209,0.488,0.727,1
0.015513458,0.442690482,0.858168441,-0.928218881,-0.078436151,-1.406898485,1.786387322,0.442962222,77.92207792,0.838050298,-0.900490208,-1.07450616,2.07450616,0.414,0.9075,1
0.003653754,0.424826194,0.642201047,-0.649894241,-0.009766059,-1.491446578,1.292095288,0.424841906,70.42253521,0.640972163,-0.647902381,-1.010812041,2.010812041,0.433,1.092,0
0.015271961,0.439709486,0.809440451,-0.917623584,-0.057749126,-1.461815901,1.727064035,0.439974619,77.82101167,0.779690015,-0.895384727,-1.148385525,2.148385525,0.405,0.7515,1
0.002960529,0.424292776,0.647013027,-0.654434114,-0.013024045,-1.492061222,1.301447141,0.424303104,89.61911875,0.638630818,-0.650211736,-1.01813398,2.01813398,0.5245,0.9565,0
0.013447335,0.441999859,0.845125281,-0.968865255,-0.092947549,-1.4037472,1.813990536,0.442204372,79.52286282,0.804285199,-0.940944169,-1.16991357,2.16991357,0.502,0.582,1
0.003455913,0.424947671,0.667988023,-0.642803507,-0.014091147,-1.493382226,1.31079153,0.424961724,108.1081081,0.647250825,-0.635147182,-0.981299919,1.981299919,0.799,1.067666667,0
0.017080169,0.441811015,0.806934572,-0.926690033,-0.0864079,-1.42385233,1.733624605,0.442141047,117.1112557,0.728173537,-0.907406829,-1.246140904,2.246140904,0.734666667,0.896333333,1
0.003463484,0.423872259,0.653557903,-0.639520442,-0.013754108,-1.491535607,1.293078345,0.423886409,108.6300543,0.635142933,-0.628159573,-0.989005058,1.989005058,0.799666667,1.002333333,0
0.003667173,0.424248108,0.647776822,-0.653174214,-0.013223052,-1.491180857,1.300951036,0.424263957,105.6958309,0.583768149,-0.64262218,-1.100817475,2.100817475,0.585333333,1.035666667,0
0.015402634,0.440652052,0.821530429,-0.940784724,-0.080798876,-1.418413996,1.762315153,0.440921163,77.56948933,0.794140862,-0.922674176,-1.161852034,2.161852034,0.4135,0.834,1
0.013919192,0.441405547,0.828434111,-0.941217537,-0.06274129,-1.417450337,1.769651648,0.441624955,92.30769231,0.807981835,-0.925729942,-1.14573113,2.14573113,0.7755,1.186,1
0.014447362,0.440583577,0.834540343,-0.925158311,-0.071379449,-1.432346799,1.759698654,0.440820388,78.58546169,0.830626536,-0.921575113,-1.109493945,2.109493945,0.415,0.687,1
0.003094568,0.424491081,0.662817009,-0.646792709,-0.013105887,-1.49476859,1.309609718,0.424502361,97.19222462,0.638086867,-0.639677486,-1.002492794,2.002492794,0.737,1.248333333,0
0.003256714,0.424984723,0.649972227,-0.648968896,-0.01145226,-1.490394139,1.298941123,0.424997201,97.50812568,0.642128814,-0.641907234,-0.999654929,1.999654929,0.738,1.102666667,0
0.00280969,0.42445653,0.660024128,-0.642764446,-0.010933956,-1.492177037,1.302788574,0.424465829,89.61911875,0.647237464,-0.640137253,-0.989029974,1.989029974,0.741,1.207,0
0.003210535,0.424307917,0.635648655,-0.646869138,-0.014095219,-1.496145275,1.282517793,0.424320063,81.02633356,0.628901697,-0.644708953,-1.0251347,2.0251347,0.8875,1.446,0
0.018006181,0.438962883,0.805996593,-0.922251641,-0.074886859,-1.430991787,1.728248234,0.439332033,79.52286282,0.7851296,-0.915689748,-1.166291206,2.166291206,0.5695,0.641,1
0.014305971,0.440948914,0.839745878,-0.922961759,-0.067533543,-1.457677494,1.762707637,0.441180921,86.83068017,0.809834249,-0.917083932,-1.132434116,2.132434116,0.4845,1.014,1
0.003916832,0.424698948,0.650960609,-0.667288278,-0.01323227,-1.490392779,1.318248887,0.424717009,105.5718475,0.596088289,-0.653461199,-1.096249014,2.096249014,0.583,0.898333333,0
0.004040953,0.425354926,0.651351861,-0.643292858,-0.010304996,-1.488883857,1.294644719,0.42537412,88.88888889,0.642106067,-0.637332003,-0.992564991,1.992564991,0.646,1.076,0
0.003514352,0.424793355,0.647720263,-0.642802394,-0.012570319,-1.495495207,1.290522657,0.424807892,81.24576845,0.635774831,-0.638356701,-1.004060982,2.004060982,0.745,1.185,0
0.013076606,0.443156812,0.857602665,-0.953165249,-0.062791387,-1.446707201,1.810767914,0.443349701,77.41935484,0.821409178,-0.918715048,-1.118462116,2.118462116,0.409,0.8005,1
0.013545522,0.441375698,0.820585033,-0.937201949,-0.071978941,-1.414665528,1.757786982,0.441583501,71.13218731,0.816079516,-0.919353485,-1.126548904,2.126548904,0.538,1.0205,1
0.018823881,0.444382981,0.838610148,-0.924742815,-0.071454818,-1.431656199,1.763352963,0.444781489,86.58008658,0.820506279,-0.918785179,-1.119778365,2.119778365,0.4945,0.8535,1
0.004256499,0.424040867,0.650577306,-0.640747473,-0.01621032,-1.495995192,1.291324779,0.42406223,78.3801437,0.636401833,-0.636803301,-1.000630839,2.000630839,0.43,0.7215,0
0.01461667,0.442678514,0.846607558,-0.932824829,-0.067903776,-1.435469046,1.779432387,0.44291976,78.17589577,0.840864821,-0.926886888,-1.102301897,2.102301897,0.7195,0.8895,1
0.013267795,0.440684707,0.831411118,-0.92241916,-0.077430098,-1.443787876,1.753830278,0.44088439,102.5641026,0.805618154,-0.902542599,-1.12031065,2.12031065,0.678,1.0205,1
0.016332652,0.440908937,0.85616306,-0.928478211,-0.062505122,-1.414391687,1.784641271,0.44121134,72.63922518,0.834820702,-0.899837009,-1.077880564,2.077880564,0.669,1.224,1
0.003303588,0.424678052,0.647863484,-0.639994127,-0.01302265,-1.491106825,1.287857611,0.424690901,103.3591731,0.640536177,-0.638891375,-0.997432147,1.997432147,0.7405,0.8615,0
0.017523781,0.442996927,0.840388423,-0.949870436,-0.070130185,-1.418066263,1.790258859,0.443343389,77.41935484,0.817901496,-0.892019101,-1.090619231,2.090619231,0.542,0.984,1
0.003553395,0.425476526,0.642750809,-0.650942514,-0.013881878,-1.493246549,1.293693323,0.425491364,89.48545861,0.638914425,-0.647607722,-1.013606356,2.013606356,0.7435,1.0875,0
0.016546424,0.441119201,0.843795252,-0.959486813,-0.059472689,-1.430198597,1.803282065,0.441429421,77.97270955,0.824785518,-0.947254618,-1.148485997,2.148485997,0.416,0.6865,1
0.003752771,0.424245404,0.654398078,-0.642207163,-0.012916591,-1.489875415,1.296605241,0.424262002,108.1730769,0.638731676,-0.633100983,-0.991184573,1.991184573,0.795333333,1.032666667,0
0.003698774,0.424179319,0.648661977,-0.639619175,-0.008736176,-1.49335593,1.288281152,0.424195445,72.28915663,0.638674072,-0.635965626,-0.995759267,1.995759267,0.6495,1.0755,0
0.002953502,0.424240887,0.639980696,-0.672230387,-0.009748327,-1.491021306,1.312211083,0.424251168,108.2381239,0.627458815,-0.65485893,-1.043668387,2.043668387,0.802333333,1.184,0
0.01683441,0.438874691,0.859652255,-0.919583977,-0.065287057,-1.45954008,1.779236232,0.43919744,101.4370245,0.78014457,-0.894699113,-1.146837583,2.146837583,0.6585,0.8135,1
0.014916477,0.441057682,0.823988287,-0.938428176,-0.057721695,-1.434625109,1.762416463,0.441309846,105.8201058,0.526429525,-0.930907519,-1.768342152,2.768342152,0.580666667,0.911,1
0.002962399,0.423594459,0.653475562,-0.645409687,-0.011199945,-1.493329907,1.298885249,0.423604818,81.08108108,0.640129198,-0.641484019,-1.00211648,2.00211648,0.8845,1.381,0
0.012124062,0.44092326,0.855146487,-0.91458493,-0.072176037,-1.458082102,1.769731417,0.441089916,91.67303285,0.817043946,-0.897286051,-1.098210268,2.098210268,0.7765,1.011,1
0.014630484,0.438610494,0.827123476,-0.935866874,-0.062823961,-1.433882508,1.76299035,0.438854437,91.39375476,0.808991907,-0.928235515,-1.147397777,2.147397777,0.7215,1.0035,1
0.012443082,0.442068239,0.847221509,-0.954451535,-0.092381842,-1.428236993,1.801673044,0.442243324,87.97653959,0.815599081,-0.918944741,-1.126711349,2.126711349,0.6205,1.0135,1
0.019220175,0.440151394,0.860889777,-0.908268418,-0.066513691,-1.436322795,1.769158195,0.440570839,91.11617312,0.830896581,-0.884603032,-1.064636746,2.064636746,0.7655,0.9965,1
0.004149085,0.425752953,0.659342449,-0.650531791,-0.01018242,-1.490369815,1.30987424,0.425773169,89.61911875,0.648977652,-0.643550491,-0.991637368,1.991637368,0.745,1.0745,0
0.015250406,0.44059618,0.855950857,-0.947653269,-0.066541458,-1.442618518,1.803604126,0.440860033,78.07417046,0.787304227,-0.902031424,-1.145721556,2.145721556,0.83,1.2165,1
0.002435214,0.4246555,0.654308899,-0.642374758,-0.01269908,-1.493809972,1.296683657,0.424662482,106.0070671,0.581811371,-0.632948672,-1.087893265,2.087893265,0.567666667,0.921,0
0.015457799,0.438891417,0.847841234,-0.945565021,-0.048115042,-1.466071752,1.793406255,0.439163545,87.97653959,0.798293101,-0.908866327,-1.138512066,2.138512066,0.487,0.7495,1
0.002705763,0.424599499,0.650013875,-0.655947458,-0.011227585,-1.491635058,1.305961333,0.42460812,89.48545861,0.642248162,-0.635773898,-0.989919373,1.989919373,0.52,0.961,0
0.019245689,0.442354818,0.825149152,-0.942951982,-0.080377016,-1.421112075,1.768101134,0.442773285,78.99934167,0.811915364,-0.932897974,-1.149008893,2.149008893,0.724,1.212,1
0.003691532,0.424568118,0.651801483,-0.649929151,-0.011517062,-1.493461806,1.301730634,0.424584167,108.4337349,0.644234147,-0.636628997,-0.988195053,1.988195053,0.800666667,1.181,0
0.015900575,0.440340051,0.846010923,-0.938089653,-0.072094933,-1.43030171,1.784100576,0.440627041,70.83825266,0.837991751,-0.919661973,-1.097459457,2.097459457,0.411,0.5835,1
0.00354994,0.425253958,0.64865737,-0.643461601,-0.010723497,-1.486712636,1.292118971,0.425268775,105.5718475,0.612331869,-0.633991039,-1.03537162,2.03537162,0.581666667,0.893666667,0
0.003718586,0.424762992,0.640572351,-0.655923869,-0.015014323,-1.492972353,1.29649622,0.424779268,97.34991888,0.635049662,-0.642111771,-1.011120562,2.011120562,0.665333333,1.011,0
0.002941807,0.424303235,0.646045361,-0.643607961,-0.013395747,-1.492856214,1.289653322,0.424313433,106.0070671,0.529824879,-0.639114027,-1.206274097,2.206274097,0.560333333,0.972333333,0
0.015246284,0.438539649,0.813070103,-0.926996039,-0.079938381,-1.444152351,1.740066142,0.438804595,106.5719361,0.669075612,-0.89181073,-1.33289977,2.33289977,0.672,0.889333333,1
0.014713269,0.440987633,0.825062459,-0.917460958,-0.070027209,-1.440420168,1.742523417,0.441233014,101.6088061,0.78754397,-0.912590737,-1.15878068,2.15878068,0.6645,0.9025,1
0.004015085,0.42514281,0.642495272,-0.653301069,-0.010303921,-1.493680737,1.295796341,0.425161769,79.0513834,0.639742101,-0.648640038,-1.013908631,2.013908631,0.652,1.0865,0
0.017031586,0.440296767,0.840431666,-0.925442503,-0.080210384,-1.433625199,1.765874169,0.440626052,106.5088757,0.568233507,-0.886065895,-1.559334119,2.559334119,0.575666667,0.823666667,1
0.002775459,0.425053035,0.643260052,-0.644638714,-0.014792235,-1.492488497,1.287898766,0.425062097,106.0070671,0.594208397,-0.639093831,-1.075538203,2.075538203,0.584666667,0.912666667,0
0.003673781,0.424684274,0.650884708,-0.648425045,-0.011196975,-1.491444619,1.299309753,0.424700164,97.19222462,0.63641716,-0.638086388,-1.002622853,2.002622853,0.738,1.011,0
0.015061396,0.44166317,0.86688492,-0.921237591,-0.057573487,-1.442513092,1.788122511,0.441919903,78.53403141,0.829687465,-0.897418412,-1.08163429,2.08163429,0.8315,0.989,1
0.015141814,0.443967032,0.874807837,-0.942030366,-0.075214677,-1.406830853,1.816838203,0.444225168,78.3801437,0.8274274,-0.939399795,-1.135325945,2.135325945,0.489,0.809,1
0.003482953,0.425527352,0.648055845,-0.677774951,-0.012488453,-1.493496209,1.325830796,0.425541606,89.61911875,0.640777998,-0.658160187,-1.027126694,2.027126694,0.653,0.9555,0
0.003354307,0.424675054,0.644231854,-0.658870628,-0.011770251,-1.492087848,1.303102482,0.424688301,89.75317876,0.635652363,-0.64572802,-1.015850892,2.015850892,0.522,0.8675,0
0.003318033,0.424742463,0.636386853,-0.640641949,-0.012620269,-1.495615773,1.277028802,0.424755423,80.80808081,0.632723747,-0.636090035,-1.005320312,2.005320312,0.878,1.2655,0
0.003003326,0.424700466,0.645406058,-0.644181067,-0.012679795,-1.491347801,1.289587125,0.424711085,97.82608696,0.632876946,-0.640490955,-1.012030788,2.012030788,0.737666667,1.069333333,0
0.014408261,0.442179464,0.838870961,-0.894946585,-0.06961182,-1.442101916,1.733817546,0.442414145,94.04388715,0.664142562,-0.888331566,-1.337561568,2.337561568,0.699,0.96,1
0.002183725,0.4243297,0.637026419,-0.647169954,-0.014721238,-1.491538986,1.284196373,0.424335319,80.75370121,0.631380988,-0.646008982,-1.023168252,2.023168252,0.7415,0.8585,0
0.003189927,0.424169287,0.643199611,-0.656122079,-0.015997188,-1.491578037,1.29932169,0.424181281,102.915952,0.634835498,-0.64579913,-1.017270036,2.017270036,0.7445,0.9595,0
0.003109475,0.424077019,0.63853422,-0.643888277,-0.010649861,-1.493010818,1.282422497,0.424088418,79.41760424,0.635615157,-0.635601775,-0.999978946,1.999978946,0.529,1.1905,0
0.002093202,0.425252324,0.640523317,-0.652916212,-0.013474076,-1.496001337,1.293439529,0.425257475,79.26023778,0.634348911,-0.646489887,-1.019139271,2.019139271,0.5225,0.6325,0
0.003414714,0.423812243,0.639040481,-0.643475834,-0.01547878,-1.493059249,1.282516315,0.423825999,107.7844311,0.632914933,-0.639069257,-1.009723777,2.009723777,0.801666667,1.197,0
0.003549915,0.424413058,0.652971847,-0.655381478,-0.010797077,-1.493136755,1.308353325,0.424427904,105.0788091,0.553708813,-0.640406698,-1.156576675,2.156576675,0.561,0.745666667,0
0.013468121,0.439374626,0.852949682,-0.957049949,-0.06225351,-1.429710077,1.809999631,0.439580997,87.97653959,0.823959746,-0.926115532,-1.123981525,2.123981525,0.5685,1.0155,1
0.003647978,0.424216195,0.649605679,-0.645267454,-0.008575614,-1.493072726,1.294873133,0.42423188,89.75317876,0.641902378,-0.634876191,-0.98905412,1.98905412,0.5255,0.989,0
0.019507858,0.440211346,0.835059936,-0.92825222,-0.057306841,-1.43955871,1.763312156,0.440643377,92.30769231,0.811623665,-0.9111066,-1.122572737,2.122572737,0.7195,1.017,1
0.010868933,0.439977049,0.826868659,-0.935857883,-0.064676985,-1.431658292,1.762726542,0.440111278,70.25761124,0.806093828,-0.90993827,-1.128824262,2.128824262,0.4045,0.6515,1
0.015358716,0.439301374,0.836038748,-0.933891873,-0.075874558,-1.432078581,1.769930621,0.439569776,104.4083527,0.700781739,-0.908448457,-1.296335801,2.296335801,0.763333333,1.200333333,1
0.016327858,0.442100814,0.826765383,-0.967014852,-0.075244016,-1.440600809,1.793780235,0.442402225,90.63444109,0.815442643,-0.92097423,-1.129416322,2.129416322,0.8255,0.995,1
0.003439621,0.424421027,0.651073515,-0.66463328,-0.01356691,-1.490381593,1.315706795,0.424434964,97.66684753,0.637678061,-0.649551093,-1.018619164,2.018619164,0.669,0.839333333,0
0.016550727,0.439340499,0.825753306,-0.935846092,-0.061077891,-1.450243824,1.761599398,0.439652136,90.42954032,0.821800013,-0.9016171,-1.097124708,2.097124708,0.6625,0.8595,1
0.016730908,0.44081182,0.861183353,-0.931787619,-0.07087674,-1.438559507,1.792970972,0.441129215,87.46355685,0.826993144,-0.89234318,-1.079021255,2.079021255,0.489,0.736,1
0.014746117,0.443902865,0.829689065,-0.89680397,-0.063067975,-1.423872093,1.726493035,0.444147725,86.58008658,0.817504279,-0.890166524,-1.088883014,2.088883014,0.5655,0.743,1
0.00337224,0.424216347,0.633722516,-0.644048968,-0.013228266,-1.496649682,1.277771484,0.42422975,89.21933086,0.632046304,-0.639049877,-1.01108079,2.01108079,0.5225,0.7225,0
0.017847321,0.443820138,0.839822602,-0.964554617,-0.103142163,-1.411054813,1.804377219,0.44417884,87.78346745,0.798137121,-0.934600105,-1.170976867,2.170976867,0.5715,1.0195,1
0.003482536,0.424232868,0.640961317,-0.65489496,-0.013716167,-1.492688326,1.295856277,0.424247162,79.0513834,0.633858949,-0.643966107,-1.015945438,2.015945438,0.33,0.7175,0
0.016044305,0.441919285,0.850616371,-0.921468978,-0.083823264,-1.434714034,1.772085349,0.442210441,70.71302298,0.832464824,-0.907863425,-1.090572718,2.090572718,0.4145,0.791,1
0.013343842,0.443109563,0.855821014,-0.944940886,-0.079082499,-1.415439756,1.8007619,0.443310436,78.63695937,0.832755795,-0.903907855,-1.085441687,2.085441687,0.6695,1.0155,1
0.016355057,0.443711892,0.842983796,-0.915731806,-0.086238455,-1.443780599,1.758715602,0.44401321,78.3801437,0.808304946,-0.893379427,-1.105250476,2.105250476,0.833,1.266,1
0.002924106,0.425100063,0.650305083,-0.653220625,-0.010521071,-1.489981003,1.303525708,0.42511012,108.4337349,0.636494788,-0.643140931,-1.010441787,2.010441787,0.801333333,1.128333333,0
0.01700335,0.446300406,0.846041904,-0.945983124,-0.095901457,-1.395268866,1.792025028,0.446624189,79.0513834,0.816117794,-0.944291174,-1.157052549,2.157052549,0.4995,0.7945,1
0.00334538,0.424969935,0.650194511,-0.642246701,-0.010563007,-1.491805685,1.292441212,0.424983103,81.19079838,0.643654365,-0.634800654,-0.986244619,1.986244619,0.741,1.187,0
0.003295867,0.424363748,0.653258678,-0.643070564,-0.017057541,-1.492601187,1.296329242,0.424376546,97.66684753,0.640068696,-0.630466322,-0.9849979,1.9849979,0.739333333,0.973333333,0
0.017730342,0.442495344,0.842450927,-0.919218696,-0.073029364,-1.415152864,1.761669623,0.44285042,100.5867561,0.821803063,-0.916087053,-1.114728204,2.114728204,0.7205,0.885,1
0.020745794,0.438750142,0.845474288,-0.90005849,-0.067197051,-1.467319153,1.745532778,0.439240338,70.96392667,0.827730183,-0.893482271,-1.079436619,2.079436619,0.416,0.751,1
0.003363651,0.424613841,0.641867275,-0.637001178,-0.012888343,-1.491591541,1.278868453,0.424627163,89.61911875,0.633835419,-0.630264313,-0.994365879,1.994365879,0.522,0.86,0
0.003340606,0.424843678,0.646580496,-0.656713896,-0.016871697,-1.492351568,1.303294392,0.424856811,89.55223881,0.640167118,-0.631343481,-0.986216666,1.986216666,0.5245,0.8135,0
0.003455579,0.423894102,0.649762622,-0.657070655,-0.011979827,-1.493339413,1.306833277,0.423908186,105.5099648,0.547616524,-0.644941426,-1.177724553,2.177724553,0.563,0.914666667,0
0.003301438,0.424694756,0.641398273,-0.666314772,-0.012417169,-1.49162547,1.307713045,0.424707588,97.61388286,0.631605374,-0.651860099,-1.032068639,2.032068639,0.738333333,1.002666667,0
0.015725333,0.438636344,0.835366482,-0.962720479,-0.059303751,-1.433523106,1.798086961,0.438918134,76.92307692,0.830646068,-0.916291463,-1.103106964,2.103106964,0.409,0.751,1
0.002654661,0.424932323,0.652464171,-0.638644779,-0.014410038,-1.492720534,1.29110895,0.424940616,105.7579318,0.605395815,-0.63196709,-1.043890748,2.043890748,0.583666667,0.973666667,0
0.003951951,0.424115753,0.652984114,-0.648238317,-0.012769081,-1.494793668,1.301222431,0.424134165,97.2972973,0.638174307,-0.640327961,-1.003374711,2.003374711,0.665666667,0.774,0
0.003502179,0.424184509,0.641873332,-0.643584928,-0.015126035,-1.493456422,1.28545826,0.424198966,103.2702238,0.637704092,-0.638296114,-1.000928364,2.000928364,0.743,1.2055,0
0.017030886,0.441052118,0.841206292,-0.963765636,-0.069545765,-1.428303125,1.804971928,0.441380813,82.36101579,0.820947208,-0.891939106,-1.086475595,2.086475595,0.8345,1.166,1
0.01252782,0.440669011,0.821439796,-0.914656969,-0.078136297,-1.40579105,1.736096765,0.440847052,78.125,0.769150341,-0.910870255,-1.184255153,2.184255153,0.8275,1.2195,1
0.002436307,0.424410585,0.665641119,-0.644316785,-0.010522724,-1.49300887,1.309957904,0.424417577,108.4337349,0.639886932,-0.630172523,-0.984818554,1.984818554,0.799,0.971666667,0
0.016855822,0.439769952,0.787619373,-0.923885295,-0.068332295,-1.440511682,1.711504668,0.440092865,93.09542281,0.786373727,-0.909409156,-1.15645923,2.15645923,0.7745,1.1225,1
0.013899652,0.439960846,0.823416764,-0.958734941,-0.073864087,-1.421900129,1.782151705,0.440180357,70.58823529,0.814787057,-0.948207387,-1.163748711,2.163748711,0.4865,0.6005,1
0.003008581,0.424543067,0.655375391,-0.651271533,-0.013474121,-1.494481254,1.306646924,0.424553727,72.37635706,0.639309003,-0.644426388,-1.008004555,2.008004555,0.657,0.7635,0
0.015268725,0.440900475,0.835592277,-0.919733597,-0.076947517,-1.426597522,1.755325874,0.44116478,78.63695937,0.807504183,-0.918230503,-1.137121668,2.137121668,0.4985,0.8435,1
0.003743262,0.425220883,0.640848443,-0.657105733,-0.015133618,-1.492897678,1.297954176,0.425237359,97.66684753,0.633398182,-0.64719403,-1.021780688,2.021780688,0.742,0.977,0
0.016681908,0.439783919,0.837573842,-0.933386861,-0.07270141,-1.435148263,1.770960703,0.440100195,90.49773756,0.805226799,-0.908997307,-1.128871155,2.128871155,0.827,0.9995,1
0.02073845,0.442684243,0.833541365,-0.942422808,-0.085892408,-1.438107007,1.775964173,0.443169744,71.42857143,0.820082398,-0.917566412,-1.118870998,2.118870998,0.4875,0.9,1
0.015187382,0.441445728,0.821195461,-0.944227113,-0.061181217,-1.441749102,1.765422574,0.441706902,103.7463977,0.720217247,-0.893723693,-1.240908486,2.240908486,0.752333333,0.954666667,1
0.017753099,0.443788081,0.841573818,-0.935532536,-0.06431887,-1.43072059,1.777106354,0.444143032,89.82035928,0.786200971,-0.90647539,-1.152981773,2.152981773,0.835,1.219,1
0.015941589,0.441627029,0.862763423,-0.920037144,-0.070873645,-1.420346404,1.782800567,0.44191466,77.82101167,0.810146022,-0.8935782,-1.102984124,2.102984124,0.4065,0.747,1
0.002795045,0.423945371,0.652195169,-0.661292941,-0.015357755,-1.492152282,1.31348811,0.423954585,78.99934167,0.638310322,-0.64674366,-1.013211971,2.013211971,0.3325,0.536,0
0.003430978,0.424762488,0.646593426,-0.644241733,-0.012689509,-1.496930131,1.290835159,0.424776345,78.63695937,0.641353446,-0.640213718,-0.998222933,1.998222933,0.3265,0.7215,0
0.003471244,0.424767251,0.644472516,-0.657231683,-0.011485803,-1.492110659,1.301704199,0.424781434,97.4025974,0.630927739,-0.627412424,-0.994428339,1.994428339,0.666333333,0.838,0
0.003501394,0.424559764,0.657908898,-0.639919675,-0.011214487,-1.493416377,1.297828573,0.424574202,108.6300543,0.641370296,-0.632025734,-0.985430317,1.985430317,0.799,0.910333333,0
0.003086139,0.424448094,0.654765824,-0.641730586,-0.013213306,-1.493796715,1.29649641,0.424459313,70.38123167,0.643033414,-0.637675256,-0.991667371,1.991667371,0.43,0.7685,0
0.014936846,0.440067335,0.82300719,-0.916659369,-0.062603513,-1.443365251,1.739666559,0.440320757,78.22685789,0.816957558,-0.904385077,-1.107015985,2.107015985,0.427,0.497,1
0.00292291,0.424909074,0.65118084,-0.64650548,-0.010844727,-1.490995898,1.29768632,0.424919127,97.66684753,0.636015181,-0.644620673,-1.013530324,2.013530324,0.669666667,0.948,0
0.016305719,0.438425307,0.839860847,-0.890199209,-0.064142156,-1.447703323,1.730060056,0.438728419,108.3032491,0.74351383,-0.885449152,-1.190898026,2.190898026,0.732333333,1.021666667,1
0.016263074,0.441817813,0.844079973,-0.919189291,-0.072656147,-1.420576083,1.763269264,0.442117029,77.02182285,0.81426156,-0.893471755,-1.097278564,2.097278564,0.5315,0.7695,1
0.002991135,0.423985363,0.640008758,-0.647572236,-0.010416441,-1.494335069,1.287580994,0.423995914,89.48545861,0.631203396,-0.642598572,-1.018053096,2.018053096,0.7415,1.071,0
0.014574759,0.442694393,0.854001083,-0.881886053,-0.057393986,-1.435365723,1.735887136,0.44293425,104.0462428,0.68474688,-0.881442575,-1.287253144,2.287253144,0.759333333,1.093333333,1
0.003226637,0.423249928,0.643266383,-0.661971487,-0.014634998,-1.489520177,1.30523787,0.423262227,80.86253369,0.636800144,-0.650319673,-1.021230411,2.021230411,0.8845,1.515,0
0.013703275,0.443390418,0.832096483,-0.900208201,-0.077371861,-1.425695286,1.732304684,0.443602122,82.24811515,0.797274237,-0.899391959,-1.12808356,2.12808356,0.825,1.135,1
0.015272255,0.441478786,0.838389325,-0.978025406,-0.074008087,-1.412253566,1.816414731,0.441742867,116.4294955,0.702508397,-0.92090184,-1.310876629,2.310876629,0.727333333,0.959,1
0.003362511,0.424367068,0.641513206,-0.662420074,-0.01336773,-1.493059804,1.30393328,0.42438039,79.15567282,0.637421102,-0.649625006,-1.019145748,2.019145748,0.5255,0.9,0
0.01689213,0.440603997,0.854990357,-0.946538778,-0.068238996,-1.43649151,1.801529135,0.440927688,87.59124088,0.823764337,-0.916185542,-1.112193744,2.112193744,0.4945,0.8485,1
0.00290771,0.424564395,0.65296806,-0.651903687,-0.011354301,-1.493837023,1.304871747,0.424574352,117.7240026,0.523333159,-0.639257305,-1.22151118,2.22151118,0.557333333,0.761666667,0
0.003007088,0.424478646,0.638645145,-0.636064126,-0.014347022,-1.493764621,1.274709271,0.424489297,89.41877794,0.636378655,-0.630836265,-0.991290735,1.991290735,0.5245,0.9575,0
0.015763804,0.443288379,0.840307837,-0.927342303,-0.064137767,-1.443632181,1.76765014,0.443568579,104.4689495,0.725185506,-0.897539642,-1.237669031,2.237669031,0.732666667,1.04,1
0.017464954,0.441688479,0.857620811,-0.923244824,-0.048434352,-1.441492528,1.780865635,0.442033637,91.46341463,0.852331776,-0.909266656,-1.066798963,2.066798963,0.721,0.97,1
0.019444109,0.442054233,0.885333989,-0.935386043,-0.064947292,-1.440401126,1.820720032,0.442481659,91.74311927,0.841466511,-0.927163101,-1.101841949,2.101841949,0.721,0.891,1
0.014338377,0.437629313,0.842426808,-0.911084637,-0.06749797,-1.419243983,1.753511445,0.437864139,78.32898172,0.830356806,-0.900348412,-1.084291,2.084291,0.4075,0.604,1
0.003006579,0.424188405,0.645839778,-0.640409942,-0.012075567,-1.491851256,1.28624972,0.42419906,97.50812568,0.638068025,-0.635456069,-0.995906462,1.995906462,0.736666667,1.159333333,0
0.012524584,0.441972095,0.808121454,-0.969505265,-0.075025147,-1.426727965,1.777626719,0.44214952,81.799591,0.805032314,-0.945516846,-1.174507942,2.174507942,0.766,1.396,1
0.002662098,0.424678444,0.640558886,-0.654870823,-0.009174564,-1.48922841,1.295429709,0.424686787,97.2972973,0.635828147,-0.642759576,-1.010901419,2.010901419,0.736666667,0.941333333,0
0.003255628,0.424962385,0.652874397,-0.6485293,-0.012103822,-1.489759605,1.301403697,0.424974856,78.07417046,0.646575969,-0.641810005,-0.992628919,1.992628919,0.422,0.8585,0
0.016105489,0.439747557,0.825349643,-0.881729822,-0.069222576,-1.454351292,1.707079465,0.440042385,103.4482759,0.714596515,-0.874927709,-1.224366046,2.224366046,0.749666667,0.956666667,1
0.003075526,0.424483521,0.64101473,-0.646755643,-0.014627502,-1.48928027,1.287770373,0.424494662,79.20792079,0.63137355,-0.641171598,-1.015518623,2.015518623,0.427,0.823,0
0.003021054,0.425233792,0.651802131,-0.671196533,-0.01389902,-1.492071541,1.322998664,0.425244523,108.1730769,0.637638233,-0.649032372,-1.017869286,2.017869286,0.796666667,0.977,0
0.003094812,0.423835981,0.644597385,-0.651007938,-0.011885919,-1.49040514,1.295605323,0.42384728,108.6300543,0.633798325,-0.639488737,-1.00897827,2.00897827,0.8,1.131333333,0
0.003453733,0.424042992,0.648184026,-0.637337174,-0.012967131,-1.492994711,1.2855212,0.424057057,108.0432173,0.639318844,-0.635293588,-0.993703837,1.993703837,0.796666667,1.154,0
0.019411669,0.438527921,0.810044722,-0.916554091,-0.073262871,-1.437999339,1.726598813,0.438957345,106.5088757,0.525578122,-0.866608408,-1.648866974,2.648866974,0.582333333,0.848666667,1
0.003540637,0.425383979,0.656873285,-0.649546668,-0.010696887,-1.492389595,1.306419953,0.425398714,105.9446733,0.612435928,-0.644392715,-1.052179805,2.052179805,0.579666667,0.959,0
0.014025684,0.446075495,0.875306438,-0.97108016,-0.082254782,-1.391210643,1.846386598,0.446295941,78.125,0.851379528,-0.947021275,-1.112337382,2.112337382,0.484,0.601,1
0.002879265,0.424886084,0.662969448,-0.659541628,-0.015466343,-1.495105823,1.322511076,0.42489584,78.48266841,0.642168116,-0.631107454,-0.982776066,1.982776066,0.3235,0.9855,0
0.015687482,0.438021696,0.831567181,-0.915719892,-0.06309919,-1.439722618,1.747287073,0.438302525,77.41935484,0.793391329,-0.8862564,-1.117048255,2.117048255,0.82,1.257,1
0.00283808,0.423924479,0.630174666,-0.656136056,-0.014576575,-1.491325536,1.286310722,0.423933979,78.63695937,0.624111214,-0.647405619,-1.037324124,2.037324124,0.324,0.634,0
0.015816765,0.442043043,0.815519758,-0.945493494,-0.093875341,-1.416720598,1.761013252,0.442325922,103.0042918,0.804838946,-0.905845148,-1.125498651,2.125498651,0.6665,1.0085,1
0.015738575,0.44201532,0.859160744,-0.937915425,-0.069965181,-1.433493868,1.797076169,0.442295429,107.9784043,0.538518768,-0.91628219,-1.701486085,2.701486085,0.579666667,0.786,1
0.018464678,0.438021404,0.83604375,-0.942244058,-0.055125719,-1.421829408,1.778287808,0.438410418,101.095198,0.810682709,-0.923990205,-1.139767994,2.139767994,0.6645,0.892,1
0.00368813,0.424086849,0.63995414,-0.645347478,-0.0134109,-1.49041042,1.285301618,0.424102886,89.48545861,0.636078113,-0.633902947,-0.996580347,1.996580347,0.656,0.989,0
0.015897762,0.443238493,0.821457552,-0.943490903,-0.06502395,-1.420861271,1.764948455,0.443523506,79.15567282,0.818416349,-0.911445001,-1.113669102,2.113669102,0.617,1.0015,1
0.014837566,0.439982053,0.865800576,-0.914890372,-0.067774912,-1.455574688,1.780690948,0.440232166,99.22822492,0.691058746,-0.90243535,-1.305873568,2.305873568,0.668333333,1.055666667,1
0.003115292,0.424122655,0.64658084,-0.641832527,-0.012310749,-1.488660698,1.288413367,0.424134096,90.29345372,0.642865268,-0.638016368,-0.992457361,1.992457361,0.743,1.069,0
0.017933114,0.440882212,0.867293513,-0.924601469,-0.065040068,-1.443241416,1.791894982,0.44124678,78.17589577,0.810414114,-0.914724149,-1.128712017,2.128712017,0.768,1.077,1
0.00309342,0.42499498,0.641560545,-0.640882173,-0.01184864,-1.493688467,1.282442718,0.425006238,78.68852459,0.632457465,-0.636091109,-1.005745277,2.005745277,0.324,0.718,0
0.016910692,0.439954656,0.861170475,-0.904319002,-0.069943881,-1.442990138,1.765489477,0.440279538,90.02250563,0.839189308,-0.88034667,-1.049044192,2.049044192,0.7625,1.023,1
0.003350848,0.424497242,0.642580757,-0.647716243,-0.012667884,-1.49283792,1.290297,0.424510467,97.19222462,0.635209078,-0.639090745,-1.00611085,2.00611085,0.667666667,0.9,0
0.004244897,0.424705341,0.650701549,-0.640714824,-0.015051129,-1.493621171,1.291416373,0.424726554,97.2972973,0.635675597,-0.634370064,-0.997946228,1.997946228,0.668,0.894666667,0
0.003607476,0.424790034,0.644546418,-0.661818346,-0.012952114,-1.490158937,1.306364764,0.424805352,81.13590264,0.633178576,-0.631816096,-0.997848189,1.997848189,0.742,1.265,0
0.021170074,0.443390714,0.849808048,-0.968151226,-0.06628672,-1.425374536,1.817959274,0.443895818,77.97270955,0.820596065,-0.954983621,-1.163768218,2.163768218,0.4125,0.581,1
0.01762521,0.439833898,0.821961736,-0.971929585,-0.061393587,-1.440169314,1.793891321,0.440186899,70.88009451,0.814318527,-0.936735556,-1.150330644,2.150330644,0.534,0.74,1
0.003420192,0.425035658,0.635131687,-0.658822427,-0.014200277,-1.493303606,1.293954114,0.425049419,97.2972973,0.627821569,-0.646026015,-1.028996209,2.028996209,0.733,0.97,0
0.018939082,0.438755001,0.818074218,-0.902538237,-0.071267849,-1.454313905,1.720612455,0.439163568,86.89355539,0.812841691,-0.870978108,-1.071522435,2.071522435,0.493,1.0065,1
0.015468699,0.443231564,0.83756141,-0.915797302,-0.05831554,-1.422634128,1.753358712,0.443501409,88.95478132,0.812912034,-0.8858046,-1.089668454,2.089668454,0.6205,0.9925,1
0.017693454,0.438992852,0.827542465,-0.975459657,-0.072137176,-1.438202598,1.803002122,0.439349271,77.7705768,0.817653653,-0.904532944,-1.106254391,2.106254391,0.5415,0.8325,1
0.002325614,0.424240348,0.644095412,-0.650391919,-0.012779408,-1.487686161,1.294487331,0.424246722,106.0070671,0.535506029,-0.635259765,-1.18627939,2.18627939,0.561333333,0.972333333,0
0.003286235,0.424897505,0.66221927,-0.658442658,-0.014663681,-1.488217895,1.320661928,0.424910213,108.3684527,0.64308213,-0.647056323,-1.006179915,2.006179915,0.801333333,1.066333333,0
0.014494705,0.444621952,0.815489892,-0.927611462,-0.065784606,-1.421202517,1.743101354,0.444858154,91.25475285,0.806002269,-0.92336315,-1.145608624,2.145608624,0.77,0.9,1
0.002955043,0.425517098,0.645202562,-0.63579433,-0.012043039,-1.491218714,1.280996892,0.425527359,117.8010471,0.533410148,-0.633239399,-1.187152892,2.187152892,0.558666667,0.772666667,0
0.003444232,0.424627535,0.644836857,-0.650027689,-0.014647589,-1.492359095,1.294864546,0.424641503,89.21933086,0.63800253,-0.645649749,-1.01198619,2.01198619,0.5205,0.6255,0
0.015803394,0.438862333,0.864560396,-0.945928449,-0.090300758,-1.409723919,1.810488845,0.43914678,98.41443412,0.706959079,-0.930988428,-1.316891538,2.316891538,0.701,0.939333333,1
0.015182738,0.444300465,0.852432969,-0.914087856,-0.070407395,-1.408957895,1.766520825,0.444559804,101.6949153,0.811421136,-0.892105268,-1.099435581,2.099435581,0.7125,1.1725,1
0.004619997,0.42483156,0.651190767,-0.634107666,-0.006081714,-1.489341892,1.285298433,0.42485668,78.58546169,0.641395545,-0.628330609,-0.979630453,1.979630453,0.3225,0.4205,0
0.016049946,0.441339092,0.842719675,-0.968775109,-0.0685481,-1.419244171,1.811494784,0.441630836,77.66990291,0.80311829,-0.904425041,-1.126141756,2.126141756,0.8235,0.978,1
0.002951682,0.424294965,0.644989706,-0.646459498,-0.01459203,-1.487672807,1.291449204,0.424305232,108.0432173,0.629696892,-0.637557864,-1.01248374,2.01248374,0.797666667,0.968,0
0.00271729,0.424412316,0.649049181,-0.642131109,-0.011301623,-1.495245738,1.29118029,0.424421015,105.6958309,0.602038585,-0.639774554,-1.062680317,2.062680317,0.582666667,0.851666667,0
0.015365375,0.441767931,0.831862706,-0.980802181,-0.067326767,-1.451913934,1.812664887,0.442035066,85.47008547,0.797458355,-0.896338688,-1.123994353,2.123994353,0.561,0.639,1
0.002807364,0.42439719,0.630183794,-0.651383104,-0.012912883,-1.492948921,1.281566898,0.424406475,97.87928222,0.627616111,-0.640923446,-1.021202986,2.021202986,0.671333333,1.012666667,0
0.003571764,0.423926324,0.643873423,-0.652272791,-0.014235167,-1.495347223,1.296146214,0.423941371,103.8062284,0.638774173,-0.645313006,-1.010236534,2.010236534,0.741,0.9875,0
0.016992381,0.441229529,0.849251445,-0.916301591,-0.063639943,-1.45531727,1.765553036,0.441556608,82.70158511,0.775763128,-0.912845546,-1.176706539,2.176706539,0.834,0.994,1
0.004446223,0.424823614,0.651302562,-0.651290998,-0.016062094,-1.490404823,1.30259356,0.424846881,79.41760424,0.644453529,-0.64475079,-1.00046126,2.00046126,0.5275,0.8605,0
0.011442705,0.44452429,0.814414603,-0.960885821,-0.079777845,-1.423463242,1.775300424,0.444671542,89.15304606,0.783176998,-0.860160824,-1.098296841,2.098296841,0.8245,1.285,1
0.002895939,0.424880078,0.64925808,-0.645552907,-0.011761718,-1.490040629,1.294810987,0.424889947,81.3559322,0.641401624,-0.640128087,-0.998014446,1.998014446,0.7475,0.9925,0
0.015139174,0.44109956,0.831127969,-0.944092263,-0.059717836,-1.441524523,1.775220232,0.441359282,80,0.791657235,-0.903710004,-1.141542026,2.141542026,0.572,0.832,1
0.003444345,0.424362073,0.652021784,-0.643618123,-0.01468753,-1.491165521,1.295639907,0.424376051,78.53403141,0.642277456,-0.633700329,-0.986645761,1.986645761,0.429,0.6265,0
0.003611251,0.424688438,0.643191281,-0.641370888,-0.013186433,-1.497147884,1.284562169,0.424703791,71.98560288,0.633686194,-0.635143825,-1.002300242,2.002300242,0.648,0.9065,0
0.012812643,0.440988045,0.82777186,-0.956440519,-0.064595018,-1.42533288,1.784212379,0.441174138,78.125,0.802481001,-0.94045312,-1.171931944,2.171931944,0.4125,0.635,1
0.003593309,0.425246393,0.638570441,-0.649443653,-0.011896674,-1.493872118,1.288014094,0.425261575,108.4990958,0.630260047,-0.643427044,-1.020891372,2.020891372,0.799666667,1.066,0
0.002571786,0.424819595,0.644796097,-0.650292548,-0.011168685,-1.489992391,1.295088645,0.42482738,105.4481547,0.513628613,-0.642577392,-1.25105451,2.25105451,0.553666667,0.969,0
0.003490351,0.425242389,0.653348044,-0.649935567,-0.016540842,-1.493169103,1.303283611,0.425256713,97.45533297,0.62803536,-0.639796516,-1.018726901,2.018726901,0.665,0.915,0
0.016949335,0.44231374,0.803818988,-0.905962474,-0.063386075,-1.452879989,1.709781462,0.442638368,89.35219657,0.798732746,-0.903007961,-1.13055082,2.13055082,0.715,1.019,1
0.002877293,0.424619037,0.66595651,-0.662493489,-0.013533101,-1.490384133,1.328449999,0.424628785,89.82035928,0.649131636,-0.64756803,-0.997591234,1.997591234,0.6495,1.0745,0
0.003617444,0.424961248,0.649618382,-0.66067353,-0.009653398,-1.493866697,1.310291912,0.424976644,117.1112557,0.562119821,-0.639240993,-1.137197033,2.137197033,0.562,0.891666667,0
0.014198921,0.44398302,0.83331486,-0.934246654,-0.078536581,-1.415542707,1.767561514,0.444210008,69.16426513,0.819562003,-0.906503168,-1.106082475,2.106082475,0.6175,1.1725,1
0.002788286,0.425053738,0.649154272,-0.640676491,-0.010373041,-1.490094752,1.289830763,0.425062883,103.2702238,0.634888598,-0.630945085,-0.993788653,1.993788653,0.7425,1.0865,0
0.003472405,0.424650766,0.64255062,-0.655472187,-0.013408314,-1.492199858,1.298022807,0.424664963,103.2702238,0.636151387,-0.630392086,-0.990946649,1.990946649,0.7435,1.072,0
0.014681145,0.43985894,0.843908767,-0.943352826,-0.078289962,-1.428441424,1.787261593,0.440103878,88.365243,0.810854067,-0.914130845,-1.127367897,2.127367897,0.6165,0.8475,1
0.017728094,0.438164995,0.824381625,-0.938497028,-0.084109935,-1.439287089,1.762878653,0.438523486,94.68700684,0.641457878,-0.896554209,-1.397682123,2.397682123,0.710666667,1.173666667,1
0.015387301,0.442754169,0.88155552,-0.915713718,-0.067677409,-1.418923762,1.797269238,0.443021471,89.21933086,0.82871019,-0.889201753,-1.072994833,2.072994833,0.8275,0.9945,1
0.01855139,0.443008968,0.825543288,-0.938414177,-0.063196583,-1.441719718,1.763957465,0.443397225,82.6446281,0.8082633,-0.915304196,-1.132433201,2.132433201,0.8345,1.449,1
0.012949991,0.441135182,0.820329016,-0.951200877,-0.077604407,-1.410320209,1.771529893,0.441325221,117.2638436,0.681789788,-0.912873002,-1.338936162,2.338936162,0.729333333,0.857666667,1
0.003153654,0.424748881,0.658380686,-0.640377796,-0.011431068,-1.49213219,1.298758482,0.424760588,89.68609865,0.653162149,-0.635833194,-0.973469137,1.973469137,0.6495,1.0735,0
0.017488878,0.442102287,0.855922889,-0.928063442,-0.076983219,-1.439314814,1.783986331,0.442448069,99.75062344,0.767807004,-0.912260355,-1.188137579,2.188137579,0.6525,1.015,1
0.003243723,0.423871283,0.637090305,-0.646576213,-0.013498446,-1.49255059,1.283666518,0.423883694,108.5645356,0.624185046,-0.641138163,-1.027160404,2.027160404,0.799,1.195666667,0
0.017806978,0.443981171,0.864118438,-0.909091162,-0.065631196,-1.431231637,1.7732096,0.444338125,88.23529412,0.852035598,-0.903466335,-1.060362192,2.060362192,0.495,1.0185,1
0.014335205,0.437429479,0.857867784,-0.918949763,-0.072498406,-1.43174518,1.776817547,0.437664309,71.13218731,0.841768865,-0.906316996,-1.076681538,2.076681538,0.4145,0.847,1
0.003530635,0.424639866,0.666651505,-0.642897047,-0.012828977,-1.488266418,1.309548552,0.424654543,97.56097561,0.552769663,-0.633431525,-1.145923099,2.145923099,0.562666667,0.823333333,0
0.003033902,0.424008511,0.644194661,-0.644072683,-0.01542229,-1.492508892,1.288267344,0.424019365,102.8277635,0.638507608,-0.639628505,-1.001755496,2.001755496,0.741,0.987,0
0.015892412,0.439118197,0.835828778,-0.930999247,-0.065450732,-1.435133359,1.766828025,0.43940569,99.66777409,0.646255583,-0.90013821,-1.392851735,2.392851735,0.712,0.947,1
0.015719946,0.440369405,0.859463809,-0.951751115,-0.065847033,-1.428486221,1.811214924,0.440649895,102.3017903,0.81615629,-0.924887447,-1.13322345,2.13322345,0.6725,1.004,1
0.01377821,0.43954617,0.802272,-0.92830612,-0.067856959,-1.448175922,1.73057812,0.439762066,107.7844311,0.507684664,-0.903200629,-1.779058326,2.779058326,0.584666667,0.754,1
0.002774515,0.425060206,0.64753317,-0.632853337,-0.016488251,-1.493041059,1.280386507,0.425069261,118.1102362,0.519307074,-0.629355098,-1.2119132,2.2119132,0.557666667,0.688333333,0
0.003020778,0.424432862,0.647361205,-0.645048548,-0.010945552,-1.490254173,1.292409753,0.424443611,105.5718475,0.590376514,-0.64213964,-1.087678159,2.087678159,0.587666667,0.912333333,0
0.002528783,0.423785239,0.635272174,-0.651763863,-0.010603566,-1.491404667,1.287036037,0.423792783,78.48266841,0.630404012,-0.64229417,-1.018861171,2.018861171,0.427,1.0845,0
0.019864386,0.437285036,0.846240249,-0.911216259,-0.045149952,-1.470228864,1.757456508,0.437735989,101.8675722,0.830426955,-0.863712318,-1.040082228,2.040082228,0.669,1.016,1
0.016404535,0.441489124,0.851117862,-0.949351518,-0.076766004,-1.419698525,1.80046938,0.441793793,87.1459695,0.815092384,-0.93019486,-1.141214024,2.141214024,0.4975,0.8995,1
0.003193351,0.424251214,0.634699021,-0.649357203,-0.017334761,-1.491447557,1.284056224,0.424263232,89.55223881,0.628324308,-0.639858692,-1.018357373,2.018357373,0.7415,0.8645,0
0.018002427,0.441385464,0.867908852,-0.921692141,-0.070586154,-1.445411911,1.789600993,0.441752436,79.20792079,0.811815105,-0.920459488,-1.133828974,2.133828974,0.6705,1.0075,1
0.002977465,0.423981472,0.638242341,-0.653515328,-0.012876755,-1.490680393,1.291757669,0.423991927,80.86253369,0.629090483,-0.644576834,-1.024617047,2.024617047,0.8845,1.3005,0
0.019658504,0.439569366,0.846178377,-0.939356139,-0.049671383,-1.439790564,1.785534516,0.440008732,106.3201418,0.571498422,-0.886398323,-1.551007472,2.551007472,0.568666667,0.764,1
0.003007642,0.424976859,0.643442084,-0.653786858,-0.011767921,-1.492706414,1.297228942,0.424987502,97.56097561,0.635694642,-0.645106501,-1.01480563,2.01480563,0.741,1.182333333,0
0.017972446,0.440514256,0.811443351,-0.918748633,-0.083097186,-1.444926091,1.730191984,0.44088073,90.42954032,0.789847847,-0.89019084,-1.127040915,2.127040915,0.7075,1.003,1
0.003848513,0.424650782,0.659339754,-0.643914637,-0.009111499,-1.493018958,1.303254391,0.424668221,70.38123167,0.646557982,-0.638680065,-0.987815606,1.987815606,0.433,0.9045,0
0.018531689,0.441782849,0.831923958,-0.933030514,-0.068637534,-1.429094998,1.764954472,0.442171357,103.7165082,0.772940195,-0.903893331,-1.16942208,2.16942208,0.677,0.794,1
0.004094588,0.423483237,0.644430344,-0.636701325,-0.014286681,-1.492745533,1.281131669,0.423503031,89.48545861,0.63743816,-0.636480123,-0.998497051,1.998497051,0.5225,0.9005,0
0.003287925,0.424141816,0.650067973,-0.636967469,-0.014955669,-1.491827998,1.287035442,0.42415456,78.89546351,0.640882897,-0.630069421,-0.983127221,1.983127221,0.3305,0.674,0
0.003210722,0.424508734,0.648440743,-0.649194677,-0.013435745,-1.493069469,1.29763542,0.424520876,103.2702238,0.641541502,-0.634546964,-0.989097293,1.989097293,0.741,0.953,0
0.003641076,0.424829108,0.654147175,-0.642918332,-0.01157196,-1.492346363,1.297065507,0.424844711,108.3032491,0.636093266,-0.634284148,-0.997155891,1.997155891,0.799666667,0.974333333,0
0.015038732,0.439759171,0.869620479,-0.909969541,-0.058162013,-1.430245391,1.77959002,0.44001624,102.915952,0.823345426,-0.900332961,-1.093505755,2.093505755,0.7195,0.848,1
0.003382598,0.424103951,0.640913265,-0.659107007,-0.009909283,-1.491631553,1.300020272,0.424117441,105.6958309,0.576092129,-0.634580501,-1.101526074,2.101526074,0.588333333,0.823333333,0
0.003409257,0.424280301,0.636679075,-0.651398214,-0.014146248,-1.495489137,1.288077289,0.424293998,107.9136691,0.627457747,-0.63231626,-1.007743172,2.007743172,0.796333333,1.156666667,0
0.002643132,0.424411814,0.646118441,-0.649951589,-0.014085756,-1.493575177,1.29607003,0.424420044,117.7240026,0.543270021,-0.645697094,-1.188538055,2.188538055,0.562333333,0.851333333,0
0.002572353,0.424990946,0.656664879,-0.656073451,-0.010842985,-1.491699262,1.31273833,0.424998731,90.36144578,0.639699562,-0.648345988,-1.013516386,2.013516386,0.5295,0.8135,0
0.015265133,0.440659572,0.890796915,-0.926706299,-0.048346342,-1.450304002,1.817503214,0.440923897,101.6088061,0.810137893,-0.871882813,-1.076215321,2.076215321,0.668,1.013,1
0.002976214,0.425332902,0.658298634,-0.657549771,-0.012261619,-1.489116185,1.315848405,0.425343315,97.50812568,0.644727947,-0.646294862,-1.002430351,2.002430351,0.669,1.009333333,0
0.002898463,0.424220274,0.648402114,-0.660817848,-0.013970446,-1.490995242,1.309219962,0.424230176,102.5641026,0.640526353,-0.654374707,-1.021620272,2.021620272,0.738,0.955,0
0.003260987,0.424724461,0.641660904,-0.649130356,-0.014450519,-1.491982499,1.29079126,0.42473698,72.15874925,0.635549507,-0.644120282,-1.013485613,2.013485613,0.6525,1.3825,0
0.003824941,0.424202943,0.653148544,-0.644352728,-0.010249853,-1.491416717,1.297501272,0.424220187,70.29876977,0.63882394,-0.639962262,-1.001781903,2.001781903,0.4275,1.084,0
0.016346618,0.441549998,0.807363172,-0.899709637,-0.067254907,-1.468201766,1.707072809,0.441852478,92.73570325,0.797064706,-0.898953539,-1.127830064,2.127830064,0.7295,0.8515,1
0.017696044,0.443803147,0.803691674,-0.927188721,-0.084701431,-1.423722233,1.730880395,0.44415581,72.11538462,0.773990712,-0.925255284,-1.195434608,2.195434608,0.425,0.8005,1
0.013052241,0.441465545,0.799727559,-0.939213183,-0.084133136,-1.439791284,1.738940742,0.441658453,102.915952,0.787094988,-0.917508465,-1.165689628,2.165689628,0.723,0.902,1
0.016276023,0.441355848,0.848033659,-0.946011104,-0.07313796,-1.436677574,1.794044763,0.441655854,87.46355685,0.829330803,-0.915823142,-1.104291724,2.104291724,0.493,0.81,1
0.018559331,0.438815428,0.839569372,-0.933667079,-0.067183345,-1.440461795,1.773236451,0.439207728,86.14501077,0.793777175,-0.908948262,-1.145092466,2.145092466,0.5665,0.854,1
0.00301885,0.424934555,0.667610948,-0.64468329,-0.014634215,-1.488723732,1.312294238,0.424945278,81.24576845,0.64853806,-0.636434328,-0.981336897,1.981336897,0.8865,1.0885,0
0.014538515,0.440652736,0.845904382,-0.935255623,-0.078800316,-1.423004448,1.781160005,0.440892506,77.07129094,0.839922244,-0.908564411,-1.081724431,2.081724431,0.5405,1.025,1
0.013130322,0.442010066,0.855106353,-0.928420213,-0.05513327,-1.423694902,1.783526566,0.442205048,88.43036109,0.801822661,-0.886852316,-1.106045462,2.106045462,0.5735,1.004,1
0.002860102,0.423778756,0.656769193,-0.649179959,-0.015263778,-1.491926633,1.305949152,0.423788408,97.2972973,0.633702482,-0.636255276,-1.004028379,2.004028379,0.665333333,1.121666667,0
0.014522005,0.43957157,0.826839493,-0.907379266,-0.083528009,-1.439686429,1.734218759,0.439811384,87.20930233,0.81289465,-0.884481735,-1.088064407,2.088064407,0.57,0.798,1
0.016085299,0.441269802,0.843590249,-0.959939057,-0.065764839,-1.442450121,1.803529306,0.441562878,94.58749343,0.745000844,-0.911136079,-1.223000064,2.223000064,0.677333333,0.894,1
0.002767911,0.424132443,0.638307808,-0.638113878,-0.014532574,-1.494052893,1.276421686,0.424141475,89.95502249,0.633410119,-0.634158558,-1.001181603,2.001181603,0.7425,1.186,0
0.016423638,0.44536111,0.812745515,-0.962958761,-0.099922926,-1.416792115,1.775704276,0.445663836,91.88361409,0.79974122,-0.883438023,-1.104654857,2.104654857,0.7185,1.193,1
0.015687775,0.441645651,0.836513885,-0.917191738,-0.060740394,-1.433388924,1.753705623,0.441924187,101.9541206,0.821849322,-0.913511939,-1.111532143,2.111532143,0.665,0.912,1
0.015457243,0.443046946,0.866409364,-0.924991875,-0.05938939,-1.409952555,1.791401239,0.443316504,78.53403141,0.832965034,-0.896317221,-1.076056239,2.076056239,0.414,1.017,1
0.016004488,0.443022217,0.807601473,-0.918157706,-0.077089881,-1.424750405,1.725759179,0.443311209,82.07934337,0.785194982,-0.908978047,-1.157646277,2.157646277,0.7165,1.026,1
0.003385593,0.424867765,0.644057405,-0.633464655,-0.015087627,-1.492984643,1.27752206,0.424881254,108.5645356,0.635001018,-0.630953494,-0.993625956,1.993625956,0.798666667,0.978333333,0
0.003590141,0.424261717,0.656145312,-0.655844273,-0.009043051,-1.496403352,1.311989585,0.424276907,89.75317876,0.637364783,-0.645753321,-1.013161281,2.013161281,0.525,0.8165,0
0.020318853,0.438954499,0.861798788,-0.909393001,-0.051411624,-1.438569128,1.771191789,0.439424519,89.21933086,0.840905198,-0.890759954,-1.059287012,2.059287012,0.825,1.0045,1
0.014944227,0.441467629,0.824707729,-0.932298555,-0.065463936,-1.423003402,1.757006284,0.441720497,78.63695937,0.819295416,-0.914916995,-1.116711966,2.116711966,0.7745,0.893,1
0.017775783,0.44338119,0.836481066,-0.91783943,-0.079775203,-1.435168335,1.754320496,0.443737375,76.43312102,0.782449739,-0.912420535,-1.166107533,2.166107533,0.409,0.7395,1
0.003173128,0.424978133,0.652379243,-0.662784841,-0.011163517,-1.48897665,1.315164084,0.424989979,89.82035928,0.644505671,-0.650954315,-1.010005566,2.010005566,0.655,1.1995,0
0.015909667,0.443907098,0.828924071,-0.933244767,-0.045843287,-1.457711406,1.762168838,0.444192109,78.02340702,0.818703124,-0.894689295,-1.092812851,2.092812851,0.8245,0.9885,1
0.014510074,0.443545822,0.845659131,-0.959404011,-0.062192906,-1.433826159,1.805063142,0.443783098,116.5048544,0.561983061,-0.937027374,-1.667358749,2.667358749,0.919333333,1.231,1
0.016148509,0.443706891,0.834349989,-0.919197895,-0.086398167,-1.427908635,1.753547884,0.444000653,78.63695937,0.801577154,-0.891364452,-1.112013294,2.112013294,0.5035,0.5815,1
0.016992298,0.440073871,0.858817605,-0.930599012,-0.067733173,-1.438590714,1.789416617,0.440401805,72.68322229,0.809163496,-0.902436576,-1.115270993,2.115270993,0.6745,0.9795,1
0.017991529,0.442586992,0.830733209,-0.927782302,-0.049414728,-1.448301231,1.758515511,0.442952526,70.1754386,0.810647186,-0.88866097,-1.096236422,2.096236422,0.412,0.9935,1
0.014566952,0.440406667,0.848761873,-0.947042658,-0.063005036,-1.430536849,1.795804531,0.440647511,91.11617312,0.81440472,-0.916931678,-1.125891901,2.125891901,0.7105,1.0075,1
0.003469312,0.424048478,0.668681696,-0.664712879,-0.012778722,-1.490660456,1.333394575,0.42406267,108.4990958,0.637804636,-0.642103223,-1.00673966,2.00673966,0.8,0.977666667,0
0.003259063,0.423963161,0.640889484,-0.647128781,-0.009986734,-1.491821743,1.288018265,0.423975687,103.1814273,0.639063671,-0.63988561,-1.001286162,2.001286162,0.7415,0.8505,0
0.003429106,0.42422351,0.653242574,-0.651079149,-0.013685534,-1.493954079,1.304321723,0.424237369,78.17589577,0.640780438,-0.64115811,-1.000589394,2.000589394,0.431,0.805,0
0.015215572,0.442006174,0.830781095,-0.924464246,-0.076578258,-1.430545419,1.755245341,0.442267986,78.2778865,0.819526668,-0.897634171,-1.095308068,2.095308068,0.536,0.9615,1
0.015986809,0.436975001,0.821500153,-0.948486422,-0.060694151,-1.444806343,1.769986575,0.437267344,77.92207792,0.810600251,-0.924439202,-1.140437843,2.140437843,0.4105,1.0075,1
0.016251807,0.438135131,0.833286177,-0.894919502,-0.05197558,-1.446958081,1.728205679,0.438436443,100.2506266,0.826052701,-0.859354206,-1.04031402,2.04031402,0.717,0.98,1
0.015220366,0.439822891,0.873799788,-0.917221327,-0.053929577,-1.436209821,1.791021115,0.440086168,102.5641026,0.822885738,-0.91183506,-1.108094378,2.108094378,0.717,1.0125,1
0.021459523,0.441171269,0.84834491,-0.966777576,-0.065509651,-1.417932973,1.815122486,0.44169288,101.7811705,0.82632316,-0.943855393,-1.142235191,2.142235191,0.6665,0.9155,1
0.013707845,0.441495245,0.822042906,-0.916028967,-0.068029833,-1.42323425,1.738071873,0.441707999,101.5228426,0.756532729,-0.903844043,-1.194719023,2.194719023,0.668,0.8995,1
0.00409154,0.424984342,0.667932759,-0.643637349,-0.012540797,-1.494039771,1.311570108,0.425004037,108.5645356,0.636848679,-0.63536545,-0.997670987,1.997670987,0.801333333,1.098333333,0
0.014995963,0.439134234,0.849513723,-0.923891381,-0.063146438,-1.435406419,1.773405104,0.439390208,101.4370245,0.794017155,-0.89172147,-1.123050635,2.123050635,0.7105,0.8995,1
0.01579598,0.443169427,0.854903332,-0.940376545,-0.067503166,-1.427411238,1.795279877,0.443450847,87.71929825,0.814839486,-0.892333483,-1.09510339,2.09510339,0.4945,0.684,1
0.01669656,0.441404613,0.846914254,-0.917126659,-0.071909528,-1.442151345,1.764040913,0.441720282,77.31958763,0.818228663,-0.901020435,-1.10118415,2.10118415,0.415,0.832,1
0.002586692,0.424959449,0.641841326,-0.646409724,-0.011544591,-1.499011748,1.28825105,0.424967321,79.36507937,0.632485917,-0.641703118,-1.014572974,2.014572974,0.6555,0.987,0
0.002662191,0.424306676,0.646252459,-0.654078366,-0.010724747,-1.492372035,1.300330825,0.424315028,89.35219657,0.638438854,-0.634480877,-0.993800539,1.993800539,0.5225,0.861,0
0.002892005,0.424691091,0.642982251,-0.6413933,-0.010379367,-1.494668048,1.284375551,0.424700937,103.0927835,0.63405206,-0.636771845,-1.004289529,2.004289529,0.742,1.0725,0
0.002663735,0.424481873,0.644177247,-0.648499657,-0.017866282,-1.489505709,1.292676904,0.424490231,77.92207792,0.636961514,-0.644849726,-1.012384126,2.012384126,0.427,0.8995,0
0.01148295,0.444887515,0.832065854,-0.969387655,-0.088459906,-1.43050625,1.801453509,0.445035683,118.0327869,0.691361443,-0.94311055,-1.364135301,2.364135301,0.728333333,1.013333333,1
0.004018826,0.424266403,0.641449059,-0.639181818,-0.007587421,-1.491282695,1.280630877,0.424285437,80.97165992,0.636057473,-0.634143942,-0.996991576,1.996991576,0.8835,1.3445,0
0.002490845,0.425206286,0.647509338,-0.657657039,-0.015069127,-1.490461241,1.305166377,0.425213582,105.6958309,0.514909722,-0.63935916,-1.241691762,2.241691762,0.555333333,0.898666667,0
0.003170379,0.424599874,0.644118842,-0.657769555,-0.008253158,-1.492050307,1.301888397,0.42461171,89.48545861,0.63914391,-0.644132699,-1.007805423,2.007805423,0.6525,0.7705,0
0.017866412,0.439856943,0.856652419,-0.943782418,-0.059760534,-1.436739455,1.800434837,0.440219648,77.87151201,0.81228503,-0.89178558,-1.097872725,2.097872725,0.8305,1.166,1
0.003263907,0.424140137,0.656721536,-0.645945283,-0.009862987,-1.491554918,1.302666819,0.424152695,117.2638436,0.550680225,-0.636615445,-1.156052853,2.156052853,0.559333333,0.823666667,0
0.015657984,0.442453461,0.838032697,-0.921774862,-0.069556647,-1.415566571,1.759807559,0.442730435,86.89355539,0.812209773,-0.901483721,-1.109914891,2.109914891,0.6235,1.0185,1
0.002478656,0.424210353,0.649095404,-0.650176014,-0.012791599,-1.490195265,1.299271418,0.424217594,108.6956522,0.640102815,-0.638477522,-0.997460888,1.997460888,0.801666667,1.195333333,0
0.003033179,0.42419725,0.666386947,-0.64072241,-0.013129162,-1.489914718,1.307109357,0.424208094,81.13590264,0.653114406,-0.63881466,-0.978105297,1.978105297,0.7425,1.302,0
0.004475383,0.424208092,0.643886503,-0.64283291,-0.016225106,-1.489916308,1.286719413,0.424231699,89.48545861,0.635973705,-0.633231907,-0.995688818,1.995688818,0.5285,1.0835,0
0.003081375,0.423877341,0.647568898,-0.666781826,-0.010422847,-1.495453255,1.314350724,0.423888541,89.55223881,0.638693331,-0.62799201,-0.983244978,1.983244978,0.654,1.085,0
0.003130732,0.424303746,0.637200666,-0.641608561,-0.012270754,-1.493365098,1.278809227,0.424315295,90.36144578,0.631115076,-0.626687187,-0.992984021,1.992984021,0.742,1.0705,0
0.002796158,0.424468739,0.636377954,-0.643753784,-0.012911539,-1.497041583,1.280131738,0.424477948,97.34991888,0.632405964,-0.638807931,-1.010123192,2.010123192,0.735,1.132666667,0
0.016371269,0.440178698,0.834053875,-0.978596376,-0.069361456,-1.426676106,1.812650251,0.440483035,87.91208791,0.812221942,-0.932261721,-1.147791844,2.147791844,0.4995,0.582,1
0.003978324,0.42365963,0.637343836,-0.642859382,-0.011578342,-1.494936135,1.280203218,0.423678309,78.58546169,0.634370588,-0.641146992,-1.01068209,2.01068209,0.432,0.6835,0
0.016465745,0.438997451,0.824435197,-0.920204681,-0.070729263,-1.438347359,1.744639878,0.439306137,79.10349374,0.801289478,-0.897647248,-1.120253383,2.120253383,0.5005,0.735,1
0.003443315,0.424875147,0.649442438,-0.642144894,-0.010715668,-1.489668379,1.291587332,0.4248891,108.4990958,0.634543066,-0.640222709,-1.008950761,2.008950761,0.797333333,1.106333333,0
0.016494204,0.444709406,0.831570923,-0.964792586,-0.082464363,-1.422832372,1.796363509,0.445015184,81.74386921,0.819534871,-0.932957596,-1.138398899,2.138398899,0.8295,1.011,1
0.020340794,0.437646671,0.817403992,-0.90421062,-0.057044375,-1.437920625,1.721614612,0.438119113,70.83825266,0.811654702,-0.88821381,-1.094324727,2.094324727,0.486,0.835,1
0.0031297,0.424806026,0.648662247,-0.651022197,-0.011890914,-1.494364159,1.299684444,0.424817554,72.07207207,0.635507048,-0.635640629,-1.000210195,2.000210195,0.6515,0.8555,0
0.017330053,0.439897105,0.839162545,-0.95060292,-0.064505762,-1.437613998,1.789765465,0.440238338,101.7811705,0.759870929,-0.940499122,-1.237709046,2.237709046,0.6645,0.85,1
0.013390988,0.440416168,0.82697799,-0.899648354,-0.052510381,-1.446842373,1.726626344,0.440619699,106.1320755,0.673678801,-0.887403426,-1.317250039,2.317250039,0.672666667,0.845333333,1
0.00414934,0.424882054,0.641012157,-0.648917143,-0.014615608,-1.493990196,1.2899293,0.424902314,97.4025974,0.630501508,-0.638515679,-1.012710787,2.012710787,0.737666667,0.912333333,0
0.003052889,0.424692032,0.650031467,-0.646468637,-0.017880862,-1.490840811,1.296500104,0.424703005,103.0927835,0.641774368,-0.630229971,-0.98201175,1.98201175,0.7405,1.0725,0
0.013463162,0.442541702,0.854753801,-0.919731239,-0.08511663,-1.438571842,1.77448504,0.442746445,88.823094,0.808984134,-0.91321836,-1.128845822,2.128845822,0.4965,0.7465,1
0.002587005,0.423318937,0.634876633,-0.638747318,-0.016056755,-1.494005835,1.273623951,0.423326842,97.71986971,0.629705519,-0.634029917,-1.006867335,2.006867335,0.669,0.842,0
0.015649156,0.442836732,0.807051072,-0.944158946,-0.073858522,-1.426127305,1.751210018,0.443113154,116.5803109,0.492395343,-0.932791177,-1.8943948,2.8943948,0.926,1.141,1
0.017440528,0.440132371,0.837435615,-0.916490234,-0.055968648,-1.427128234,1.753925849,0.440477781,89.68609865,0.822162084,-0.9046421,-1.10032087,2.10032087,0.7155,0.9655,1
0.016339798,0.444516508,0.837055025,-0.91890994,-0.074367837,-1.443782893,1.755964965,0.444816721,104.9562682,0.67542502,-0.890659066,-1.318664604,2.318664604,0.674333333,0.941666667,1
0.00368493,0.42465502,0.653983531,-0.648823363,-0.014029545,-1.494793348,1.302806894,0.424671008,89.02077151,0.641516837,-0.628001774,-0.978932646,1.978932646,0.526,0.8605,0
0.00294964,0.424820642,0.654937251,-0.648998111,-0.005844053,-1.490932314,1.303935362,0.424830882,89.95502249,0.642942709,-0.64018783,-0.995715203,1.995715203,0.742,1.09,0
0.019767141,0.438878228,0.852730966,-0.940666091,-0.075512813,-1.447532822,1.793397057,0.43932316,90.02250563,0.798898481,-0.892845705,-1.117595947,2.117595947,0.7085,0.9965,1
0.019571876,0.439759841,0.83364907,-0.92142727,-0.074200902,-1.434411022,1.75507634,0.440195156,77.66990291,0.832304696,-0.91508059,-1.099453835,2.099453835,0.4845,0.6385,1
0.015104208,0.43935915,0.80944461,-0.938362123,-0.080664023,-1.429049123,1.747806733,0.439618699,83.10249307,0.805999069,-0.898536342,-1.114810646,2.114810646,0.8375,1.0185,1
0.015359267,0.438347009,0.866160021,-0.885317363,-0.046530059,-1.452535793,1.751477384,0.438616014,103.626943,0.647100758,-0.862262239,-1.33250074,2.33250074,0.760666667,1.139,1
0.002904272,0.423900931,0.639983817,-0.659075764,-0.011564441,-1.493591254,1.299059581,0.42391088,107.9136691,0.632480253,-0.646810798,-1.022657695,2.022657695,0.799,1.102333333,0
0.015319468,0.442529468,0.816145572,-0.955972527,-0.074513879,-1.438788094,1.772118099,0.442794553,78.94736842,0.786686703,-0.886378097,-1.126723121,2.126723121,0.617,0.852,1
0.016402451,0.442601689,0.836291274,-0.942616054,-0.069037197,-1.441337097,1.778907328,0.442905515,70.71302298,0.822778565,-0.938161947,-1.140236252,2.140236252,0.4805,0.8,1
0.003005849,0.425046853,0.644568115,-0.648750978,-0.013155093,-1.492625147,1.293319093,0.425057481,103.0927835,0.635023131,-0.639703769,-1.007370814,2.007370814,0.7425,0.864,0
0.003278203,0.424915195,0.656254042,-0.667446776,-0.0109355,-1.490176616,1.323700818,0.424927841,97.2972973,0.63420463,-0.644838281,-1.016766908,2.016766908,0.666,0.909333333,0
0.004067002,0.424323759,0.652278766,-0.645101201,-0.010498366,-1.494128618,1.297379967,0.424343249,80.75370121,0.649545704,-0.642671415,-0.989416774,1.989416774,0.742,1.0845,0
0.002984271,0.424284708,0.644651604,-0.648401776,-0.014920873,-1.491228451,1.29305338,0.424295203,97.2972973,0.639288622,-0.63847627,-0.998729287,1.998729287,0.736333333,0.910666667,0
0.003528088,0.424502932,0.643932063,-0.638733657,-0.014353305,-1.492882722,1.28266572,0.424517593,97.4025974,0.631034325,-0.630447254,-0.99906967,1.99906967,0.668333333,1.129666667,0
0.003151411,0.424837579,0.652815468,-0.647657594,-0.014784305,-1.490813237,1.300473062,0.424849268,97.50812568,0.630892269,-0.637695059,-1.010782808,2.010782808,0.666666667,1.093666667,0
0.003202929,0.424547321,0.638869722,-0.646825738,-0.014873492,-1.494286168,1.28569546,0.424559403,78.125,0.631739729,-0.634101173,-1.003738002,2.003738002,0.3235,0.602,0
0.012865423,0.438008936,0.819714943,-0.882626336,-0.058399051,-1.438376443,1.702341279,0.43819784,70.5052879,0.806923508,-0.881629059,-1.09258071,2.09258071,0.534,0.842,1
0.003744634,0.42437163,0.652827851,-0.640949776,-0.012608318,-1.491195612,1.293777627,0.424388151,102.739726,0.641608676,-0.630528599,-0.982730787,1.982730787,0.744,1.067,0
0.003501131,0.424114149,0.646840128,-0.656163175,-0.015207745,-1.494997595,1.303003303,0.4241286,89.35219657,0.634512878,-0.647675212,-1.020743998,2.020743998,0.5225,0.8555,0
0.002957743,0.424580727,0.64086031,-0.642136287,-0.016898859,-1.492938065,1.282996597,0.424591029,80.75370121,0.632041832,-0.641044652,-1.014244025,2.014244025,0.8805,1.084,0
0.002992792,0.424609287,0.636813405,-0.650685242,-0.012489923,-1.497366611,1.287498647,0.424619834,70.25761124,0.630353785,-0.638110261,-1.012304957,2.012304957,0.4245,1.088,0
0.017998806,0.440928786,0.841348118,-0.917513245,-0.052746644,-1.439920775,1.758861363,0.441295991,86.45533141,0.824685351,-0.91355049,-1.107756417,2.107756417,0.5675,0.683,1
0.003087433,0.424476208,0.651942232,-0.658482277,-0.012064865,-1.492176684,1.310424509,0.424487436,78.94736842,0.64033937,-0.652182573,-1.018495197,2.018495197,0.6535,0.959,0
0.004112182,0.42442806,0.656753127,-0.653387299,-0.014689152,-1.494044074,1.310140426,0.424447981,79.15567282,0.642849116,-0.64373815,-1.00138296,2.00138296,0.4345,0.993,0
0.017694051,0.440852734,0.849606121,-0.919425104,-0.059319741,-1.460163708,1.769031225,0.441207675,101.2658228,0.774557463,-0.904666964,-1.167979146,2.167979146,0.6695,0.9155,1
0.013572339,0.440236822,0.852214928,-0.942019408,-0.082794407,-1.421058256,1.794234336,0.440445988,77.97270955,0.822969745,-0.913886408,-1.110473883,2.110473883,0.416,0.8575,1
0.00381622,0.424549394,0.641752031,-0.641571078,-0.008728858,-1.495558942,1.283323109,0.424566545,96.93053312,0.560380885,-0.636072499,-1.135071728,2.135071728,0.560666667,0.970666667,0
0.002836943,0.42451132,0.647799492,-0.655923726,-0.010615903,-1.490845887,1.303723218,0.4245208,102.739726,0.643896918,-0.637357957,-0.989844708,1.989844708,0.737,1.2015,0
0.003257614,0.424433308,0.639506655,-0.646666923,-0.013650618,-1.492776004,1.286173578,0.424445809,97.19222462,0.630159918,-0.639940431,-1.015520684,2.015520684,0.738333333,0.916666667,0
0.002595068,0.424623101,0.645973461,-0.668333335,-0.012642574,-1.492707878,1.314306796,0.424631031,81.13590264,0.641851351,-0.646949535,-1.007942936,2.007942936,0.8825,1.379,0
0.015951866,0.441690043,0.842156776,-0.923010672,-0.071466491,-1.459119918,1.765167448,0.441978004,82.6446281,0.799485395,-0.908441253,-1.136282488,2.136282488,0.77,1.2195,1
0.003247639,0.424569351,0.639217853,-0.654559713,-0.012913676,-1.491458728,1.293777566,0.424581772,71.98560288,0.63432823,-0.635417595,-1.001717352,2.001717352,0.655,1.164,0
0.01834431,0.443953193,0.834179158,-0.89455448,-0.067322674,-1.447803519,1.728733638,0.444332029,77.36943907,0.815870505,-0.887706857,-1.088048718,2.088048718,0.4845,1.116,1
0.018214601,0.441078357,0.861673955,-0.900733187,-0.071441305,-1.438313742,1.762407142,0.441454288,104.5296167,0.762698877,-0.874703151,-1.146852548,2.146852548,0.726,1.122,1
0.003589541,0.425085615,0.637853686,-0.654651438,-0.014541299,-1.488730217,1.292505124,0.42510077,80.86253369,0.635441529,-0.639365175,-1.006174677,2.006174677,0.7435,1.1895,0
0.003542635,0.424479682,0.654588284,-0.651780431,-0.014779905,-1.488650574,1.306368715,0.424494465,97.03504043,0.542167611,-0.644649895,-1.18902325,2.18902325,0.560666667,0.749333333,0
0.021047779,0.437762954,0.850488541,-0.917518842,-0.088276105,-1.421824677,1.768007383,0.438268654,71.47111376,0.818505699,-0.888560418,-1.085588553,2.085588553,0.4815,0.6315,1
0.002897286,0.424713534,0.644228394,-0.642561941,-0.011556315,-1.489043607,1.286790335,0.424723416,80.80808081,0.638834,-0.637303667,-0.99760449,1.99760449,0.8845,1.1995,0
0.003046985,0.424428109,0.641103757,-0.664816892,-0.016197939,-1.489967616,1.305920649,0.424439046,71.85628743,0.633442875,-0.655525468,-1.034861222,2.034861222,0.6485,1.2985,0
0.014555003,0.439296346,0.826779404,-0.936093906,-0.067341585,-1.432858369,1.76287331,0.439537402,98.9010989,0.692853275,-0.901200727,-1.300709343,2.300709343,0.699,1.132,1
0.003973584,0.424663639,0.642281835,-0.648613188,-0.01359994,-1.496133452,1.290895023,0.424682229,81.24576845,0.633583623,-0.646219524,-1.019943542,2.019943542,0.884,1.3405,0
0.015537649,0.441255953,0.822347718,-0.941864282,-0.078892348,-1.44242171,1.764212,0.441529427,92.23674097,0.76774113,-0.935006343,-1.217866682,2.217866682,0.7145,0.8965,1
0.003165328,0.424813829,0.64273648,-0.644100335,-0.014456689,-1.493428767,1.286836815,0.424825622,79.26023778,0.635873707,-0.643663409,-1.012250392,2.012250392,0.525,0.9855,0
0.003046685,0.424153115,0.641019958,-0.649626052,-0.012104127,-1.491020334,1.29064601,0.424164057,106.0070671,0.513953807,-0.639349375,-1.243982176,2.243982176,0.559666667,0.688333333,0
0.017858172,0.441472285,0.819112728,-0.92662526,-0.084504052,-1.419054432,1.745737988,0.441833332,94.88666315,0.685037111,-0.898073522,-1.310985212,2.310985212,0.677,1.069,1
0.017521531,0.441045184,0.855612002,-0.904857152,-0.044860053,-1.447700705,1.760469154,0.441393088,87.27272727,0.839269659,-0.897503377,-1.069386182,2.069386182,0.6195,1.1225,1
0.003600741,0.424885415,0.660460005,-0.6492633,-0.014223454,-1.494674862,1.309723305,0.424900672,103.5375324,0.641683919,-0.640631776,-0.99836034,1.99836034,0.746,0.9635,0
0.003233535,0.424823682,0.656405432,-0.656248205,-0.011610365,-1.492958821,1.312653637,0.424835988,103.2702238,0.644693637,-0.646902332,-1.003425961,2.003425961,0.7395,1.0845,0
0.015151721,0.43876663,0.860443444,-0.901032425,-0.076457061,-1.451394203,1.761475869,0.439028166,116.8831169,0.661586086,-0.880178104,-1.330406009,2.330406009,0.725,0.952333333,1
0.017072683,0.441608814,0.855266377,-0.913400227,-0.052006179,-1.448857153,1.768666604,0.441938708,116.8831169,0.707901129,-0.892897122,-1.261330271,2.261330271,0.727,0.959666667,1
0.016582089,0.438278696,0.820628286,-0.920136185,-0.07241843,-1.448176322,1.740764471,0.438592272,100.0834028,0.790366588,-0.89696248,-1.134868925,2.134868925,0.664,0.8415,1
0.003008097,0.424164327,0.667607067,-0.648915973,-0.010740273,-1.492845471,1.31652304,0.424174993,79.20792079,0.652870627,-0.641936104,-0.983251624,1.983251624,0.526,0.859,0
0.004263209,0.424568189,0.648369005,-0.645808807,-0.013865851,-1.492206119,1.294177812,0.424589593,80.97165992,0.640597005,-0.64001771,-0.999095696,1.999095696,0.737,1.0875,0
0.018368035,0.439855241,0.812276589,-0.934109827,-0.077202917,-1.446632328,1.746386416,0.440238592,78.53403141,0.798316339,-0.903862444,-1.132210879,2.132210879,0.5415,0.734,1
0.003240283,0.424750022,0.655948772,-0.660732971,-0.012400267,-1.489160266,1.316681743,0.424762381,96.98275862,0.643067454,-0.65037775,-1.011367853,2.011367853,0.732,0.848,0
0.003146125,0.424166606,0.647160277,-0.655284886,-0.012589899,-1.49294945,1.302445163,0.424178274,89.75317876,0.637747996,-0.645562968,-1.012254013,2.012254013,0.6545,1.0855,0
0.014378731,0.444261191,0.841433825,-0.925400058,-0.077408615,-1.434252672,1.766833883,0.444493818,100.7556675,0.829021198,-0.90821308,-1.095524556,2.095524556,0.72,0.84,1
0.012191163,0.445044511,0.827562939,-0.933160931,-0.083623725,-1.43019638,1.76072387,0.445211457,94.68700684,0.686914668,-0.90711018,-1.320557301,2.320557301,0.674666667,1.067333333,1
0.018365817,0.43822574,0.861100939,-0.956819782,-0.074859917,-1.448907407,1.817920721,0.438610422,85.71428571,0.803908191,-0.90408292,-1.124609662,2.124609662,0.488,0.6855,1
0.004153589,0.42471994,0.664317438,-0.659718889,-0.009995976,-1.490538808,1.324036327,0.42474025,79.0513834,0.6456764,-0.651719383,-1.009359151,2.009359151,0.6495,0.957,0
0.003301007,0.424249644,0.653243424,-0.645246358,-0.01413212,-1.492783302,1.298489782,0.424262486,80.80808081,0.640595224,-0.636920927,-0.994264244,1.994264244,0.741,0.9565,0
0.003294612,0.424521655,0.649111007,-0.649247211,-0.014284891,-1.48976702,1.298358218,0.424534439,78.63695937,0.642529827,-0.648562225,-1.00938851,2.00938851,0.326,0.6815,0
0.013491726,0.441041603,0.855010102,-0.930923529,-0.063833901,-1.441538148,1.785933631,0.441247915,108.6956522,0.709686785,-0.915885858,-1.290549406,2.290549406,0.751333333,0.958,1
0.012410601,0.440857811,0.823351182,-0.950889164,-0.064652374,-1.422015408,1.774240346,0.441032462,87.20930233,0.801077393,-0.943196378,-1.177409806,2.177409806,0.4965,0.793,1
0.003670489,0.425063153,0.683014248,-0.659503866,-0.012098484,-1.490911974,1.342518114,0.425079,96.98275862,0.646059691,-0.648134853,-1.003212028,2.003212028,0.737,1.085,0
0.016244004,0.440120623,0.824796943,-0.956205961,-0.074211495,-1.438352171,1.781002904,0.440420288,79.10349374,0.802014724,-0.84443547,-1.052892727,2.052892727,0.663,0.988,1
0.00327367,0.425352611,0.648175628,-0.651189535,-0.013613067,-1.492057601,1.299365163,0.425365209,108.0432173,0.639695905,-0.63709955,-0.995941267,1.995941267,0.798666667,1.100333333,0
0.018065203,0.440072856,0.82640603,-0.926928944,-0.087836095,-1.414192323,1.753334974,0.440443492,70.58823529,0.812990983,-0.925151432,-1.137960262,2.137960262,0.483,0.652,1
0.013472509,0.436550001,0.81895243,-0.891759682,-0.054033672,-1.437769773,1.710712112,0.436757841,91.67303285,0.796849669,-0.870938318,-1.092976945,2.092976945,0.832,1.1735,1
0.016125389,0.440440911,0.850499889,-0.942851392,-0.062559535,-1.428990005,1.793351281,0.440736003,78.48266841,0.817329508,-0.908506635,-1.111554918,2.111554918,0.536,0.847,1
0.014954943,0.442394852,0.811273853,-0.967498177,-0.084422125,-1.437734204,1.77877203,0.442647552,82.70158511,0.801336457,-0.911046448,-1.136908772,2.136908772,0.6715,0.886,1
0.003833316,0.424523541,0.655053579,-0.641608485,-0.01197637,-1.494489454,1.296662064,0.424540848,104.6207498,0.639927165,-0.637117789,-0.99560985,1.99560985,0.7425,1.0675,0
0.003221955,0.424517168,0.641925473,-0.645971701,-0.010625362,-1.494391421,1.287897174,0.424529395,97.13977334,0.629308128,-0.639375263,-1.015997147,2.015997147,0.736,1.101,0
0.016267371,0.441556699,0.846477638,-0.91298161,-0.080372674,-1.42809295,1.759459248,0.441856251,81.96721311,0.782435829,-0.886527621,-1.133035563,2.133035563,0.8315,1.2855,1
0.018099921,0.440915565,0.815340997,-0.90966716,-0.07581847,-1.420884653,1.725008157,0.441286916,89.48545861,0.801214933,-0.882990578,-1.102064554,2.102064554,0.8175,1.0015,1
0.018951383,0.436974581,0.856119824,-0.956756026,-0.070054026,-1.455205338,1.81287585,0.437385345,77.17041801,0.794748441,-0.894677948,-1.125737279,2.125737279,0.477,0.8945,1
0.01806512,0.440543407,0.831424124,-0.929790233,-0.06874523,-1.417975207,1.761214357,0.440913645,101.6088061,0.801132835,-0.86852332,-1.08411899,2.08411899,0.7175,0.998,1
0.016245331,0.443299281,0.87858657,-0.947260282,-0.067928993,-1.430076699,1.825846852,0.443596848,70.62978222,0.842178084,-0.929087296,-1.103195765,2.103195765,0.412,0.656,1
0.013223292,0.438264996,0.817719094,-0.934021178,-0.082648725,-1.414536575,1.751740272,0.438464436,83.0449827,0.773496582,-0.896961424,-1.159619118,2.159619118,0.8295,1.2,1
0.002553751,0.424240903,0.650764645,-0.651576998,-0.011583822,-1.490178077,1.302341643,0.424248589,78.74015748,0.638983692,-0.647192532,-1.012846713,2.012846713,0.4295,0.539,0
0.015656259,0.442490046,0.85128353,-0.941239181,-0.062512828,-1.44000322,1.792522711,0.442766936,82.53094911,0.79793109,-0.901753464,-1.13011446,2.13011446,0.823,1.4505,1
0.01738047,0.440727235,0.834192904,-0.959459869,-0.073994128,-1.428774473,1.793652773,0.441069809,86.64259928,0.803621555,-0.937544856,-1.166649712,2.166649712,0.565,0.738,1
0.018718818,0.440706196,0.834486762,-0.945799604,-0.078183162,-1.433589895,1.780286366,0.441103554,78.53403141,0.821662877,-0.921466008,-1.121464817,2.121464817,0.489,0.655,1
0.01785286,0.440402398,0.827531267,-0.908337917,-0.067793943,-1.455336091,1.735869184,0.440764106,82.53094911,0.80265628,-0.893338254,-1.112977343,2.112977343,0.8325,1.221,1
0.014854119,0.443497741,0.860498586,-0.990023317,-0.069181094,-1.435932094,1.850521903,0.443746427,84.80565371,0.81981893,-0.890641495,-1.086388058,2.086388058,0.4965,1.0025,1
0.021626056,0.438597725,0.805244322,-0.958402697,-0.079199555,-1.442582281,1.763647019,0.439130563,91.53318078,0.7827124,-0.929718495,-1.187816233,2.187816233,0.7635,1.074,1
0.012611722,0.440245025,0.824131589,-0.944623255,-0.074180162,-1.450954332,1.768754844,0.440425632,77.17041801,0.792259749,-0.918245386,-1.15902062,2.15902062,0.4085,0.66,1
0.003560185,0.424922579,0.657187435,-0.654038315,-0.01484622,-1.492329324,1.31122575,0.424937493,97.2972973,0.634534886,-0.640926281,-1.010072567,2.010072567,0.663333333,1.041,0
0.019932065,0.441234007,0.828494952,-0.938563071,-0.056112334,-1.453255619,1.767058023,0.441683978,82.24811515,0.813928412,-0.914397651,-1.123437439,2.123437439,0.8245,1.3995,1
0.018535425,0.442567641,0.851138709,-0.90743282,-0.059275366,-1.443063973,1.758571529,0.442955617,70.58823529,0.822359343,-0.883217248,-1.074004029,2.074004029,0.42,1.02,1
0.002865368,0.424924971,0.651955251,-0.635110369,-0.011631317,-1.491959954,1.28706562,0.424934632,81.13590264,0.642747721,-0.631863113,-0.983065505,1.983065505,0.7415,0.9585,0
0.003486607,0.425171257,0.649769555,-0.661007531,-0.015590024,-1.492866122,1.310777086,0.425185553,70.38123167,0.637404834,-0.650374527,-1.020347655,2.020347655,0.43,0.629,0
0.00345762,0.423785728,0.644987929,-0.632514315,-0.012852914,-1.494521138,1.277502244,0.423799832,107.9784043,0.636975645,-0.631926134,-0.992072678,1.992072678,0.799333333,1.062333333,0
0.015434871,0.441154943,0.798734208,-0.922428816,-0.08342904,-1.454769661,1.721163024,0.441424874,76.48183556,0.781355455,-0.907018222,-1.160826633,2.160826633,0.477,0.636,1
0.016952952,0.444774543,0.815714882,-0.924384447,-0.083374077,-1.429653099,1.740099329,0.445097514,79.89347537,0.807220829,-0.904161631,-1.120092048,2.120092048,0.574,0.844,1
0.00310191,0.424934737,0.646167361,-0.65981683,-0.016541969,-1.489387569,1.305984191,0.424946059,79.36507937,0.642437696,-0.647398589,-1.007721982,2.007721982,0.656,1.0705,0
0.003215688,0.424526257,0.64698572,-0.658124826,-0.014352075,-1.494199165,1.305110546,0.424538436,88.823094,0.633478349,-0.651070795,-1.027771186,2.027771186,0.6465,1.2,0
0.019023092,0.44006465,0.86324855,-0.929304822,-0.06722757,-1.432675236,1.792553372,0.440475622,101.2658228,0.793169942,-0.912147537,-1.150002652,2.150002652,0.7115,1.0785,1
0.003176255,0.424204999,0.644569765,-0.647753957,-0.008745112,-1.493331917,1.292323722,0.42421689,80.75370121,0.638901035,-0.646252371,-1.011506219,2.011506219,0.882,0.9875,0
0.016486624,0.441080057,0.850539424,-0.992973823,-0.070398916,-1.433384888,1.843513247,0.441388067,89.28571429,0.841645907,-0.949628965,-1.128299867,2.128299867,0.7585,1.124,1
0.016571426,0.440593996,0.838010388,-0.905207027,-0.074433143,-1.436777672,1.743217415,0.440905524,101.6949153,0.810089884,-0.89582221,-1.105830633,2.105830633,0.6605,0.897,1
0.003527671,0.425152322,0.645565996,-0.65139365,-0.012341748,-1.491612348,1.296959646,0.425166957,89.28571429,0.635653302,-0.645306836,-1.015186791,2.015186791,0.526,0.6315,0
0.017519017,0.439385649,0.811464994,-0.986237665,-0.06045605,-1.441545605,1.797702659,0.439734766,77.17041801,0.799196926,-0.892442963,-1.116674669,2.116674669,0.415,0.98,1
0.003458596,0.424684865,0.647458877,-0.647612452,-0.01020224,-1.490508452,1.295071329,0.424698948,97.71986971,0.636559858,-0.638606018,-1.003214404,2.003214404,0.668,1.028666667,0
0.015554973,0.439670446,0.838015735,-0.931995489,-0.06827135,-1.446510752,1.770011224,0.439945518,78.17589577,0.774027509,-0.904343974,-1.168361543,2.168361543,0.8285,1.5,1
0.003346142,0.424607241,0.631658864,-0.647568864,-0.010082345,-1.490566397,1.279227728,0.424620426,97.93253536,0.513774181,-0.640287529,-1.246243102,2.246243102,0.560666667,0.976333333,0
0.016769426,0.443787461,0.83418655,-0.945458683,-0.082537982,-1.427481641,1.779645233,0.444104181,79.0513834,0.826389198,-0.898177742,-1.086870139,2.086870139,0.667,1.111,1
0.003618109,0.42447859,0.640756316,-0.645068813,-0.014100551,-1.48945648,1.285825129,0.42449401,80.86253369,0.627812591,-0.635053532,-1.011533602,2.011533602,0.8835,1.4385,0
0.003523064,0.423567099,0.638328679,-0.63784727,-0.015545262,-1.491748509,1.276175949,0.423581751,97.24473258,0.526348717,-0.629530031,-1.196032232,2.196032232,0.560333333,0.898,0
0.003617621,0.424665116,0.653791476,-0.645705159,-0.012226583,-1.491646528,1.299496635,0.424680524,97.45533297,0.638586159,-0.640783977,-1.003441695,2.003441695,0.736333333,1.059,0
0.00348118,0.42410195,0.635708271,-0.650841544,-0.012400573,-1.492292961,1.286549815,0.424116238,97.87928222,0.629439848,-0.639422439,-1.015859483,2.015859483,0.668666667,0.852333333,0
0.003460601,0.425156775,0.665035861,-0.657391892,-0.012643947,-1.489291777,1.322427753,0.425170859,117.2638436,0.542379614,-0.647342097,-1.193522176,2.193522176,0.558333333,0.686,0
0.00250546,0.424873226,0.646266453,-0.657158212,-0.013266914,-1.492815114,1.303424665,0.424880613,97.56097561,0.572279774,-0.646309102,-1.129358631,2.129358631,0.566333333,0.882333333,0
0.003461065,0.425515215,0.646693726,-0.643237111,-0.014066069,-1.490631673,1.289930837,0.42552929,97.66684753,0.632478956,-0.638558368,-1.009612039,2.009612039,0.736666667,0.942666667,0
0.019536969,0.441345224,0.814932684,-0.926962231,-0.08381869,-1.441584611,1.741894915,0.441777432,72.07207207,0.805411077,-0.910079898,-1.129957016,2.129957016,0.488,0.9965,1
0.016000853,0.437459458,0.854162443,-0.935162996,-0.061036691,-1.446633683,1.789325439,0.43775199,69.2440854,0.818834056,-0.903333066,-1.103194303,2.103194303,0.618,1.006,1
0.018061613,0.439699664,0.860820249,-0.926764652,-0.053914255,-1.438598773,1.787584901,0.440070468,88.17046289,0.797730639,-0.897057248,-1.124511463,2.124511463,0.502,0.7845,1
0.003818631,0.424851369,0.657869445,-0.648240656,-0.01449826,-1.494822463,1.306110101,0.424868529,80.42895442,0.645740985,-0.634073929,-0.981932298,1.981932298,0.878,0.988,0
0.018446056,0.440359554,0.828887282,-0.933930986,-0.066738638,-1.434602445,1.762818268,0.440745724,101.7811705,0.796392186,-0.909417738,-1.141921975,2.141921975,0.671,0.892,1
0.015351401,0.439579666,0.849530898,-0.961113313,-0.073904532,-1.409313274,1.810644211,0.439847642,72.55139057,0.832572522,-0.951941823,-1.143374057,2.143374057,0.5685,1.0195,1
0.003411978,0.424068281,0.632137188,-0.651691994,-0.014190435,-1.491018372,1.283829182,0.424082006,97.03504043,0.622598145,-0.648974617,-1.042365164,2.042365164,0.735666667,1.005333333,0
0.003740244,0.424820964,0.645040785,-0.673511998,-0.01331341,-1.491875836,1.318552783,0.424837429,80.53691275,0.627317226,-0.653013799,-1.040962645,2.040962645,0.8835,1.167,0
0.012586656,0.442691929,0.826976882,-0.964711489,-0.079320692,-1.437612446,1.791688371,0.442870825,87.08272859,0.795945341,-0.953689991,-1.19818528,2.19818528,0.621,0.849,1
0.01596618,0.443883016,0.853862277,-0.935916752,-0.062952827,-1.455655953,1.789779029,0.444170069,77.22007722,0.821230571,-0.918768013,-1.118769862,2.118769862,0.408,0.8405,1
0.002384767,0.424340064,0.654890999,-0.667912867,-0.013035231,-1.492695018,1.322803866,0.424346765,78.63695937,0.640202324,-0.651044901,-1.016936173,2.016936173,0.323,0.513,0
0.016635073,0.440626913,0.824301236,-0.917157265,-0.057012151,-1.430102623,1.741458501,0.440940815,87.59124088,0.821496821,-0.888043436,-1.081006539,2.081006539,0.57,0.8415,1
0.003860512,0.424763196,0.643064728,-0.649503822,-0.01396194,-1.490868171,1.29256855,0.424780739,71.94244604,0.638164897,-0.639092237,-1.001453135,2.001453135,0.6495,1.093,0
0.015048187,0.439553462,0.840547768,-0.912312829,-0.063840768,-1.448327269,1.752860597,0.439810975,94.98680739,0.699857454,-0.886861729,-1.267203377,2.267203377,0.702333333,1.048333333,1
0.002661201,0.424447101,0.661662444,-0.643806202,-0.013922541,-1.491049715,1.305468646,0.424455443,105.9446733,0.597446673,-0.637844541,-1.06761753,2.06761753,0.569666667,0.763,0
0.003350948,0.424468609,0.661716802,-0.645057583,-0.014892312,-1.492073631,1.306774385,0.424481836,70.1754386,0.648389614,-0.642016115,-0.990170262,1.990170262,0.427,0.7245,0
0.002938094,0.425038435,0.642799213,-0.650915252,-0.01271325,-1.491784884,1.293714465,0.42504859,78.84362681,0.637726159,-0.646452754,-1.013683921,2.013683921,0.649,1.3015,0
0.014520631,0.439304275,0.868327764,-0.941354772,-0.053910496,-1.448465889,1.809682536,0.43954419,77.36943907,0.825351267,-0.909905677,-1.102446573,2.102446573,0.4825,0.891,1
0.017842127,0.440842013,0.819287295,-0.941972877,-0.073905363,-1.431327272,1.761260172,0.441202926,102.4765158,0.757117438,-0.911714648,-1.204191848,2.204191848,0.672,1.01,1
0.0022656,0.424795301,0.645832345,-0.635857126,-0.015169141,-1.490804641,1.281689471,0.424801342,97.24473258,0.631438797,-0.633800704,-1.003740517,2.003740517,0.733666667,1.19,0
0.003158536,0.42400678,0.634939918,-0.644671313,-0.016557082,-1.491105428,1.279611231,0.424018544,97.13977334,0.625537653,-0.639291576,-1.021987361,2.021987361,0.74,1.061333333,0
0.016962565,0.439275244,0.841063673,-0.925609255,-0.06585724,-1.436432232,1.766672928,0.439602626,85.83690987,0.817975784,-0.920412337,-1.125231767,2.125231767,0.491,0.8895,1
0.003050886,0.424649717,0.657644503,-0.645401586,-0.011450395,-1.496244239,1.303046089,0.424660676,105.4481547,0.569323405,-0.640958773,-1.125825441,2.125825441,0.561666667,0.772666667,0
0.015219437,0.438910386,0.82958653,-0.90748274,-0.069129181,-1.428350894,1.73706927,0.439174178,78.2778865,0.823902458,-0.885184845,-1.074380633,2.074380633,0.565,0.6805,1
0.002876291,0.424311614,0.653176653,-0.639095733,-0.01131926,-1.490294563,1.292272386,0.424321362,105.5718475,0.560478219,-0.627684599,-1.119908994,2.119908994,0.561666667,0.956666667,0
0.004018083,0.425235647,0.637972539,-0.653173637,-0.013703869,-1.492346596,1.291146176,0.42525463,108.5645356,0.632667031,-0.646023676,-1.02111165,2.02111165,0.797,1.193666667,0
0.00289886,0.424849768,0.631657551,-0.645505066,-0.013649285,-1.493067685,1.277162617,0.424859658,81.13590264,0.631238276,-0.641656631,-1.016504631,2.016504631,0.7445,1.087,0
0.003740495,0.424336859,0.646779425,-0.647171867,-0.013814451,-1.491968851,1.293951292,0.424353344,78.58546169,0.638132779,-0.636695195,-0.997747202,1.997747202,0.3265,0.6825,0
0.015423668,0.440143972,0.848907396,-0.927196162,-0.054246102,-1.456443324,1.776103558,0.440414129,100.7556675,0.819884792,-0.874945873,-1.067157095,2.067157095,0.6645,0.9615,1
0.003348654,0.425047601,0.635935377,-0.649979083,-0.009796935,-1.491024463,1.28591446,0.425060791,105.1401869,0.469878086,-0.644925609,-1.372538172,2.372538172,0.552,0.838333333,0
0.003866767,0.424381438,0.654610035,-0.645887642,-0.013871647,-1.489127822,1.300497677,0.424399053,108.4990958,0.636606738,-0.635576223,-0.998381239,1.998381239,0.802,1.246666667,0
0.015436798,0.443537185,0.834314447,-0.916976994,-0.062056741,-1.423274812,1.751291441,0.443805734,103.1814273,0.8264887,-0.898267012,-1.086847299,2.086847299,0.7215,1.1245,1
0.017231691,0.440147186,0.828079432,-0.946481414,-0.054058798,-1.471151821,1.774560846,0.440484366,91.60305344,0.791941411,-0.945866711,-1.194364503,2.194364503,0.765,1.0755,1
0.013214308,0.440114786,0.832766541,-0.875862901,-0.050394835,-1.44812566,1.708629442,0.440313119,102.5641026,0.813226662,-0.873751093,-1.074425045,2.074425045,0.721,0.989,1
0.015120046,0.443110383,0.821008007,-0.956445453,-0.068037091,-1.420205923,1.77745346,0.443368275,86.58008658,0.815180607,-0.936629939,-1.148984569,2.148984569,0.4975,0.791,1
0.016367033,0.4398591,0.843133304,-0.93768413,-0.076087801,-1.424957048,1.780817434,0.440163501,88.10572687,0.800516784,-0.916672737,-1.145101208,2.145101208,0.5055,0.792,1
0.018966235,0.440286282,0.831485939,-0.914644444,-0.072347963,-1.447057023,1.746130383,0.440694597,79.10349374,0.81512195,-0.907757868,-1.113646697,2.113646697,0.5675,0.787,1
0.016692526,0.437410039,0.799413102,-0.940916659,-0.06862789,-1.441430963,1.740329761,0.437728435,80.32128514,0.793540896,-0.90238267,-1.137159627,2.137159627,0.4995,0.99,1
0.002092732,0.424004574,0.646661556,-0.645585697,-0.010680754,-1.496365223,1.292247253,0.424009738,103.7165082,0.635463792,-0.639747626,-1.006741271,2.006741271,0.7435,0.8615,0
0.003244554,0.423745816,0.634962067,-0.648224659,-0.015152984,-1.489076828,1.283186726,0.423758237,105.2016365,0.59098711,-0.638411528,-1.080246113,2.080246113,0.581,0.959,0
0.002586995,0.424142176,0.654748968,-0.688235985,-0.014315802,-1.492976093,1.342984953,0.424150065,81.30081301,0.643895859,-0.654399214,-1.016312196,2.016312196,0.742,1.0825,0
0.003851516,0.424505396,0.653221029,-0.653496011,-0.012947615,-1.493870295,1.30671704,0.424522868,103.4482759,0.640521343,-0.646873942,-1.009917856,2.009917856,0.74,1.0745,0
0.016397425,0.442545137,0.818906527,-0.951011055,-0.081069092,-1.417428381,1.769917582,0.442848816,87.8477306,0.778920766,-0.942351019,-1.209816275,2.209816275,0.571,0.796,1
0.016860367,0.442330414,0.827937542,-0.954421959,-0.06919187,-1.427318237,1.782359501,0.442651632,78.48266841,0.807390471,-0.944435426,-1.169738137,2.169738137,0.5405,0.9075,1
0.013817937,0.439613384,0.855655515,-0.894250103,-0.06323473,-1.448086374,1.749905618,0.439830493,103.2702238,0.826729094,-0.887958166,-1.074061832,2.074061832,0.6625,0.9855,1
0.017567492,0.442285846,0.825258531,-0.912323192,-0.074454389,-1.438224373,1.737581723,0.442634597,78.3801437,0.796480774,-0.905251024,-1.13656356,2.13656356,0.4895,0.8455,1
0.017527414,0.443311951,0.851379837,-0.928303977,-0.050668852,-1.450522489,1.779683814,0.44365831,87.46355685,0.835334159,-0.920861068,-1.102386462,2.102386462,0.565,0.6405,1
0.0131433,0.443074134,0.843191149,-0.915007896,-0.084819808,-1.429827193,1.758199045,0.443269032,87.46355685,0.815769847,-0.913269984,-1.119519171,2.119519171,0.4865,0.6385,1
0.015577412,0.443933556,0.815314069,-0.906274922,-0.077503547,-1.431545199,1.721588991,0.444206774,103.0042918,0.765969762,-0.869780603,-1.135528641,2.135528641,0.7175,0.991,1
0.017391338,0.438642344,0.834837488,-0.922713523,-0.072916218,-1.439768077,1.757551011,0.438986976,78.68852459,0.815896742,-0.873662496,-1.070800324,2.070800324,0.8295,0.998,1
0.003183209,0.42491771,0.646898033,-0.658234857,-0.012145715,-1.492655713,1.30513289,0.424929634,89.61911875,0.643211804,-0.646337791,-1.004859964,2.004859964,0.524,0.9885,0
0.014943237,0.439881924,0.835125839,-0.944335864,-0.063105994,-1.44505432,1.779461703,0.44013567,94.33962264,0.55284724,-0.926329287,-1.675561024,2.675561024,0.796,1.139666667,1
0.003725132,0.424006983,0.651708135,-0.640724161,-0.016204628,-1.491155245,1.292432296,0.424023347,80.80808081,0.638283415,-0.638572562,-1.000453006,2.000453006,0.8825,1.086,0
0.020598475,0.439373868,0.81388226,-0.9240616,-0.059820107,-1.451348502,1.73794386,0.439856446,79.36507937,0.793332387,-0.912084867,-1.149688177,2.149688177,0.428,0.69,1
0.002663426,0.42466685,0.657376425,-0.640401013,-0.011433101,-1.491523939,1.297777438,0.424675202,97.13977334,0.638884925,-0.63573854,-0.995075194,1.995075194,0.742,0.910666667,0
0.017628304,0.445486631,0.828916841,-0.935540569,-0.078653777,-1.408231072,1.76445741,0.445835278,98.14612868,0.714253179,-0.909586992,-1.273479795,2.273479795,0.698333333,0.794666667,1
0.016746177,0.441192779,0.837935782,-0.929967212,-0.064077977,-1.46246922,1.767902994,0.441510478,80,0.803730845,-0.923337467,-1.148814273,2.148814273,0.502,1.006,1
0.002559306,0.424789231,0.655758722,-0.653341194,-0.01360261,-1.490564756,1.309099916,0.42479694,97.50812568,0.633203954,-0.646253185,-1.020608258,2.020608258,0.666666667,0.980666667,0
0.003771261,0.424987813,0.6580143,-0.648683754,-0.014561731,-1.492835088,1.306698054,0.425004546,97.19222462,0.638143611,-0.640998971,-1.00447448,2.00447448,0.741,0.851666667,0
0.016855855,0.440936054,0.835751264,-0.908583824,-0.071061559,-1.446069485,1.744335088,0.441258114,89.15304606,0.809006708,-0.898949748,-1.111177125,2.111177125,0.6225,0.988,1
0.015941925,0.440822536,0.854926652,-0.896490697,-0.073127036,-1.44985614,1.751417349,0.441110704,118.0327869,0.696363352,-0.891444737,-1.280143095,2.280143095,0.734,1.059666667,1
0.003806625,0.425041207,0.661131751,-0.654635995,-0.014167227,-1.491652041,1.315767746,0.425058253,89.48545861,0.648333845,-0.63908558,-0.985735334,1.985735334,0.6515,1.0885,0
0.020066683,0.439778746,0.84577616,-0.938457374,-0.065573661,-1.462365336,1.784233534,0.440236319,77.56948933,0.817043128,-0.913109648,-1.117578273,2.117578273,0.401,0.58,1
0.003470842,0.424894903,0.647070601,-0.66341126,-0.010377595,-1.494601102,1.310481861,0.424909079,72.24563516,0.641064529,-0.654142487,-1.020400378,2.020400378,0.652,0.8575,0
0.002065721,0.424952307,0.647375871,-0.665361814,-0.011497355,-1.495412499,1.312737685,0.424957328,81.13590264,0.636884642,-0.651255488,-1.022564283,2.022564283,0.7385,0.9855,0
0.021370325,0.440474753,0.820124356,-0.947780184,-0.055218086,-1.457699228,1.76790454,0.440992855,87.8477306,0.791011685,-0.896343766,-1.133161219,2.133161219,0.493,0.691,1
0.003405905,0.424134607,0.646117883,-0.6408956,-0.014178114,-1.494357596,1.287013483,0.424148282,89.68609865,0.634271923,-0.636636666,-1.003728279,2.003728279,0.743,0.9895,0
0.003423893,0.424249705,0.638154505,-0.643056474,-0.01687445,-1.489586436,1.281210979,0.424263521,108.6300543,0.63080671,-0.63451374,-1.005876651,2.005876651,0.801666667,0.907333333,0
0.003004322,0.424467219,0.651107729,-0.642808019,-0.013966781,-1.490513436,1.293915748,0.424477851,108.4990958,0.634657575,-0.633076135,-0.997508199,1.997508199,0.800666667,1.248666667,0
0.015564378,0.442862343,0.827244643,-0.929715533,-0.071825284,-1.428684208,1.756960176,0.443135763,116.1290323,0.539364778,-0.891424018,-1.652729387,2.652729387,0.917,1.175666667,1
0.002573426,0.423981384,0.639167486,-0.646957025,-0.012435611,-1.490829803,1.286124511,0.423989194,80.91706001,0.638374866,-0.639415317,-1.001629843,2.001629843,0.8835,1.301,0
0.015664092,0.440349209,0.812232893,-0.919833313,-0.075137563,-1.414869298,1.732066206,0.440627722,66.15214994,0.809759321,-0.898856019,-1.110028617,2.110028617,0.544,0.9095,1
0.003680201,0.424895942,0.639605687,-0.644459013,-0.015578262,-1.491646067,1.2840647,0.42491188,81.08108108,0.631979275,-0.639992974,-1.01268032,2.01268032,0.8865,1.1855,0
0.002883552,0.4249305,0.651538221,-0.642984086,-0.014562679,-1.490368189,1.294522307,0.424940284,105.9446733,0.532256446,-0.641023621,-1.20435107,2.20435107,0.561666667,0.971333333,0
0.017714797,0.441258557,0.850004137,-0.913756877,-0.066428783,-1.439101439,1.763761014,0.441614004,71.13218731,0.824563095,-0.908542232,-1.101846829,2.101846829,0.415,0.8435,1
0.003215752,0.424927353,0.643169866,-0.646429223,-0.014449747,-1.491568281,1.289599089,0.424939521,80.64516129,0.636013134,-0.646277423,-1.016138485,2.016138485,0.741,0.955,0
0.017931058,0.442962519,0.832496842,-0.945925617,-0.057811895,-1.4337102,1.778422459,0.443325293,77.72020725,0.823308063,-0.933988339,-1.134433611,2.134433611,0.41,0.8435,1
0.002764434,0.424662958,0.641702183,-0.668030318,-0.017298807,-1.491835977,1.309732501,0.424671955,108.3684527,0.631494658,-0.648115993,-1.026320626,2.026320626,0.798,1.036666667,0
0.018652773,0.442817609,0.884442959,-0.915240016,-0.07585597,-1.436991578,1.799682975,0.44321029,78.63695937,0.830908995,-0.895835473,-1.078139097,2.078139097,0.671,0.9995,1
0.014018914,0.44304252,0.830731048,-0.921128436,-0.069918048,-1.431112093,1.751859484,0.44326426,78.32898172,0.811907098,-0.911488019,-1.122650634,2.122650634,0.539,0.737,1
0.013511875,0.442540552,0.856624309,-0.915861134,-0.078469792,-1.425118282,1.772485443,0.44274678,100,0.789295521,-0.895540882,-1.134607835,2.134607835,0.672,1.124,1
0.014811665,0.442846723,0.828281081,-0.943369729,-0.075144045,-1.442894118,1.77165081,0.443094353,89.95502249,0.778060034,-0.935835144,-1.202780124,2.202780124,0.655,0.909,1
0.003356468,0.424273676,0.640128527,-0.639485469,-0.015901728,-1.490103533,1.279613996,0.424286952,97.2972973,0.532491579,-0.63300801,-1.188766235,2.188766235,0.559333333,0.823,0
0.003608294,0.424721786,0.652720698,-0.651920525,-0.013393207,-1.493596236,1.304641223,0.424737113,97.03504043,0.642096599,-0.640776337,-0.997943826,1.997943826,0.735,1.152333333,0
0.01385656,0.445920109,0.831556346,-0.943948568,-0.083668506,-1.405050776,1.775504914,0.446135347,102.3017903,0.776307227,-0.925830486,-1.192608356,2.192608356,0.674,0.994,1
0.017800244,0.437551233,0.852540744,-0.894899693,-0.043629922,-1.461228688,1.747440437,0.437913153,78.94736842,0.827551165,-0.871176619,-1.052716322,2.052716322,0.5695,1.02,1
0.01629785,0.43729359,0.834078804,-0.899813696,-0.072968861,-1.43658958,1.7338925,0.437597193,100,0.798463509,-0.880165546,-1.102324072,2.102324072,0.7155,1.022,1
0.014635736,0.441820523,0.886717148,-0.956161008,-0.089847019,-1.398639413,1.842878156,0.442062868,103.1814273,0.803957637,-0.923882689,-1.149168373,2.149168373,0.718,0.8465,1
0.002358874,0.424127783,0.640914614,-0.651328743,-0.016311063,-1.492046424,1.292243357,0.424134343,108.5645356,0.630218544,-0.64986995,-1.031181891,2.031181891,0.800333333,1.001666667,0
0.013501648,0.442191535,0.820922132,-0.911881606,-0.057544216,-1.439362791,1.732803738,0.442397613,87.27272727,0.811653521,-0.906547815,-1.116914781,2.116914781,0.4965,0.5835,1
0.017362093,0.442186558,0.822507736,-0.920291478,-0.056005196,-1.44762417,1.742799214,0.442527281,71.09004739,0.788537057,-0.902659204,-1.144726423,2.144726423,0.484,0.6535,1
0.003734782,0.423815752,0.64755179,-0.647545593,-0.010746354,-1.491980302,1.295097383,0.423832207,97.34991888,0.634837938,-0.641231408,-1.010071027,2.010071027,0.664666667,1.123,0
0.002790383,0.424260936,0.645339166,-0.680841524,-0.01045865,-1.490055768,1.32618069,0.424270112,79.47019868,0.640315516,-0.667485512,-1.0424322,2.0424322,0.653,1.072,0
0.014852403,0.439869743,0.839317554,-0.937791258,-0.066960814,-1.433542532,1.777108812,0.440120421,109.4890511,0.709511308,-0.904402238,-1.274683332,2.274683332,0.741666667,1.203666667,1
0.003439211,0.424879094,0.642402736,-0.6611281,-0.012772231,-1.492014269,1.303530836,0.424893014,89.82035928,0.634605489,-0.64731658,-1.020029911,2.020029911,0.7425,1.074,0
0.014934994,0.442580678,0.851093413,-0.916242703,-0.064314758,-1.419824856,1.767336116,0.442832599,78.3801437,0.832288029,-0.909441066,-1.092699924,2.092699924,0.493,0.753,1
0.003020133,0.424509151,0.641826734,-0.65032087,-0.015649406,-1.498179839,1.292147604,0.424519894,108.3032491,0.637853658,-0.642772817,-1.00771205,2.00771205,0.798666667,1.154,0
0.013884575,0.44062035,0.85270908,-0.903066712,-0.062324986,-1.453081202,1.755775792,0.440839057,106.0070671,0.696732141,-0.858178909,-1.231719995,2.231719995,0.669333333,0.971666667,1
0.004053909,0.424024868,0.653091377,-0.642496349,-0.009715265,-1.486820777,1.295587726,0.424044247,97.4025974,0.630878945,-0.63399756,-1.004943287,2.004943287,0.735666667,0.849666667,0
0.015352023,0.440205989,0.833750505,-0.911726538,-0.076842095,-1.443477977,1.745477043,0.440473606,78.02340702,0.797840633,-0.897359354,-1.124735087,2.124735087,0.668,0.981,1
0.015935056,0.44044896,0.827920721,-0.944539001,-0.072356505,-1.435026218,1.772459722,0.440737123,77.87151201,0.791180433,-0.928340155,-1.173360862,2.173360862,0.4905,0.8985,1
0.002494208,0.424573703,0.662373287,-0.637390868,-0.01608988,-1.493170644,1.299764155,0.424581029,97.4025974,0.634481303,-0.635661149,-1.001859544,2.001859544,0.734,1.192333333,0
0.017038082,0.440348903,0.846398556,-0.952640795,-0.053901671,-1.440692084,1.799039351,0.4406784,87.78346745,0.827411627,-0.929542402,-1.123434058,2.123434058,0.4865,0.581,1
0.003084947,0.424577065,0.641928054,-0.641997792,-0.010934737,-1.491967371,1.283925846,0.424588272,103.2702238,0.639979932,-0.633780428,-0.990312973,1.990312973,0.743,1.076,0
0.017197531,0.443135562,0.83841491,-0.964175827,-0.067819259,-1.446526489,1.802590737,0.443469144,78.22685789,0.828311572,-0.940174706,-1.135049584,2.135049584,0.5325,1.0145,1
0.003758963,0.424237422,0.652830396,-0.644605951,-0.012890785,-1.491412033,1.297436347,0.424254075,97.2972973,0.639709622,-0.634557302,-0.991945846,1.991945846,0.738333333,1.002666667,0
0.003072251,0.424714842,0.658588283,-0.656313413,-0.013692231,-1.490675489,1.314901696,0.424725953,97.34991888,0.652155212,-0.648230574,-0.993982048,1.993982048,0.667,1.060666667,0
0.012176485,0.444767134,0.840655588,-0.917849891,-0.053682644,-1.435073212,1.758505479,0.444933782,116.8831169,0.73151306,-0.883176609,-1.20732856,2.20732856,0.729666667,1.057,1
0.015143315,0.440520517,0.848598333,-0.914613707,-0.057833634,-1.444489348,1.76321204,0.440780723,101.6949153,0.813780598,-0.881084463,-1.082705172,2.082705172,0.6705,1.125,1
0.013047746,0.445582248,0.841460197,-0.947529098,-0.08792736,-1.404957713,1.788989295,0.445773242,78.17589577,0.804088101,-0.928783127,-1.155076322,2.155076322,0.4045,0.8925,1
0.002857368,0.424578627,0.651166162,-0.652405398,-0.012253147,-1.491132509,1.30357156,0.424588241,108.4990958,0.630965686,-0.640928489,-1.015789769,2.015789769,0.798333333,1.101333333,0
0.018784453,0.442145302,0.830463489,-0.927001792,-0.070614147,-1.426136649,1.757465281,0.442544149,88.30022075,0.802009942,-0.90531882,-1.128812466,2.128812466,0.499,0.9075,1
0.017420917,0.442595639,0.84500387,-0.94571865,-0.090982444,-1.404539401,1.79072252,0.442938357,77.07129094,0.823125638,-0.939022394,-1.140800809,2.140800809,0.412,0.801,1
0.017996556,0.438319088,0.81288927,-0.90891065,-0.063759031,-1.45822667,1.72179992,0.438688385,109.2896175,0.669505482,-0.899056636,-1.342866728,2.342866728,0.733666667,1.200333333,1
0.014820834,0.440120875,0.837616968,-0.940734773,-0.052851383,-1.426082703,1.778351741,0.440370346,99.83361065,0.715468143,-0.907610729,-1.268555055,2.268555055,0.703666667,0.956666667,1
0.002846741,0.424699735,0.657110807,-0.645891132,-0.00971093,-1.496079444,1.303001939,0.424709276,108.2381239,0.637033261,-0.639146104,-1.003316691,2.003316691,0.798,1.099666667,0
0.018792099,0.438039572,0.887137434,-0.926989363,-0.069358195,-1.447336426,1.814126797,0.438442482,101.3513514,0.838341816,-0.865855788,-1.032819515,2.032819515,0.6655,0.973,1
0.015193579,0.441333695,0.835610527,-0.943031778,-0.062526843,-1.43668687,1.778642305,0.441595149,117.2638436,0.745003188,-0.88764968,-1.191470982,2.191470982,0.732333333,0.955666667,1
0.017613025,0.440426427,0.828901359,-0.927339918,-0.067260666,-1.432439873,1.756241277,0.440778467,94.88666315,0.694401089,-0.872920132,-1.257083472,2.257083472,0.702,0.969,1
0.003337874,0.424526047,0.663051086,-0.649878375,-0.013592466,-1.494228137,1.312929461,0.424539169,108.2381239,0.641766001,-0.639865039,-0.997037921,1.997037921,0.800333333,0.911666667,0
0.019537522,0.435506945,0.879386269,-0.945149693,-0.062384567,-1.425969791,1.824535962,0.435944967,106.44589,0.572026979,-0.9189373,-1.606457971,2.606457971,0.570666667,0.698666667,1
0.003036454,0.424856581,0.648244742,-0.657748106,-0.010147119,-1.491548183,1.305992848,0.424867432,97.56097561,0.502807531,-0.641432672,-1.275702197,2.275702197,0.558,0.761,0
0.016053616,0.440094918,0.834203063,-0.914358731,-0.058728105,-1.439267333,1.748561794,0.440387619,98.9010989,0.678349458,-0.851058875,-1.254602424,2.254602424,0.703,0.973,1
0.017509332,0.44166998,0.827173783,-0.944483223,-0.070783743,-1.42546217,1.771657006,0.442016909,78.84362681,0.813321302,-0.922458521,-1.134187091,2.134187091,0.489,0.732,1
0.016033731,0.442904595,0.842723148,-0.9284109,-0.076357914,-1.419002406,1.771134048,0.443194722,89.95502249,0.82327344,-0.898645719,-1.091551937,2.091551937,0.76,1.017,1
0.003361025,0.42472518,0.646185502,-0.636416285,-0.016295123,-1.492838342,1.282601787,0.424738479,80.97165992,0.639782053,-0.636043523,-0.994156556,1.994156556,0.737,1.086,0
0.014921284,0.440878854,0.820055493,-0.913455607,-0.074853536,-1.456528862,1.7335111,0.441131283,71.04795737,0.794737039,-0.885434063,-1.114122055,2.114122055,0.4015,0.553,1
0.003180845,0.424628583,0.646372807,-0.653453659,-0.013980556,-1.493662582,1.299826466,0.424640496,97.2972973,0.542869866,-0.643026373,-1.184494506,2.184494506,0.562666667,0.851333333,0
0.014378821,0.44473407,0.822030578,-0.965527351,-0.088039362,-1.447800432,1.787557929,0.444966452,82.07934337,0.809370161,-0.94193804,-1.163791409,2.163791409,0.8255,1.343,1
0.018634944,0.441141388,0.804019178,-0.95127817,-0.072501694,-1.4274356,1.755297348,0.441534806,102.3017903,0.747831603,-0.923458818,-1.234848613,2.234848613,0.709,0.9875,1
0.003260198,0.42445771,0.646787298,-0.642557146,-0.011046393,-1.489343434,1.289344444,0.42447023,78.53403141,0.639531,-0.636907668,-0.995898038,1.995898038,0.525,0.818,0
0.02035656,0.436306078,0.840340615,-0.915578274,-0.07051407,-1.456377092,1.755918889,0.436780704,90.02250563,0.806177352,-0.873509885,-1.083520745,2.083520745,0.8285,1.0235,1
0.002364636,0.425043526,0.649364897,-0.636742584,-0.013967991,-1.494807259,1.286107481,0.425050104,72.42003621,0.637426423,-0.633410293,-0.993699461,1.993699461,0.654,0.863,0
0.003820553,0.424478638,0.643880752,-0.646886575,-0.017718891,-1.491838044,1.290767327,0.424495831,108.1730769,0.637729483,-0.634473345,-0.994894172,1.994894172,0.796666667,1.065666667,0
0.003250538,0.425154884,0.649309833,-0.672290868,-0.011884714,-1.491338931,1.321600701,0.425167309,105.7579318,0.574668179,-0.647730393,-1.127138089,2.127138089,0.591333333,0.812,0
0.015665957,0.436960991,0.826446183,-0.906581297,-0.071758164,-1.431917196,1.73302748,0.437241729,103.1814273,0.799755179,-0.90291546,-1.128989825,2.128989825,0.732,0.966,1
0.003805586,0.425350584,0.642054667,-0.668636568,-0.010493477,-1.493988787,1.310691235,0.425367608,105.5099648,0.579457749,-0.64392683,-1.111257604,2.111257604,0.566333333,0.852,0
0.003183474,0.425327811,0.663164392,-0.654656361,-0.015453741,-1.489403231,1.317820753,0.425339724,88.75739645,0.642950821,-0.642377111,-0.999107693,1.999107693,0.653,0.99,0
0.019934665,0.443934786,0.873555442,-0.925360573,-0.078602816,-1.438829509,1.798916015,0.444382139,79.36507937,0.823673609,-0.909601504,-1.104322749,2.104322749,0.5045,0.786,1
0.003536261,0.424589702,0.654280867,-0.643322073,-0.008652715,-1.491111374,1.29760294,0.424604428,118.6552406,0.577639478,-0.635689083,-1.100494526,2.100494526,0.567666667,0.805666667,0
0.003432521,0.424608612,0.633559292,-0.639763783,-0.010571916,-1.49117476,1.273323075,0.424622486,107.9784043,0.626823315,-0.63374435,-1.011041444,2.011041444,0.798666667,1.061333333,0
0.003430118,0.424434515,0.647099714,-0.645865601,-0.013758212,-1.488240604,1.292965315,0.424448375,89.75317876,0.639989805,-0.637691119,-0.996408245,1.996408245,0.652,1.2025,0
0.003253078,0.424009259,0.654200135,-0.652402149,-0.014621632,-1.489958744,1.306602284,0.424021738,97.50812568,0.640711151,-0.647042152,-1.009881209,2.009881209,0.667,1.037,0
0.003427901,0.424162296,0.659150136,-0.637273908,-0.015098454,-1.489134226,1.296424044,0.424176147,89.68609865,0.645654587,-0.636420737,-0.985698468,1.985698468,0.6545,1.076,0
0.014031747,0.443512345,0.872738732,-0.918553606,-0.057242901,-1.449649863,1.791292338,0.443734256,78.99934167,0.82734353,-0.889326789,-1.074918406,2.074918406,0.412,0.7415,1
0.004114849,0.42459123,0.64783604,-0.646455418,-0.01155847,-1.494996525,1.294291458,0.424611169,89.75317876,0.643967328,-0.645574462,-1.002495677,2.002495677,0.6565,1.0715,0
0.014991823,0.443975374,0.854454318,-0.918202443,-0.07419524,-1.435205706,1.772656761,0.444228418,105.0788091,0.544425568,-0.91400469,-1.678842333,2.678842333,0.578333333,0.642,1
0.015462463,0.439134169,0.831668439,-0.917400793,-0.077895359,-1.431479495,1.749069232,0.439406311,78.53403141,0.805646507,-0.891717437,-1.106834609,2.106834609,0.568,1.003,1
0.016848801,0.440453209,0.828875228,-0.931165837,-0.064889148,-1.419458904,1.760041065,0.440775352,88.17046289,0.811296186,-0.88053762,-1.085346677,2.085346677,0.4985,1.0035,1
0.00343419,0.424405582,0.659681899,-0.636506219,-0.009919629,-1.491665861,1.296188118,0.424419477,97.4025974,0.638188614,-0.634105232,-0.993601607,1.993601607,0.740666667,1.129666667,0
0.01617062,0.439998858,0.833798741,-0.909056536,-0.070626658,-1.454596704,1.742855277,0.440295905,79.47019868,0.801051897,-0.874517463,-1.091711369,2.091711369,0.6675,1.1395,1
0.016276019,0.438898986,0.824274616,-0.920459204,-0.051169649,-1.441735041,1.74473382,0.43920067,71.17437722,0.806731683,-0.890743163,-1.104138069,2.104138069,0.534,0.89,1
0.016354906,0.440497928,0.838924048,-0.916980481,-0.065384155,-1.444631238,1.755904529,0.440801438,91.60305344,0.829639141,-0.874864792,-1.054512437,2.054512437,0.761,1.0135,1
0.003344753,0.424056318,0.664222328,-0.652176678,-0.016446155,-1.492527838,1.316399006,0.424069509,89.68609865,0.643718589,-0.635272492,-0.986879209,1.986879209,0.7445,0.9895,0
0.018465299,0.440930057,0.848201068,-0.90172195,-0.058400998,-1.465003553,1.749923018,0.441316534,117.3402868,0.713273541,-0.87569127,-1.227707492,2.227707492,0.730333333,0.980333333,1
0.015694856,0.444571307,0.835343283,-0.957630452,-0.060205402,-1.441225003,1.792973735,0.444848261,87.97653959,0.8186623,-0.93045905,-1.136560276,2.136560276,0.497,0.857,1
0.016198313,0.443842815,0.846610387,-0.964691392,-0.068885133,-1.436209185,1.811301779,0.4441383,88.62629247,0.833559534,-0.953675557,-1.144100112,2.144100112,0.493,0.846,1
0.003811391,0.424904021,0.655455873,-0.647420572,-0.009912139,-1.493154414,1.302876445,0.424921114,89.88764045,0.649228298,-0.631305039,-0.97239298,1.97239298,0.655,1.0725,0
0.016371309,0.439883053,0.810252749,-0.901677212,-0.069210435,-1.446136546,1.711929961,0.440187597,101.1804384,0.800109676,-0.892126852,-1.115005702,2.115005702,0.6635,0.7875,1
0.002213312,0.424677937,0.642394245,-0.65482286,-0.012144865,-1.493249092,1.297217105,0.424683705,103.5375324,0.641065075,-0.644815194,-1.005849826,2.005849826,0.741,0.8615,0
0.016257137,0.441270944,0.871419511,-0.945324887,-0.070103511,-1.436282943,1.816744398,0.441570312,78.63695937,0.839245307,-0.92842297,-1.106259352,2.106259352,0.5665,0.89,1
0.018563133,0.440320227,0.836621874,-0.895768139,-0.056278063,-1.459797817,1.732390013,0.440711348,79.57559682,0.816699233,-0.879142533,-1.076458135,2.076458135,0.492,0.804,1
0.015693891,0.439458386,0.84921935,-0.919340147,-0.052775732,-1.450137449,1.768559497,0.439738526,101.8675722,0.828986606,-0.893833549,-1.078224355,2.078224355,0.72,1.122,1
0.015637438,0.439718452,0.843575161,-0.924186686,-0.062493504,-1.457566147,1.767761847,0.439996416,90.84027252,0.789819493,-0.921829849,-1.167139907,2.167139907,0.7635,1.0765,1
0.015218238,0.441043561,0.845798344,-0.914451021,-0.077940788,-1.424850187,1.760249365,0.441306036,91.32420091,0.820123579,-0.90397713,-1.102245019,2.102245019,0.7205,0.964,1
0.003729932,0.425985125,0.643546784,-0.653792179,-0.012175258,-1.49623214,1.297338963,0.426001455,97.03504043,0.508861452,-0.639089498,-1.255920439,2.255920439,0.555333333,0.900666667,0
0.00267764,0.424671716,0.659733124,-0.66701541,-0.018882751,-1.490597942,1.326748534,0.424680158,89.61911875,0.645318408,-0.650352611,-1.007801115,2.007801115,0.7435,1.088,0
0.002770138,0.424404117,0.643927361,-0.643959066,-0.011385368,-1.49145489,1.287886427,0.424413157,80.91706001,0.636052872,-0.639347754,-1.0051802,2.0051802,0.7415,1.38,0
0.002938544,0.424434914,0.646187231,-0.652761341,-0.015129876,-1.490346613,1.298948572,0.424445086,118.2654402,0.54082184,-0.642514325,-1.188033242,2.188033242,0.563333333,0.832333333,0
0.002578317,0.424682633,0.631770493,-0.643830037,-0.013125077,-1.49279637,1.27560053,0.42469046,78.53403141,0.624869102,-0.642875791,-1.028816736,2.028816736,0.321,0.805,0
0.015887309,0.443644773,0.861818675,-0.917528307,-0.042036351,-1.443560263,1.779346982,0.443929151,70.62978222,0.852035057,-0.897252764,-1.053070242,2.053070242,0.409,0.5755,1
0.017915045,0.444092546,0.828187654,-0.919657169,-0.064688282,-1.425291662,1.747844823,0.444453753,82.36101579,0.81880798,-0.898738579,-1.097618247,2.097618247,0.717,0.9075,1
0.004337802,0.424851124,0.641136585,-0.641632675,-0.010289445,-1.495735265,1.28276926,0.424873269,97.34991888,0.634837971,-0.634800066,-0.999940292,1.999940292,0.663,0.852333333,0
0.016446004,0.441157605,0.833136877,-0.939155692,-0.062773214,-1.446721099,1.772292569,0.441464046,87.5273523,0.805131975,-0.897979006,-1.11531902,2.11531902,0.4965,0.844,1
0.003608624,0.42444716,0.647488395,-0.64677697,-0.014120072,-1.492056153,1.294265365,0.4244625,108.1730769,0.633658951,-0.64265639,-1.014199182,2.014199182,0.799666667,1.105,0
0.017504488,0.442262173,0.849617444,-0.937537333,-0.065442664,-1.447602904,1.787154777,0.442608447,92.66409266,0.823407539,-0.915065358,-1.111315253,2.111315253,0.728,1.1855,1
0.003407624,0.424431512,0.649627683,-0.656631742,-0.011361033,-1.490236709,1.306259425,0.424445191,89.61911875,0.645418235,-0.653278038,-1.012177844,2.012177844,0.652,1.072,0
0.018033107,0.443198426,0.823745109,-0.957303125,-0.08329304,-1.425586468,1.781048234,0.443565145,105.9446733,0.505770664,-0.941324178,-1.861168007,2.861168007,0.594,0.851333333,1
0.00342188,0.425029937,0.650064144,-0.642641826,-0.01237115,-1.494613303,1.29270597,0.425043711,89.35219657,0.636365937,-0.636958058,-1.000930473,2.000930473,0.7385,0.99,0
0.003459188,0.424474688,0.661486801,-0.640583102,-0.009973643,-1.491121181,1.302069903,0.424488783,81.19079838,0.650974548,-0.632990383,-0.972373474,1.972373474,0.742,1.209,0
0.003256222,0.424085037,0.637850463,-0.645357043,-0.010333561,-1.495619831,1.283207506,0.424097538,97.24473258,0.632004361,-0.638333033,-1.010013653,2.010013653,0.738666667,1.131666667,0
0.002831551,0.424537412,0.658009072,-0.636699976,-0.011442985,-1.493256961,1.294709048,0.424546855,78.84362681,0.644754358,-0.636605677,-0.987361573,1.987361573,0.521,0.814,0
0.003470321,0.42461133,0.652670205,-0.646852363,-0.011135774,-1.489021117,1.299522568,0.424625512,78.99934167,0.645900124,-0.638780745,-0.988977585,1.988977585,0.5205,0.766,0
0.016605331,0.437728491,0.842094806,-0.957206042,-0.068866071,-1.444721945,1.799300848,0.438043341,109.2896175,0.723628173,-0.929693753,-1.284767216,2.284767216,0.739,0.994666667,1
0.01535128,0.440673813,0.858868359,-0.951706722,-0.073685564,-1.42326252,1.810575081,0.44094112,78.58546169,0.829986235,-0.915992939,-1.103624252,2.103624252,0.495,0.8485,1
0.017830791,0.444309442,0.847756752,-0.93379779,-0.055973644,-1.432352721,1.781554542,0.444667086,87.46355685,0.821325757,-0.918114748,-1.117844826,2.117844826,0.4975,0.837,1
0.01794029,0.44120245,0.871659345,-0.943078616,-0.064308343,-1.426652918,1.814737961,0.441567046,71.59904535,0.837143404,-0.916966998,-1.095352353,2.095352353,0.4205,0.4935,1
0.015538594,0.440978245,0.866045688,-0.951126669,-0.071894011,-1.429457177,1.817172357,0.441251924,78.68852459,0.82617174,-0.905921039,-1.096528718,2.096528718,0.6735,1.13,1
0.002879081,0.424270913,0.635812767,-0.6517076,-0.013722262,-1.49707256,1.287520367,0.424280682,80.64516129,0.631526763,-0.643777579,-1.019398727,2.019398727,0.882,1.2685,0
0.003262924,0.424446504,0.640388795,-0.65299744,-0.013542887,-1.493322445,1.293386235,0.424459045,97.2972973,0.62851541,-0.646008257,-1.02783201,2.02783201,0.735333333,0.852333333,0
0.016957154,0.44021876,0.878067587,-0.966022802,-0.080583892,-1.423756331,1.844090389,0.440545233,88.43036109,0.802323753,-0.928654117,-1.157455594,2.157455594,0.507,0.581,1
0.003429223,0.42425828,0.658686883,-0.648883245,-0.012048381,-1.493783887,1.307570128,0.424272138,79.0513834,0.648691402,-0.643358339,-0.991778735,1.991778735,0.6475,0.9875,0
0.015421317,0.439559583,0.830933164,-0.955663411,-0.049687163,-1.445157691,1.786596575,0.439830017,81.9112628,0.825773049,-0.882960439,-1.069253156,2.069253156,0.825,1.2315,1
0.018492075,0.440638015,0.838715988,-0.923833311,-0.059254824,-1.455288044,1.762549299,0.441025869,94.58749343,0.575292282,-0.905285063,-1.573608913,2.573608913,0.568666667,0.638666667,1
0.002589511,0.425084968,0.655280603,-0.64315153,-0.011706168,-1.493825039,1.298432133,0.425092856,79.47019868,0.653113804,-0.636754827,-0.974952333,1.974952333,0.657,0.772,0
0.003392337,0.424756809,0.64993973,-0.649494365,-0.014968643,-1.49315455,1.299434095,0.424770356,108.7613293,0.637769988,-0.640701077,-1.004595841,2.004595841,0.803333333,0.908,0
0.016649906,0.440860334,0.831178336,-0.93067699,-0.063026553,-1.431713931,1.761855326,0.441174629,100.41841,0.821171368,-0.910953827,-1.109334618,2.109334618,0.6585,0.998,1
0.002805949,0.424031712,0.644232669,-0.649079824,-0.013811764,-1.492624272,1.293312493,0.424040996,70.42253521,0.639803331,-0.647592614,-1.012174496,2.012174496,0.428,0.864,0
0.002411036,0.424238054,0.636330136,-0.649402291,-0.012887583,-1.496743098,1.285732427,0.424244906,103.7165082,0.632018891,-0.645631879,-1.021538894,2.021538894,0.736,0.8605,0
0.017062817,0.440256548,0.805515206,-0.940816838,-0.071393218,-1.452581273,1.746332044,0.440587072,78.63695937,0.790365687,-0.912277333,-1.154247139,2.154247139,0.6265,0.963,1
0.018126836,0.442161714,0.839206208,-0.941314973,-0.065157862,-1.446151526,1.780521181,0.442533122,77.56948933,0.826275349,-0.897468373,-1.086161379,2.086161379,0.824,1.0135,1
0.016352434,0.44048236,0.85650216,-0.925867409,-0.056747078,-1.436432448,1.782369569,0.440785789,87.33624454,0.826304672,-0.9043358,-1.094433846,2.094433846,0.5635,0.8475,1
0.019049078,0.440923553,0.825502849,-0.96958562,-0.089130932,-1.406751033,1.795088469,0.441334847,90.02250563,0.813957765,-0.920448584,-1.13083089,2.13083089,0.768,1.1095,1
0.015415313,0.442805738,0.804837506,-0.953939978,-0.080827763,-1.441800993,1.758777484,0.443073982,102.4765158,0.750605509,-0.949426677,-1.26488104,2.26488104,0.674,1.0165,1
0.003709044,0.424359313,0.63726416,-0.649008312,-0.015386127,-1.491308733,1.286272472,0.424375522,88.823094,0.628353428,-0.647856951,-1.031039096,2.031039096,0.5205,0.9905,0
0.016259813,0.443049164,0.825669921,-0.887335905,-0.062116825,-1.453712677,1.713005826,0.443347429,98.14612868,0.717790444,-0.878872712,-1.224414061,2.224414061,0.672333333,1.066666667,1
0.00307896,0.424468621,0.64381274,-0.646370956,-0.013707549,-1.493036839,1.290183696,0.424479788,97.2972973,0.551980633,-0.63901981,-1.157685202,2.157685202,0.561333333,0.771333333,0
0.002355414,0.425258032,0.640652377,-0.644030151,-0.009442766,-1.492964387,1.284682528,0.425264555,97.66684753,0.632370864,-0.639364966,-1.011060126,2.011060126,0.664,0.835666667,0
0.002782727,0.424239078,0.636023958,-0.644052093,-0.011403476,-1.491179467,1.280076051,0.424248205,97.34991888,0.630813742,-0.638909994,-1.012834616,2.012834616,0.665333333,0.953,0
0.016168377,0.443000882,0.856427423,-0.937793401,-0.073264037,-1.416966626,1.794220824,0.443295836,104.1064199,0.702692493,-0.91474518,-1.30177167,2.30177167,0.753,1.020666667,1
0.001984655,0.424732937,0.642109377,-0.657588181,-0.014039107,-1.49349675,1.299697558,0.424737574,97.50812568,0.585071268,-0.645939671,-1.104035877,2.104035877,0.566666667,0.761,0
0.003485352,0.425322833,0.640379912,-0.65626926,-0.015524095,-1.491994072,1.296649172,0.425337114,72.50755287,0.631882092,-0.646094696,-1.022492493,2.022492493,0.648,1.0685,0
0.002773922,0.425103116,0.633831934,-0.64075774,-0.013912429,-1.490548073,1.274589674,0.425112166,97.2972973,0.632191357,-0.634437912,-1.003553599,2.003553599,0.668333333,1.178333333,0
0.017290822,0.439029896,0.83026536,-0.95112783,-0.081412988,-1.422418735,1.78139319,0.439370256,108.5645356,0.725717709,-0.913845831,-1.259230441,2.259230441,0.727333333,1.138333333,1
0.016748308,0.445131061,0.832592457,-0.954351291,-0.077268579,-1.42418916,1.786943748,0.445446032,78.58546169,0.816367844,-0.907143942,-1.111195092,2.111195092,0.6665,1.127,1
0.004209052,0.424515175,0.647092131,-0.646988265,-0.010734497,-1.492157459,1.294080396,0.424536041,72.15874925,0.646034625,-0.639813176,-0.99036979,1.99036979,0.655,1.383,0
0.003070649,0.424090836,0.644607326,-0.639036741,-0.009230941,-1.498706787,1.283644067,0.424101952,89.61911875,0.641487535,-0.638273596,-0.994989865,1.994989865,0.739,1.087,0
0.002552091,0.424189873,0.637168054,-0.645243946,-0.014962888,-1.491981221,1.282412,0.42419755,106.257379,0.596971937,-0.64171087,-1.074943109,2.074943109,0.582333333,0.839333333,0
0.015524032,0.443809758,0.798551153,-0.919916278,-0.087036686,-1.417950787,1.718467431,0.444081183,78.22685789,0.796218045,-0.904109196,-1.135504529,2.135504529,0.4175,0.6465,1
0.002801511,0.423490398,0.643725423,-0.638152871,-0.011577979,-1.491284045,1.281878294,0.423499664,105.8823529,0.506286144,-0.633623271,-1.251512171,2.251512171,0.56,0.849,0
0.017860733,0.440217773,0.836246287,-0.947290657,-0.056776795,-1.45874844,1.783536944,0.440579951,78.63695937,0.807296557,-0.915900004,-1.134527326,2.134527326,0.4905,0.9915,1
0.003106703,0.424697374,0.657419331,-0.644477317,-0.006779764,-1.492247674,1.301896648,0.424708737,103.626943,0.649416242,-0.634803079,-0.977498002,1.977498002,0.742,1.0745,0
0.003203123,0.424425724,0.647197449,-0.63816511,-0.014849298,-1.491861669,1.285362559,0.424437811,97.24473258,0.633706273,-0.63371035,-1.000006434,2.000006434,0.668,0.898666667,0
0.003337452,0.425144633,0.64306723,-0.657813021,-0.013796437,-1.494538251,1.300880251,0.425157733,117.8781925,0.519985447,-0.646263972,-1.242850113,2.242850113,0.558666667,0.747,0
0.003851225,0.42439398,0.643566718,-0.65916012,-0.008684685,-1.493564678,1.302726838,0.424411454,96.82625067,0.565101711,-0.649700831,-1.149706005,2.149706005,0.562666667,0.881333333,0
0.002548324,0.424296643,0.654002919,-0.657709517,-0.01461887,-1.494273603,1.311712436,0.424304295,89.61911875,0.639309889,-0.637381023,-0.996982892,1.996982892,0.743,1.075,0
0.013686772,0.437819623,0.831217862,-0.931939174,-0.068485404,-1.450843089,1.763157036,0.438033503,86.26887132,0.80134844,-0.899791537,-1.122846807,2.122846807,0.5005,0.688,1
0.016939419,0.437906666,0.824699838,-0.922295959,-0.072547042,-1.445689138,1.746995797,0.438234175,71.38607971,0.800395904,-0.910049433,-1.136999112,2.136999112,0.4155,0.902,1
0.016562954,0.439909909,0.839536114,-0.929779813,-0.07362342,-1.437126278,1.769315927,0.440221602,101.1804384,0.819646499,-0.919552512,-1.121889147,2.121889147,0.6655,0.9015,1
0.003207116,0.425234161,0.646488569,-0.653085368,-0.009329065,-1.497060137,1.299573937,0.425246255,70.29876977,0.644896809,-0.642323157,-0.996009203,1.996009203,0.4295,0.904,0
0.003171221,0.424897717,0.638040077,-0.658731708,-0.012085645,-1.495222841,1.296771785,0.424909551,97.56097561,0.630784423,-0.645998411,-1.024119156,2.024119156,0.737333333,0.939333333,0
0.003113244,0.42481798,0.650420379,-0.648851511,-0.016084928,-1.494377224,1.29927189,0.424829388,97.71986971,0.579446011,-0.644379449,-1.112061238,2.112061238,0.568666667,0.975333333,0
0.002815395,0.425090344,0.649651966,-0.642418716,-0.012984283,-1.497065187,1.292070682,0.425099667,117.4168297,0.557171592,-0.634947349,-1.139590315,2.139590315,0.561333333,0.811333333,0
0.003057542,0.424753975,0.638860728,-0.655949805,-0.012447103,-1.490501891,1.294810533,0.424764979,79.26023778,0.635206465,-0.648585272,-1.021062138,2.021062138,0.657,0.857,0
0.015112785,0.44312308,0.866374642,-0.914494234,-0.08025804,-1.415974569,1.780868876,0.443380717,82.07934337,0.842302742,-0.914102769,-1.085242543,2.085242543,0.8305,1.2315,1
0.015909335,0.441074902,0.813484543,-0.914728461,-0.069056932,-1.439673808,1.728213004,0.44136173,86.02150538,0.800499513,-0.912003995,-1.139293628,2.139293628,0.568,1.0185,1
0.01694495,0.442298609,0.82034666,-0.925252594,-0.076616067,-1.441754081,1.745599254,0.44262308,103.2702238,0.755432206,-0.901136469,-1.192875366,2.192875366,0.67,0.81,1
0.014952304,0.440657454,0.845260918,-0.935378577,-0.065973234,-1.439673264,1.780639495,0.44091106,82.07934337,0.8134924,-0.900887655,-1.107432171,2.107432171,0.717,0.994,1
0.003068552,0.424434889,0.651834603,-0.644677906,-0.011659494,-1.493789604,1.296512509,0.424445982,108.1081081,0.641886832,-0.640515294,-0.997863271,1.997863271,0.799,1.129333333,0
0.004060468,0.42420535,0.636289918,-0.670683672,-0.011674288,-1.492242889,1.30697359,0.424224783,106.0695345,0.499252281,-0.647016842,-1.295971729,2.295971729,0.558333333,0.897333333,0
0.019299099,0.442897786,0.844188378,-0.928526205,-0.06696302,-1.44869421,1.772714583,0.443318062,78.63695937,0.825705715,-0.880200414,-1.065997726,2.065997726,0.6645,1.0115,1
0.019848798,0.441462739,0.844829218,-0.930015563,-0.077509593,-1.431532387,1.774844781,0.441908729,102.739726,0.817907944,-0.905567989,-1.107175929,2.107175929,0.664,0.8995,1
0.00252842,0.424599331,0.658679307,-0.659549164,-0.009195244,-1.495249528,1.318228471,0.424606859,79.31262393,0.653459272,-0.645174138,-0.987321115,1.987321115,0.526,0.989,0
0.002856305,0.424200127,0.649105882,-0.648503324,-0.009722929,-1.492567306,1.297609206,0.424209744,118.1877873,0.527504592,-0.647675082,-1.227809372,2.227809372,0.560666667,0.687,0
0.015729323,0.441754828,0.828560357,-0.929136154,-0.085885048,-1.391066564,1.757696511,0.442034772,101.2658228,0.821894488,-0.91979893,-1.11912045,2.11912045,0.72,0.9055,1
0.003444123,0.424258713,0.641041426,-0.641533624,-0.017203918,-1.493655731,1.28257505,0.424272692,97.93253536,0.633431088,-0.638961704,-1.008731204,2.008731204,0.669333333,0.853666667,0
0.015117821,0.437864218,0.83845225,-0.887817874,-0.052624415,-1.460620238,1.726270124,0.438125121,91.25475285,0.808583515,-0.873156668,-1.079859596,2.079859596,0.7675,1.0285,1
0.016518468,0.441982494,0.832763332,-0.955719828,-0.060743513,-1.441786707,1.78848316,0.442291063,69.32409012,0.802822177,-0.933019932,-1.162175085,2.162175085,0.6185,0.906,1
0.003545034,0.424553942,0.640144488,-0.63775032,-0.011325255,-1.493408614,1.277894808,0.424568742,79.41760424,0.634141501,-0.633852219,-0.999543821,1.999543821,0.6525,0.865,0
0.003183246,0.424695369,0.646569135,-0.646795582,-0.016352147,-1.493700414,1.293364717,0.424707299,108.1730769,0.638195426,-0.638055545,-0.999780819,1.999780819,0.799666667,1.154666667,0
0.019737462,0.437940719,0.822135253,-0.918872617,-0.066209295,-1.45319082,1.74100787,0.438385265,103.7165082,0.791313746,-0.882048534,-1.114663481,2.114663481,0.6695,0.8775,1
0.003593808,0.424151464,0.663013013,-0.642559761,-0.013685774,-1.493754628,1.305572774,0.424166689,105.2631579,0.601200874,-0.638132595,-1.06142992,2.06142992,0.584666667,0.888666667,0
0.013140953,0.442202334,0.860206152,-0.907730956,-0.062664375,-1.412567228,1.767937108,0.442397546,70.83825266,0.833279947,-0.8828779,-1.059521357,2.059521357,0.5345,1.0065,1
0.003180354,0.424747908,0.653370174,-0.648955232,-0.012409713,-1.493597929,1.302325406,0.424759815,79.20792079,0.637935239,-0.646763344,-1.01383856,2.01383856,0.654,1.1845,0
0.002889917,0.424264227,0.646298193,-0.651370481,-0.011030951,-1.490523335,1.297668674,0.424274069,108.5645356,0.635211438,-0.632476278,-0.995694095,1.995694095,0.799333333,0.978,0
0.003530657,0.423936009,0.649698792,-0.640428516,-0.010979284,-1.490705072,1.290127308,0.423950711,97.4025974,0.639871793,-0.638275559,-0.997505385,1.997505385,0.670333333,1.094333333,0
0.013421229,0.442900727,0.845535259,-0.948958815,-0.0736676,-1.425597408,1.794494074,0.443104032,87.71929825,0.803844318,-0.916834094,-1.140561764,2.140561764,0.5025,0.993,1
0.016253451,0.438579887,0.848057488,-0.917108208,-0.068936756,-1.439579123,1.765165696,0.438880954,70.21650088,0.807989988,-0.902007188,-1.116359362,2.116359362,0.4075,0.898,1
0.003638516,0.424646557,0.638185385,-0.648182427,-0.011291581,-1.491684749,1.286367812,0.424662145,78.3801437,0.636291353,-0.642120277,-1.009160777,2.009160777,0.3305,0.5135,0
0.015373482,0.439178397,0.850822888,-0.975438758,-0.054298372,-1.452400905,1.826261646,0.43944739,90.63444109,0.82792523,-0.931875389,-1.125555007,2.125555007,0.767,1.016,1
0.012112872,0.441767648,0.81953415,-0.985770105,-0.078122869,-1.410259543,1.805304255,0.441933679,79.10349374,0.814082221,-0.951211305,-1.168446233,2.168446233,0.416,0.65,1
0.017365999,0.442560732,0.864318135,-0.972585638,-0.086839326,-1.412749768,1.836903773,0.442901321,94.98680739,0.734166308,-0.929834274,-1.266517225,2.266517225,0.674333333,0.948333333,1
0.003195961,0.425035712,0.640229186,-0.651222215,-0.011472442,-1.492742933,1.291451401,0.425047728,79.26023778,0.635802944,-0.645002525,-1.014469233,2.014469233,0.524,0.893,0
0.01400515,0.441245843,0.846885833,-0.968909769,-0.065620395,-1.422076451,1.815795602,0.441468049,108.4990958,0.747068468,-0.937869133,-1.255399168,2.255399168,0.740333333,0.996,1
0.01830834,0.440280928,0.863253782,-0.947042379,-0.05007993,-1.441830637,1.810296161,0.440661424,86.39308855,0.841675782,-0.903688119,-1.073677227,2.073677227,0.498,0.578,1
0.014934691,0.442387866,0.834962217,-0.952675386,-0.080608252,-1.429540552,1.787637603,0.442639886,116.2790698,0.693571879,-0.914060959,-1.31790372,2.31790372,0.724666667,0.962666667,1
0.018126352,0.439037894,0.842228642,-0.973484127,-0.070811104,-1.43574108,1.815712769,0.439411922,99.75062344,0.808829084,-0.869989862,-1.075616443,2.075616443,0.7135,1.0135,1
0.002701922,0.424700844,0.645848621,-0.655126491,-0.007400012,-1.494151847,1.300975112,0.424709439,102.8277635,0.633274112,-0.649296956,-1.025301593,2.025301593,0.739,1.0815,0
0.014466838,0.445062233,0.807744222,-0.950038769,-0.073290148,-1.425944005,1.757782991,0.445297294,90.15777611,0.803772403,-0.922882674,-1.148189052,2.148189052,0.717,1.0205,1
0.003108613,0.423844963,0.650114135,-0.638736079,-0.012464743,-1.493818827,1.288850214,0.423856363,78.125,0.64532045,-0.637969886,-0.988609435,1.988609435,0.3245,0.8595,0
0.003390905,0.424423298,0.657730585,-0.653861914,-0.009603541,-1.48892569,1.311592499,0.424436844,97.24473258,0.642775678,-0.642155084,-0.99903451,1.99903451,0.741,1.006666667,0
0.014217263,0.440021987,0.852802723,-0.930245866,-0.071374661,-1.452773608,1.783048589,0.44025161,78.74015748,0.819364047,-0.895815286,-1.093305582,2.093305582,0.5705,1.1215,1
0.003259429,0.424069065,0.65718423,-0.643512121,-0.009713544,-1.490570772,1.300696351,0.424081591,79.15567282,0.643786939,-0.643047898,-0.998852042,1.998852042,0.6525,1.3,0
0.013899729,0.439347725,0.820661748,-0.917006649,-0.072302469,-1.433871028,1.737668397,0.439567545,103.8062284,0.805653013,-0.910685826,-1.130369789,2.130369789,0.679,0.7875,1
0.017832269,0.440126291,0.847852516,-0.90277222,-0.058357681,-1.445442745,1.750624736,0.440487391,90.09009009,0.798669334,-0.886691613,-1.110211166,2.110211166,0.7175,1.0245,1
0.015691167,0.438908436,0.810370312,-0.915789975,-0.073685156,-1.433566036,1.726160287,0.43918883,101.8675722,0.803176979,-0.897118566,-1.1169625,2.1169625,0.6665,0.7955,1
0.004378161,0.425464803,0.644433992,-0.663398458,-0.014594112,-1.491504644,1.30783245,0.425487329,89.88764045,0.637517482,-0.64834139,-1.016978213,2.016978213,0.523,0.774,0
0.016178059,0.440617148,0.856889804,-0.959455155,-0.073867569,-1.417001932,1.816344959,0.440914051,77.87151201,0.785407271,-0.927196185,-1.180529158,2.180529158,0.826,1.4475,1
0.003066026,0.424302333,0.645803274,-0.644219637,-0.012923826,-1.490995827,1.290022911,0.424313411,89.61911875,0.636756665,-0.641364725,-1.007236767,2.007236767,0.7385,1.2055,0
0.002545951,0.424798515,0.648903867,-0.661080279,-0.013906828,-1.490479191,1.309984146,0.424806144,108.1730769,0.637733553,-0.644771215,-1.011035427,2.011035427,0.795666667,1.101333333,0
0.015066034,0.441936342,0.839798223,-0.955970421,-0.053629014,-1.433448255,1.795768644,0.442193076,78.68852459,0.816805532,-0.944344446,-1.156143548,2.156143548,0.567,0.7965,1
0.003686987,0.424754932,0.64485469,-0.641152699,-0.011590192,-1.493356678,1.286007389,0.424770934,96.87836383,0.636525832,-0.634196649,-0.996340788,1.996340788,0.666333333,1.022333333,0
0.019279279,0.440100847,0.859225068,-0.957749286,-0.072264444,-1.439368968,1.816974354,0.440522924,97.98584649,0.566512734,-0.908221565,-1.603179436,2.603179436,0.565333333,0.829666667,1
0.013782672,0.441656195,0.836025011,-0.92549955,-0.065968445,-1.410576349,1.761524561,0.441871199,100.9251472,0.818145079,-0.911562192,-1.114181599,2.114181599,0.6625,1.001,1
0.017730477,0.445572632,0.840211823,-0.934939595,-0.078995652,-1.427142489,1.775151418,0.445925263,97.87928222,0.721901197,-0.924549578,-1.280714841,2.280714841,0.671,0.995,1
0.017762932,0.439955242,0.8329077,-0.922111725,-0.07540094,-1.440477634,1.755019425,0.44031368,69.48465547,0.805363335,-0.911923578,-1.132313253,2.132313253,0.6705,0.8795,1
0.016759764,0.439508654,0.809925549,-0.929444796,-0.075191485,-1.422047879,1.739370345,0.439828088,88.43036109,0.793101106,-0.923771316,-1.164758577,2.164758577,0.613,0.689,1
0.014677596,0.440529877,0.808891219,-0.923667113,-0.064491865,-1.44884367,1.732558332,0.440774324,78.17589577,0.786681833,-0.912340821,-1.159732922,2.159732922,0.7685,0.8825,1
0.014049418,0.442140364,0.824375784,-0.953096759,-0.064372048,-1.438031001,1.777472543,0.442363525,87.8477306,0.786637402,-0.937820696,-1.192189302,2.192189302,0.488,0.904,1
0.014853822,0.439153914,0.811983166,-0.95946805,-0.076298337,-1.420033987,1.771451216,0.439405048,70.46388726,0.80006279,-0.934845706,-1.168465423,2.168465423,0.408,0.846,1
0.019657096,0.442350639,0.827934404,-0.946018551,-0.068859181,-1.42630142,1.773952955,0.442787183,92.02453988,0.808310615,-0.922797382,-1.141637093,2.141637093,0.7215,1.1805,1
0.003512239,0.424440711,0.651849812,-0.644634472,-0.01337372,-1.489724344,1.296484284,0.424455242,97.45533297,0.638567728,-0.636699657,-0.997074594,1.997074594,0.733666667,1.036666667,0
0.015642266,0.441291068,0.854224166,-0.952759188,-0.072427177,-1.443484717,1.806983354,0.441568213,71.00591716,0.830113016,-0.901270356,-1.085720062,2.085720062,0.5375,1.073,1
0.01388346,0.444078189,0.87244192,-0.955212717,-0.066451706,-1.440706211,1.827654637,0.44429516,69.32409012,0.835299976,-0.925397782,-1.107862815,2.107862815,0.671,1.065,1
0.002913057,0.424783373,0.645996406,-0.660950336,-0.01362455,-1.493133422,1.306946742,0.424793361,70.09345794,0.633702286,-0.649632732,-1.02513869,2.02513869,0.429,0.897,0
0.003106097,0.423800831,0.643650683,-0.646430972,-0.014170616,-1.492257095,1.290081655,0.423812214,108.1081081,0.631202024,-0.640521595,-1.014764799,2.014764799,0.799666667,1.037333333,0
0.01422012,0.441485177,0.833977565,-0.950359247,-0.052494256,-1.412765065,1.784336812,0.441714131,103.4482759,0.702912231,-0.925914994,-1.317255489,2.317255489,0.732666667,1.105,1
0.003342639,0.424510029,0.643625012,-0.657563688,-0.014441426,-1.49418451,1.3011887,0.424523189,79.52286282,0.636109553,-0.649223229,-1.020615436,2.020615436,0.656,0.991,0
0.018543811,0.443189955,0.848083845,-0.925318783,-0.084917136,-1.44776867,1.773402628,0.443577737,77.61966365,0.820266597,-0.91196098,-1.111786075,2.111786075,0.404,0.806,1
0.015592088,0.444387252,0.85631272,-0.941723658,-0.054426117,-1.438618774,1.798036378,0.444660705,98.63013699,0.721825544,-0.881113272,-1.220673443,2.220673443,0.700333333,1.039333333,1
0.015894616,0.442194101,0.84263309,-0.943360262,-0.085956486,-1.450464452,1.785993352,0.442479674,87.46355685,0.819774541,-0.894513793,-1.091170496,2.091170496,0.616,1.135,1
0.003012919,0.42471419,0.652000339,-0.659334461,-0.011000108,-1.492041223,1.3113348,0.424724877,117.5702155,0.51232537,-0.640115082,-1.24943077,2.24943077,0.556,0.812,0
0.00372898,0.42459137,0.65258519,-0.637549143,-0.016265496,-1.493233119,1.290134333,0.424607745,89.48545861,0.642456434,-0.636275478,-0.990379181,1.990379181,0.6535,0.8955,0
0.003330547,0.424764692,0.648406519,-0.653082461,-0.01508552,-1.494092041,1.30148898,0.424777749,103.8062284,0.635355956,-0.644181139,-1.013890139,2.013890139,0.744,0.9905,0
0.003987842,0.42530092,0.649931195,-0.646728942,-0.015481835,-1.491104389,1.296660137,0.425319616,97.19222462,0.633064406,-0.644039366,-1.017336247,2.017336247,0.738666667,0.944,0
0.00340616,0.425010349,0.654919118,-0.65227191,-0.010602583,-1.487411351,1.307191028,0.425023997,89.48545861,0.645578762,-0.637171794,-0.986977626,1.986977626,0.5255,0.9535,0
0.016391334,0.441178599,0.842921289,-0.95751778,-0.099600827,-1.424844287,1.800439069,0.441482992,79.47019868,0.817144874,-0.946077582,-1.157784393,2.157784393,0.414,0.638,1
0.003825773,0.42513394,0.639034201,-0.638074662,-0.016872698,-1.493301607,1.277108863,0.425151153,105.5718475,0.519962857,-0.634137375,-1.219582065,2.219582065,0.559,0.957333333,0
0.019070819,0.440462558,0.835710734,-0.926456978,-0.062578783,-1.448255632,1.762167712,0.440875222,105.8823529,0.554170827,-0.888464795,-1.603232706,2.603232706,0.583666667,0.853,1
0.003144751,0.424676241,0.644077996,-0.643437354,-0.012453309,-1.49753534,1.28751535,0.424687884,97.50812568,0.631936194,-0.635673853,-1.005914615,2.005914615,0.737666667,1.152666667,0
0.013976289,0.4441889,0.827883704,-0.955362035,-0.062261993,-1.428103095,1.783245739,0.444408725,105.7579318,0.673544287,-0.897716639,-1.332824962,2.332824962,0.665,0.785666667,1
0.003415652,0.424920991,0.648169557,-0.638266115,-0.01507731,-1.496378722,1.286435672,0.424934718,97.24473258,0.643191281,-0.634072165,-0.985822079,1.985822079,0.666,1.129333333,0
0.002950151,0.424663627,0.656859904,-0.644780757,-0.014221465,-1.493247306,1.301640661,0.424673874,97.4025974,0.639852829,-0.644092696,-1.006626315,2.006626315,0.738666667,1.036666667,0
0.01443472,0.442195669,0.857123696,-0.941411859,-0.101288523,-1.402049341,1.798535555,0.442431205,82.93020041,0.844068849,-0.888700285,-1.052876536,2.052876536,0.8355,1.1955,1
0.015365471,0.440204913,0.850773946,-0.962378281,-0.050887038,-1.458370876,1.813152227,0.440472999,102.3017903,0.81141161,-0.894480418,-1.102375671,2.102375671,0.7145,0.988,1
0.003477661,0.425063104,0.656762502,-0.650873155,-0.014274066,-1.490739835,1.307635657,0.42507733,89.55223881,0.647820346,-0.636612051,-0.982698452,1.982698452,0.7465,1.084,0
0.00332827,0.423586079,0.644191238,-0.6516358,-0.01202818,-1.496480998,1.295827038,0.423599155,79.15567282,0.627913378,-0.641603722,-1.021802918,2.021802918,0.327,0.538,0
0.003351239,0.424382795,0.649333239,-0.641619276,-0.012026277,-1.491724155,1.290952515,0.424396026,80.80808081,0.639475402,-0.635478574,-0.993749832,1.993749832,0.885,1.3015,0
0.003207196,0.424574598,0.651502411,-0.655750833,-0.010232007,-1.494669447,1.307253244,0.424586712,78.63695937,0.643815378,-0.646481862,-1.00414169,2.00414169,0.432,0.6775,0
0.016985343,0.438372646,0.798153513,-0.913266322,-0.083477388,-1.452479295,1.711419835,0.438701583,107.7844311,0.702737436,-0.876264406,-1.246930023,2.246930023,0.725666667,0.961666667,1
0.017344297,0.441294973,0.819103438,-0.932984537,-0.064972573,-1.414534131,1.752087975,0.441635684,102.2146508,0.803498085,-0.917127096,-1.141417899,2.141417899,0.675,0.7815,1
0.016633863,0.442620284,0.845812557,-0.925388954,-0.072001919,-1.425900011,1.771201511,0.442932728,101.5228426,0.824826895,-0.915964036,-1.110492446,2.110492446,0.7125,0.906,1
0.016135843,0.443677966,0.843693394,-0.907596203,-0.058934493,-1.444345493,1.751289597,0.443971286,102.5641026,0.819763418,-0.899154976,-1.096846914,2.096846914,0.7225,0.898,1
0.018172597,0.444204103,0.857105822,-0.914899019,-0.067592969,-1.459779148,1.772004841,0.444575672,98.63013699,0.683513023,-0.887230052,-1.298044108,2.298044108,0.673,1.009333333,1
0.003306751,0.423772715,0.658017181,-0.650388845,-0.013834405,-1.494466598,1.308406026,0.423785616,72.20216606,0.649354439,-0.641554153,-0.98798763,1.98798763,0.653,1.09,0
0.014691794,0.443965901,0.871833785,-0.940335285,-0.070321306,-1.422733653,1.81216907,0.444208926,104.4689495,0.697011679,-0.911441126,-1.307641111,2.307641111,0.734666667,1.027,1
0.014310972,0.441063103,0.84086031,-0.941281807,-0.075342795,-1.43989373,1.782142117,0.441295213,71.55635063,0.824526984,-0.917693608,-1.112994027,2.112994027,0.491,0.918,1
0.018489046,0.439068457,0.827759652,-0.935750586,-0.078588808,-1.450849165,1.763510238,0.439457568,82.24811515,0.808459741,-0.887526288,-1.097798991,2.097798991,0.8285,1.2315,1
0.017046399,0.441779724,0.830560662,-0.939506709,-0.071321521,-1.433820709,1.770067371,0.442108476,87.39985433,0.814625433,-0.895381964,-1.099133328,2.099133328,0.618,0.996,1
0.003128197,0.424832044,0.64932746,-0.629653809,-0.007013883,-1.498655608,1.278981269,0.424843561,97.2972973,0.637591258,-0.626795018,-0.983067146,1.983067146,0.665333333,0.837333333,0
0.002482692,0.424613794,0.64627891,-0.645857037,-0.013935519,-1.493183159,1.292135947,0.424621052,72.11538462,0.634544665,-0.639861946,-1.00837968,2.00837968,0.6585,1.0875,0
0.003110875,0.425341797,0.650091526,-0.646512895,-0.011470776,-1.491930434,1.296604421,0.425353173,90.15777611,0.642223548,-0.646368333,-1.006453805,2.006453805,0.7405,1.087,0
0.003305807,0.425325266,0.638273061,-0.660367821,-0.014022969,-1.492768209,1.298640882,0.425338113,97.61388286,0.634590003,-0.644851917,-1.016170936,2.016170936,0.737,1.034333333,0
0.003476254,0.425307315,0.6489512,-0.635884963,-0.011719985,-1.493110954,1.284836163,0.425321521,79.10349374,0.63926942,-0.634262511,-0.992167764,1.992167764,0.5225,1.0815,0
0.016581073,0.442988589,0.887751275,-0.933017849,-0.082564685,-1.403510095,1.820769124,0.443298796,79.0513834,0.838776724,-0.927085147,-1.105282395,2.105282395,0.499,0.7395,1
0.015282348,0.437482247,0.813842535,-0.923344477,-0.06311132,-1.445224547,1.737187012,0.437749091,101.6949153,0.759894425,-0.901752242,-1.186680954,2.186680954,0.7175,1.1255,1
0.003768571,0.424044981,0.659002885,-0.6495569,-0.013952598,-1.4890126,1.308559785,0.424061726,106.0070671,0.569039085,-0.640029709,-1.124755268,2.124755268,0.565333333,0.765,0
0.003399448,0.42466476,0.647173923,-0.653655075,-0.012828089,-1.491336565,1.300828998,0.424678366,78.53403141,0.639251794,-0.639698856,-1.000699352,2.000699352,0.3235,0.6265,0
0.014054276,0.444803963,0.856441128,-0.924931537,-0.072439557,-1.436834642,1.781372665,0.445025941,70.92198582,0.823825688,-0.90947454,-1.103964775,2.103964775,0.4155,1.0115,1
0.003181026,0.424518015,0.644808631,-0.662256798,-0.014042679,-1.493993863,1.307065429,0.424529933,72.15874925,0.640791253,-0.632004076,-0.986286988,1.986286988,0.65,1.0785,0
0.002797052,0.424793456,0.64046072,-0.644995994,-0.013597217,-1.494462197,1.285456714,0.424802664,89.82035928,0.637187566,-0.638417867,-1.00193083,2.00193083,0.743,0.987,0
0.018742174,0.441827729,0.829363007,-0.935949865,-0.078479838,-1.442788736,1.765312872,0.442225069,79.52286282,0.7982551,-0.935231625,-1.171594926,2.171594926,0.418,0.501,1
0.014284525,0.441445009,0.814374257,-0.902312869,-0.063961345,-1.436518635,1.716687126,0.441676062,77.41935484,0.747355394,-0.901755206,-1.206594899,2.206594899,0.4125,0.8495,1
0.015203659,0.437723781,0.83200364,-0.917262085,-0.056617596,-1.464736736,1.749265725,0.437987739,92.30769231,0.80331279,-0.914122392,-1.137940791,2.137940791,0.7685,0.9075,1
0.015327691,0.441900166,0.863070484,-0.955867341,-0.082851254,-1.422475009,1.818937825,0.442165913,98.7654321,0.833281366,-0.887212745,-1.064721691,2.064721691,0.7645,0.989,1
0.018555084,0.442884764,0.820628799,-0.940564212,-0.077370408,-1.436447919,1.761193011,0.443273285,103.5375324,0.789473146,-0.919818396,-1.165104095,2.165104095,0.722,1.0145,1
0.013824198,0.442682576,0.859413885,-0.95698996,-0.065943909,-1.429678792,1.816403845,0.442898376,70.62978222,0.790939048,-0.924312781,-1.168627068,2.168627068,0.405,0.8485,1
0.003217805,0.424080742,0.647771087,-0.655804359,-0.010774143,-1.49046253,1.303575446,0.42409295,78.07417046,0.636372374,-0.648191395,-1.018572492,2.018572492,0.427,0.8165,0
0.003374801,0.425669698,0.652640969,-0.649950472,-0.010577725,-1.491450416,1.302591441,0.425683075,102.4765158,0.646020752,-0.644285125,-0.997313357,1.997313357,0.738,1.084,0
0.00332867,0.423477553,0.638856397,-0.635423493,-0.01163192,-1.49116538,1.27427989,0.423490635,79.52286282,0.635450516,-0.630767351,-0.992630166,1.992630166,0.5255,0.819,0
0.003839816,0.425152734,0.664807312,-0.637777609,-0.012447716,-1.490803366,1.302584921,0.425170074,103.7165082,0.647538425,-0.636177674,-0.982455479,1.982455479,0.7375,0.9885,0
0.003649188,0.424716535,0.651172846,-0.642895364,-0.014234512,-1.493059959,1.29406821,0.424732212,108.1730769,0.642409652,-0.638110593,-0.993307918,1.993307918,0.798333333,1.191,0
0.003157391,0.424134778,0.658335951,-0.64242382,-0.013177237,-1.492633452,1.300759771,0.424146531,78.63695937,0.641466846,-0.634937849,-0.989821769,1.989821769,0.3275,0.865,0
0.002055065,0.425156589,0.658745352,-0.662613113,-0.013480164,-1.493450602,1.321358465,0.425161556,89.21933086,0.645267591,-0.649022082,-1.005818502,2.005818502,0.5245,0.819,0
0.012784311,0.442164128,0.840918241,-0.953018711,-0.086209476,-1.399495669,1.793936952,0.442348906,91.25475285,0.82824972,-0.925068577,-1.116895731,2.116895731,0.673,0.9045,1
0.002757164,0.423789368,0.644528661,-0.655480188,-0.010867254,-1.491566462,1.300008849,0.423798337,117.4168297,0.520969683,-0.643832825,-1.235835492,2.235835492,0.558333333,0.967333333,0
0.016889941,0.437941017,0.805015269,-0.919760834,-0.073570296,-1.437194497,1.724776103,0.438266591,117.2638436,0.610002996,-0.891642079,-1.461701147,2.461701147,0.725,1.051333333,1
0.013643416,0.439554465,0.8351772,-0.925902112,-0.046676485,-1.444486086,1.761079312,0.439766155,91.74311927,0.828276875,-0.898431097,-1.084698998,2.084698998,0.7685,1.069,1
0.016734899,0.441708875,0.857533705,-0.945600927,-0.074023063,-1.423046332,1.803134632,0.442025777,104.1666667,0.709403453,-0.928147369,-1.308349099,2.308349099,0.737,1.015,1
0.003498457,0.424218267,0.643364416,-0.646141364,-0.015658445,-1.488806003,1.28950578,0.424232692,78.125,0.63482238,-0.642279207,-1.01174632,2.01174632,0.3235,0.607,0
0.015983083,0.439518117,0.833921338,-0.956389862,-0.073469734,-1.411515314,1.7903112,0.439808634,102.2146508,0.789731689,-0.928547965,-1.175776505,2.175776505,0.7225,0.8945,1
0.003503316,0.424892446,0.643469213,-0.644507905,-0.007857834,-1.49358097,1.287977118,0.424906889,108.1730769,0.630463917,-0.639183383,-1.013830238,2.013830238,0.795,1.155333333,0
0.00316898,0.42454137,0.637181178,-0.6448123,-0.013280296,-1.493360304,1.281993478,0.424553197,79.10349374,0.630511489,-0.642489622,-1.018997485,2.018997485,0.653,0.773,0
0.003057054,0.424249393,0.644292734,-0.638045906,-0.013704405,-1.492719664,1.28233864,0.424260407,105.5099648,0.59424507,-0.635451938,-1.069343222,2.069343222,0.585,0.775333333,0
0.003411655,0.424919179,0.648267981,-0.648012484,-0.013175333,-1.490177059,1.296280465,0.424932874,97.2972973,0.642035562,-0.643139041,-1.00171872,2.00171872,0.735,1.130666667,0
0.016986539,0.444617612,0.807313085,-0.94254296,-0.069288766,-1.440289021,1.749856045,0.444941977,87.01957941,0.801372091,-0.917865256,-1.145367134,2.145367134,0.614,0.8515,1
0.016029806,0.438445598,0.839676536,-0.953412423,-0.053718399,-1.454836131,1.793088959,0.43873853,91.67303285,0.819378015,-0.907196406,-1.107176894,2.107176894,0.77,0.9945,1
0.003634134,0.424406402,0.646676075,-0.642403795,-0.010941252,-1.491253545,1.28907987,0.424421961,97.4025974,0.62727168,-0.638647535,-1.018135451,2.018135451,0.664666667,0.771,0
0.015846216,0.439665433,0.828148101,-0.924423661,-0.08857347,-1.432929694,1.752571762,0.439950902,78.43137255,0.759481233,-0.908811847,-1.196621862,2.196621862,0.5345,0.8465,1
0.002935421,0.423846217,0.644903285,-0.649330094,-0.012574389,-1.490456731,1.294233379,0.423856382,108.1730769,0.633476644,-0.63982812,-1.010026378,2.010026378,0.798666667,0.978666667,0
0.003439149,0.424688274,0.647522105,-0.640355349,-0.013208309,-1.497307203,1.287877454,0.424702199,79.47019868,0.642142199,-0.637811486,-0.993255835,1.993255835,0.6535,0.9575,0
0.002918463,0.424982567,0.654571018,-0.643586267,-0.014083168,-1.491523105,1.298157285,0.424992587,80.69939475,0.643972898,-0.640229677,-0.994187299,1.994187299,0.88,1.4425,0
0.01547027,0.443162374,0.845858661,-0.956682066,-0.069983636,-1.418582707,1.802540727,0.443432316,102.1276596,0.828336622,-0.931496944,-1.12453913,2.12453913,0.72,0.886,1
0.003252629,0.424522509,0.65911251,-0.646888398,-0.012895623,-1.49350963,1.306000908,0.42453497,106.3829787,0.559681141,-0.639571165,-1.142742035,2.142742035,0.566333333,0.971,0
0.003816651,0.424295574,0.647717253,-0.650416424,-0.010718522,-1.49144983,1.298133677,0.42431274,78.63695937,0.643976331,-0.642364626,-0.99749726,1.99749726,0.4285,0.536,0
0.003602566,0.425092379,0.656570417,-0.660959368,-0.014135648,-1.490524061,1.317529785,0.425107644,106.0070671,0.551916931,-0.648448932,-1.174903134,2.174903134,0.563,0.912666667,0
0.003760412,0.425464219,0.660216305,-0.656707258,-0.015048124,-1.491897046,1.316923563,0.425480837,78.53403141,0.653266811,-0.640058689,-0.979781428,1.979781428,0.4295,0.7205,0
0.003216539,0.42418131,0.650452655,-0.64459913,-0.016429241,-1.491409214,1.295051785,0.424193506,97.34991888,0.633746827,-0.638181353,-1.006997316,2.006997316,0.741,0.915666667,0
0.002906041,0.424784291,0.653050423,-0.652529822,-0.013462079,-1.492045841,1.305580245,0.424794232,80.75370121,0.637515523,-0.644466462,-1.010903168,2.010903168,0.8795,1.3425,0
0.019246908,0.441048315,0.82772475,-0.914391512,-0.06098974,-1.444017784,1.742116262,0.441468073,77.07129094,0.811683718,-0.910936537,-1.122280164,2.122280164,0.481,0.965,1
0.003369633,0.425324841,0.668073515,-0.649980001,-0.012259178,-1.492121337,1.318053516,0.425338189,97.13977334,0.648238588,-0.645031182,-0.995052121,1.995052121,0.737333333,1.130333333,0
0.003445961,0.423865066,0.646648232,-0.642689219,-0.011248647,-1.492479204,1.289337451,0.423879073,118.1877873,0.578443027,-0.63754065,-1.102166713,2.102166713,0.568666667,0.765333333,0
0.014416381,0.441573099,0.838322605,-0.935047249,-0.075824535,-1.419496508,1.773369854,0.441808367,90.22556391,0.812893786,-0.915002864,-1.125611833,2.125611833,0.768,1.218,1
0.018633638,0.436821644,0.849822474,-0.970046579,-0.064336962,-1.441667033,1.819869053,0.437218894,79.31262393,0.807341505,-0.879719034,-1.08964921,2.08964921,0.5755,0.844,1
0.003173852,0.424398345,0.643846245,-0.64980678,-0.015130399,-1.493262906,1.293653025,0.424410212,108.7613293,0.634256222,-0.642720665,-1.013345464,2.013345464,0.801333333,1.244,0
0.016407701,0.439237983,0.842117836,-0.910347159,-0.053634893,-1.449541558,1.752464995,0.439544331,101.7811705,0.816306316,-0.901501544,-1.104366739,2.104366739,0.665,0.983,1
0.015531719,0.441836266,0.837035891,-0.936148513,-0.074401298,-1.425412319,1.773184404,0.442109172,78.125,0.813906941,-0.921548909,-1.132253409,2.132253409,0.418,0.893,1
0.003241589,0.424782105,0.648345361,-0.644338107,-0.013033036,-1.491469093,1.292683468,0.424794473,78.99934167,0.636978296,-0.640584332,-1.00566116,2.00566116,0.556,0.9865,0
0.002982994,0.424854818,0.648604693,-0.644069472,-0.011980626,-1.495344054,1.292674165,0.42486529,72.33273056,0.638888388,-0.639840219,-1.001489824,2.001489824,0.654,1.1805,0
0.017001236,0.439434687,0.831008571,-0.931858816,-0.05639647,-1.458323148,1.762867387,0.439763443,88.17046289,0.824066983,-0.89178796,-1.082178971,2.082178971,0.498,0.993,1
0.017278908,0.439921282,0.833260849,-0.945230432,-0.07343079,-1.445317821,1.778491281,0.440260486,106.0070671,0.703114487,-0.892622371,-1.269526353,2.269526353,0.675,1.066666667,1
0.003698448,0.425061622,0.653198531,-0.643192333,-0.010320979,-1.49455105,1.296390864,0.425077712,71.85628743,0.636467431,-0.640553058,-1.006419224,2.006419224,0.647,0.999,0
0.017548007,0.437448101,0.833925533,-0.900184187,-0.067873604,-1.457475399,1.73410972,0.437799924,79.10349374,0.80797681,-0.878671526,-1.087495972,2.087495972,0.5405,0.991,1
0.003193198,0.424951926,0.63879525,-0.666902745,-0.011972709,-1.494616976,1.305697995,0.424963923,96.98275862,0.628743656,-0.648873358,-1.032015755,2.032015755,0.668666667,1.131,0
0.003635356,0.424627428,0.650025872,-0.649005085,-0.019254484,-1.493657874,1.299030957,0.424642989,79.57559682,0.639170765,-0.641915591,-1.004294355,2.004294355,0.654,0.9905,0
0.002429727,0.423160156,0.651934805,-0.639240135,-0.009949543,-1.490282783,1.29117494,0.423167131,89.82035928,0.643965163,-0.635202846,-0.986393182,1.986393182,0.651,1.081,0
0.003720562,0.425456416,0.647300398,-0.64838153,-0.013048275,-1.491793198,1.295681928,0.425472683,97.24473258,0.629780883,-0.640039016,-1.016288417,2.016288417,0.668666667,0.769666667,0
0.017020834,0.441565495,0.831476537,-0.936288138,-0.080214093,-1.43875323,1.767764675,0.441893421,77.97270955,0.828799472,-0.92678668,-1.118227884,2.118227884,0.719,0.835,1
0.014475822,0.443099622,0.851754941,-0.959491622,-0.075160517,-1.418889477,1.811246563,0.443336018,87.5273523,0.827648808,-0.922345252,-1.114416215,2.114416215,0.503,0.7815,1
0.002577088,0.424516156,0.646127793,-0.656475743,-0.014290214,-1.491563163,1.302603536,0.424523978,89.55223881,0.639247034,-0.636211321,-0.995251112,1.995251112,0.6585,0.965,0
0.003210805,0.424981537,0.680626953,-0.646846323,-0.011119206,-1.492607986,1.327473276,0.424993666,108.4990958,0.643902929,-0.639305668,-0.99286032,1.99286032,0.800666667,0.999666667,0
0.002832379,0.425108402,0.641908624,-0.662021252,-0.009656467,-1.49343971,1.303929876,0.425117838,97.4025974,0.632576556,-0.642075998,-1.015017063,2.015017063,0.666,1.085333333,0
0.003192174,0.424480301,0.654022212,-0.669201181,-0.015243731,-1.490894165,1.323223393,0.424492303,97.56097561,0.639307196,-0.654874745,-1.024350655,2.024350655,0.670333333,1.010333333,0
0.003067588,0.424706622,0.661759263,-0.655912038,-0.009867423,-1.490639152,1.317671301,0.4247177,97.08737864,0.639761877,-0.63937768,-0.999399469,1.999399469,0.734333333,1.123,0
0.015639549,0.440280891,0.854625268,-0.948062779,-0.087617231,-1.428628726,1.802688047,0.440558575,86.89355539,0.818639291,-0.934439108,-1.141454018,2.141454018,0.502,0.904,1
0.00332272,0.424259393,0.642431074,-0.645179515,-0.009734938,-1.490125481,1.287610589,0.424272404,108.2381239,0.634614364,-0.634582135,-0.999949215,1.999949215,0.801,1.129,0
0.015031319,0.442194968,0.850302304,-0.943549319,-0.062919675,-1.435075078,1.793851623,0.442450371,72.37635706,0.842114092,-0.927705488,-1.101638717,2.101638717,0.667,1.3385,1
0.019158716,0.442315314,0.818236873,-0.923610635,-0.078843754,-1.44953549,1.741847508,0.442730046,78.3801437,0.805582221,-0.903202256,-1.121179479,2.121179479,0.496,0.8425,1
0.015846385,0.442885143,0.805075292,-0.928167432,-0.083156596,-1.419247351,1.733242724,0.443168543,100.0834028,0.800886748,-0.927101005,-1.157593138,2.157593138,0.658,0.9605,1
0.003468629,0.423597821,0.647026609,-0.647259338,-0.014263919,-1.487720192,1.294285947,0.423612022,117.6470588,0.580780184,-0.636930359,-1.096680597,2.096680597,0.568,0.805333333,0
0.003707675,0.425348371,0.660682166,-0.646697299,-0.013445486,-1.491998736,1.307379465,0.42536453,79.36507937,0.654436659,-0.642492819,-0.981749434,1.981749434,0.653,1.199,0
0.003080327,0.425399676,0.654357128,-0.656505906,-0.010558234,-1.491524213,1.310863034,0.425410828,97.71986971,0.645507286,-0.640766559,-0.992655811,1.992655811,0.669666667,1.008,0
0.015967354,0.440757727,0.854921654,-0.986920787,-0.07861994,-1.399798198,1.841842441,0.441046857,102.2146508,0.78075836,-0.9448175,-1.210127932,2.210127932,0.715,0.8975,1
0.003736336,0.424867771,0.637785455,-0.653261068,-0.010801949,-1.493275285,1.291046523,0.424884199,105.5718475,0.579143551,-0.639128589,-1.103575423,2.103575423,0.588666667,0.83,0
0.002857051,0.4243744,0.643154313,-0.648841551,-0.014039947,-1.493030373,1.291995864,0.424384017,103.0042918,0.635662072,-0.630884973,-0.992484845,1.992484845,0.742,0.9595,0
0.003821414,0.424109962,0.659907893,-0.644504831,-0.0162911,-1.491558898,1.304412724,0.424127178,103.9861352,0.648347846,-0.639729552,-0.986707298,1.986707298,0.7485,0.8575,0
0.00289945,0.424628652,0.641325258,-0.652566525,-0.018505237,-1.493340471,1.293891783,0.424638551,89.95502249,0.636003122,-0.647757294,-1.018481312,2.018481312,0.7375,0.8645,0
0.003152762,0.42454301,0.659422322,-0.643966312,-0.018337779,-1.489495051,1.303388634,0.424554717,78.3801437,0.645200172,-0.640131796,-0.992144489,1.992144489,0.328,0.4225,0
0.015349044,0.443756139,0.851679307,-0.946678794,-0.069877967,-1.445256936,1.798358101,0.444021513,88.69179601,0.822130058,-0.916507284,-1.11479598,2.11479598,0.624,0.687,1
0.002960508,0.425038601,0.645787356,-0.647524816,-0.010636002,-1.493491597,1.293312172,0.425048911,80.97165992,0.638465158,-0.638649015,-1.000287966,2.000287966,0.8835,1.1995,0
0.018591348,0.441655203,0.822420812,-0.944152837,-0.064562459,-1.447646932,1.766573649,0.442046329,70.67137809,0.817822491,-0.924574739,-1.130532296,2.130532296,0.4835,0.6375,1
0.015157752,0.442448596,0.827746504,-0.933700932,-0.065502379,-1.433491602,1.761447436,0.442708163,89.75317876,0.787814688,-0.900091264,-1.14251648,2.14251648,0.668,0.896,1
0.018547662,0.438831571,0.814261106,-0.913606417,-0.056008057,-1.461507223,1.727867523,0.439223364,78.43137255,0.81083405,-0.888317984,-1.095560779,2.095560779,0.616,0.8335,1
0.020355669,0.443145993,0.860408148,-0.924361504,-0.042783681,-1.449214186,1.784769652,0.44361326,87.78346745,0.834150176,-0.891085471,-1.068255449,2.068255449,0.6235,1.01,1
0.003257506,0.424641827,0.658107336,-0.65007917,-0.013838519,-1.490429834,1.308186506,0.424654321,89.75317876,0.638314474,-0.633126808,-0.991872867,1.991872867,0.743,1.088,0
0.014629679,0.438892866,0.856335394,-0.926338073,-0.087381931,-1.416037383,1.782673467,0.439136625,82.24811515,0.77199837,-0.903757407,-1.170672687,2.170672687,0.831,1.222,1
0.013047966,0.444644219,0.84537055,-0.934121119,-0.078108178,-1.404661831,1.779491669,0.444835623,117.7240026,0.67767237,-0.896260832,-1.322557732,2.322557732,0.737666667,0.951666667,1
0.015228293,0.439954193,0.799768337,-0.932868764,-0.074113134,-1.418230268,1.732637101,0.440217665,106.1320755,0.661833203,-0.894247054,-1.351166804,2.351166804,0.672666667,1.021333333,1
0.002710202,0.425387432,0.651418611,-0.65683802,-0.012633487,-1.490610675,1.308256631,0.425396066,89.35219657,0.643581494,-0.650798582,-1.011213946,2.011213946,0.651,0.7695,0
0.003523738,0.424076511,0.643488227,-0.641267721,-0.011728496,-1.493765381,1.284755948,0.424091151,97.24473258,0.637625376,-0.634808054,-0.995581542,1.995581542,0.739333333,1.009666667,0
0.02002473,0.441073463,0.846672862,-0.922313734,-0.084414456,-1.437452992,1.768986596,0.44152779,82.36101579,0.824884609,-0.895833663,-1.086010882,2.086010882,0.8275,1.2295,1
0.003175275,0.424418214,0.646756108,-0.643275084,-0.016230954,-1.491093898,1.290031192,0.424430091,97.50812568,0.630650128,-0.636716982,-1.00962,2.00962,0.737333333,1.071,0
0.003334088,0.424126862,0.647743357,-0.644952586,-0.010376128,-1.492462632,1.292695943,0.424139967,78.79185817,0.638317566,-0.639421579,-1.001729566,2.001729566,0.4355,1.088,0
0.003228985,0.42475229,0.65798878,-0.663892095,-0.016766775,-1.493696403,1.321880875,0.424764563,70.92198582,0.641873409,-0.656987408,-1.023546697,2.023546697,0.4325,1.0895,0
0.015012245,0.445725019,0.831381988,-0.935897646,-0.076109797,-1.426389338,1.767279634,0.445977757,117.2638436,0.718618966,-0.892949773,-1.242591437,2.242591437,0.73,0.933666667,1
0.019205906,0.441853726,0.838624568,-0.929250791,-0.073555231,-1.429497061,1.767875359,0.442270938,101.6088061,0.823601481,-0.894524651,-1.086113457,2.086113457,0.7115,0.9855,1
0.017566954,0.443715345,0.838362771,-0.939274235,-0.059886479,-1.457383553,1.777637006,0.444062952,90.84027252,0.825963553,-0.898265803,-1.087536853,2.087536853,0.713,0.8965,1
0.003670049,0.424359832,0.649514877,-0.646004523,-0.014245305,-1.490373557,1.2955194,0.424375701,78.89546351,0.640613559,-0.64159922,-1.00153862,2.00153862,0.5245,0.858,0
0.002357986,0.423959842,0.658002929,-0.656540939,-0.015465747,-1.493658955,1.314543868,0.4239664,108.0432173,0.636068941,-0.636733065,-1.001044107,2.001044107,0.799666667,1.036,0
0.019690524,0.441279531,0.820209095,-0.907060388,-0.067088633,-1.435424284,1.727269483,0.441718623,79.0513834,0.807668584,-0.897374199,-1.111067356,2.111067356,0.4835,1.0035,1
0.017707062,0.440781874,0.785646021,-0.967972354,-0.079499903,-1.428514615,1.753618375,0.441137394,79.57559682,0.781760425,-0.919414065,-1.176081617,2.176081617,0.4965,0.7405,1
0.003019412,0.424069064,0.665265334,-0.635381204,-0.008037375,-1.492220384,1.300646538,0.424079813,89.75317876,0.651147497,-0.634661722,-0.974681964,1.974681964,0.7405,1.0695,0
0.011317434,0.438377016,0.822848968,-0.945715503,-0.05541431,-1.431405306,1.768564471,0.438523081,71.04795737,0.793821505,-0.900531059,-1.134425124,2.134425124,0.479,0.853,1
0.013517678,0.442892072,0.834516476,-0.925701814,-0.06596623,-1.434294098,1.76021829,0.443098314,82.19178082,0.819889506,-0.889446629,-1.084837192,2.084837192,0.8235,1.001,1
0.00353,0.425127303,0.650924509,-0.651707121,-0.013956674,-1.494538003,1.30263163,0.425141958,118.1102362,0.546552853,-0.638495117,-1.168222092,2.168222092,0.562333333,0.882666667,0
0.016841919,0.440829722,0.847194065,-0.946736219,-0.086741868,-1.409795915,1.793930284,0.441151327,103.7165082,0.810267906,-0.92569964,-1.142461195,2.142461195,0.719,0.8855,1
0.018890645,0.440986294,0.847834256,-0.908962396,-0.040110081,-1.447855513,1.756796652,0.44139072,79.10349374,0.835171265,-0.889005503,-1.06445892,2.06445892,0.42,0.6785,1
0.003033548,0.424775647,0.6464898,-0.646608418,-0.013407624,-1.493152146,1.293098218,0.424786479,97.61388286,0.632670573,-0.636115453,-1.005444982,2.005444982,0.668,1.068333333,0
0.003505886,0.424213978,0.644016767,-0.657429232,-0.018477441,-1.490311005,1.301445999,0.424228464,105.4481547,0.536412259,-0.637097792,-1.187701776,2.187701776,0.559333333,0.973666667,0
0.020078862,0.438694257,0.842149826,-0.899881598,-0.072039515,-1.445242941,1.742031424,0.439153517,102.2146508,0.809866275,-0.892586894,-1.102141083,2.102141083,0.7195,1.124,1
0.015643435,0.439043715,0.813664271,-0.929344987,-0.063343705,-1.419520951,1.743009258,0.43932232,78.89546351,0.804068069,-0.908896719,-1.130372855,2.130372855,0.4855,0.807,1
0.016710196,0.440314961,0.851242472,-0.956735639,-0.083686972,-1.433133356,1.807978111,0.440631927,87.1459695,0.821422708,-0.893365635,-1.08758332,2.08758332,0.618,0.8995,1
0.003553873,0.424562935,0.64736018,-0.648410284,-0.012246603,-1.491230333,1.295770464,0.424577809,107.9136691,0.632534205,-0.639373024,-1.010811777,2.010811777,0.795333333,1.124333333,0
0.003436257,0.424724285,0.644005877,-0.647901266,-0.014269134,-1.496882925,1.291907143,0.424738186,89.55223881,0.63567246,-0.632854532,-0.995567013,1.995567013,0.652,1.1995,0
0.018569473,0.444413688,0.841934494,-0.919374698,-0.060336206,-1.43447214,1.761309192,0.444801474,79.31262393,0.833410358,-0.904665971,-1.085498832,2.085498832,0.536,1.11,1
0.003099364,0.424703277,0.650086618,-0.647902464,-0.011035564,-1.493636354,1.297989082,0.424714586,107.9136691,0.633085958,-0.637214509,-1.006521312,2.006521312,0.796,1.132666667,0
0.003353396,0.424889972,0.643292988,-0.6510862,-0.009143009,-1.49258343,1.294379188,0.424903205,78.2778865,0.639377238,-0.64190823,-1.003958528,2.003958528,0.3235,0.6725,0
0.016943245,0.441143857,0.861962726,-0.920349727,-0.076537637,-1.451372524,1.782312453,0.441469111,84.68595625,0.79985248,-0.882493825,-1.103320733,2.103320733,0.6685,0.8435,1
0.003567089,0.424010925,0.640733147,-0.640471249,-0.012702217,-1.492971428,1.281204396,0.424025929,97.56097561,0.634569517,-0.63810162,-1.00556614,2.00556614,0.671,1.028666667,0
0.003146586,0.424064185,0.645362141,-0.646588027,-0.014863794,-1.495374047,1.291950168,0.424075859,118.2654402,0.505240348,-0.633100967,-1.253068902,2.253068902,0.557666667,0.849333333,0
0.002873834,0.425294314,0.642765979,-0.644458922,-0.014350163,-1.492904265,1.287224901,0.425304023,103.4482759,0.633163612,-0.637222211,-1.006410032,2.006410032,0.7425,1.205,0
0.003227095,0.425163873,0.647648447,-0.655416784,-0.015399207,-1.494479347,1.303065231,0.42517612,89.55223881,0.635256611,-0.649821538,-1.022927628,2.022927628,0.53,0.7175,0
0.015957065,0.442475183,0.842526606,-0.952594513,-0.096948937,-1.41486884,1.795121119,0.442762821,98.03921569,0.533381568,-0.93495319,-1.752878701,2.752878701,0.564666667,1.030666667,1
0.020795725,0.443317077,0.834974018,-0.935814502,-0.057672624,-1.434563722,1.77078852,0.443804567,86.70520231,0.831024364,-0.919340104,-1.106273346,2.106273346,0.4915,0.8495,1
0.00282913,0.424096306,0.64867271,-0.640825942,-0.010725459,-1.489862352,1.289498652,0.424105742,78.68852459,0.639136191,-0.636174695,-0.995366407,1.995366407,0.326,0.8545,0
0.016949181,0.441382362,0.83304734,-0.926830005,-0.075146193,-1.450043447,1.759877345,0.441707668,102.915952,0.795564145,-0.862617649,-1.084284221,2.084284221,0.6665,1.133,1
0.003630849,0.425105,0.655713819,-0.641544691,-0.019030321,-1.491738977,1.29725851,0.425120505,79.0513834,0.642387856,-0.639803937,-0.995977634,1.995977634,0.5225,0.7245,0
0.003876166,0.424097604,0.638094603,-0.64085784,-0.012321597,-1.493746178,1.278952443,0.424115317,78.63695937,0.634665515,-0.638935329,-1.00672766,2.00672766,0.4275,0.7715,0
0.01768617,0.440257491,0.825998343,-0.943260067,-0.076310159,-1.413585772,1.76925841,0.440612595,72.42003621,0.801848223,-0.917276028,-1.143952186,2.143952186,0.622,1.01,1
0.01645414,0.4436158,0.831253831,-0.913460661,-0.066424417,-1.437282856,1.744714492,0.443920845,81.74386921,0.824898291,-0.912755447,-1.106506652,2.106506652,0.8285,1.2325,1
0.017199718,0.442084479,0.822444871,-0.924041844,-0.064843793,-1.456225319,1.746486715,0.442418938,86.89355539,0.793618395,-0.909133001,-1.145554346,2.145554346,0.485,0.6875,1
0.003810828,0.424959849,0.638268879,-0.658838027,-0.014804274,-1.489190567,1.297106906,0.424976936,80.86253369,0.636252037,-0.645198123,-1.014060601,2.014060601,0.743,1.07,0
0.013857678,0.445391722,0.825901516,-0.932747078,-0.058335812,-1.418138614,1.758648594,0.44560725,101.010101,0.816230923,-0.9121686,-1.117537419,2.117537419,0.667,1.007,1
0.015335774,0.443314857,0.823492122,-0.9236183,-0.062491272,-1.461783724,1.747110422,0.443580036,78.94736842,0.813173594,-0.902367436,-1.109686103,2.109686103,0.5005,0.851,1
0.004010098,0.424331731,0.644445987,-0.675269893,-0.01480901,-1.491185082,1.31971588,0.424350679,108.1081081,0.632982798,-0.653259614,-1.032033754,2.032033754,0.799,1.062,0
0.00409854,0.424234434,0.658174127,-0.650373214,-0.013144959,-1.495309761,1.308547341,0.424254231,97.45533297,0.639718567,-0.640512271,-1.001240708,2.001240708,0.738333333,1.127,0
0.003996802,0.425063031,0.650852912,-0.652485303,-0.005886743,-1.491833644,1.303338215,0.425081821,78.3801437,0.641070956,-0.646698051,-1.008777647,2.008777647,0.324,0.988,0
0.018350719,0.441365191,0.835980013,-0.932532242,-0.07538349,-1.432511614,1.768512255,0.441746512,79.20792079,0.80014475,-0.927835728,-1.159584847,2.159584847,0.4865,0.7985,1
0.014501774,0.441464344,0.795553727,-0.92848255,-0.084154567,-1.436016764,1.724036277,0.441702466,91.11617312,0.787952574,-0.924265905,-1.172996871,2.172996871,0.718,0.844,1
0.004047929,0.424373263,0.648198303,-0.640927623,-0.012538911,-1.493181674,1.289125926,0.424392568,78.63695937,0.641964393,-0.636446024,-0.991403932,1.991403932,0.4285,0.8185,0
0.014572303,0.437963457,0.836944313,-0.930454335,-0.059207128,-1.454170587,1.767398648,0.438205822,70.92198582,0.818776112,-0.912352374,-1.114287972,2.114287972,0.4065,0.8495,1
0.013522816,0.445418175,0.824840423,-0.943724352,-0.078007729,-1.407850948,1.768564775,0.445623403,77.36943907,0.797086141,-0.926389952,-1.162220623,2.162220623,0.409,0.8,1
0.018318581,0.44262168,0.827224591,-0.932142635,-0.088058446,-1.453654118,1.759367226,0.443000589,81.9112628,0.802266218,-0.913070129,-1.138113643,2.138113643,0.666,1.0225,1
0.003396317,0.425412916,0.651916644,-0.650862346,-0.013142883,-1.493835134,1.30277899,0.425426473,105.3247513,0.583948466,-0.639260869,-1.094721378,2.094721378,0.586333333,0.910333333,0
0.012709075,0.440591809,0.81774111,-0.918137594,-0.07916136,-1.413003399,1.735878704,0.440775071,104.4386423,0.78856704,-0.915106517,-1.160467621,2.160467621,0.7255,0.849,1
0.015132702,0.440633598,0.851447351,-0.924321805,-0.061602479,-1.440652715,1.775769156,0.440893373,102.6518392,0.827109183,-0.89459419,-1.081591413,2.081591413,0.664,1.128,1
0.003024316,0.424897727,0.632804533,-0.659581185,-0.012522085,-1.492083888,1.292385718,0.42490849,97.19222462,0.627116643,-0.64445762,-1.027651917,2.027651917,0.664333333,0.893666667,0
0.014210471,0.441384861,0.849507218,-0.951293477,-0.076921001,-1.451757086,1.800800695,0.441613556,105.8201058,0.536030905,-0.929445059,-1.733939313,2.733939313,0.584333333,0.638666667,1
0.019774961,0.439801526,0.806973979,-0.913044161,-0.078118381,-1.460746887,1.72001814,0.440245876,78.74015748,0.781755519,-0.887863689,-1.135730631,2.135730631,0.8275,1.227,1
0.00339374,0.425110391,0.646203982,-0.644740579,-0.013866225,-1.490617797,1.290944561,0.425123937,97.34991888,0.632206335,-0.639189095,-1.011045064,2.011045064,0.734,0.94,0
0.018061555,0.439131081,0.844314424,-0.924311921,-0.070139387,-1.447819024,1.768626345,0.439502362,77.36943907,0.83947488,-0.919585225,-1.095429115,2.095429115,0.4065,0.7275,1
0.00450998,0.424601626,0.642833426,-0.637033234,-0.010727261,-1.491507929,1.27986666,0.424625577,89.61911875,0.641496516,-0.627961026,-0.978900134,1.978900134,0.743,1.205,0
0.002770511,0.424297924,0.645470466,-0.649788422,-0.009877311,-1.49056352,1.295258888,0.424306969,72.59528131,0.638420487,-0.644658734,-1.009771375,2.009771375,0.6585,1.0905,0
0.003584107,0.425081596,0.648238777,-0.644890147,-0.015485259,-1.491341545,1.293128924,0.425096705,81.08108108,0.641725054,-0.638621921,-0.995164387,1.995164387,0.7425,0.86,0
0.017276475,0.442022733,0.856509382,-0.899004493,-0.069659404,-1.45320388,1.755513875,0.44236023,91.81331293,0.837148583,-0.85478794,-1.021070759,2.021070759,0.673,0.982,1
0.015939757,0.441954583,0.863005423,-0.939192582,-0.070467004,-1.435534225,1.802198005,0.442241935,91.88361409,0.830104092,-0.925834757,-1.115323687,2.115323687,0.771,0.905,1
0.015788414,0.44484109,0.843487817,-0.965137285,-0.077399132,-1.424560791,1.808625102,0.445121185,79.31262393,0.827309571,-0.948942705,-1.147022516,2.147022516,0.5335,0.7355,1
0.003181718,0.423964725,0.655827335,-0.636117574,-0.009836316,-1.490416895,1.291944909,0.423976664,103.0927835,0.64300537,-0.632311352,-0.983368696,1.983368696,0.743,1.0675,0
0.003468962,0.423808714,0.641097057,-0.669125789,-0.01239549,-1.496148784,1.310222846,0.423822911,80.86253369,0.63395215,-0.644739178,-1.017015524,2.017015524,0.881,1.167,0
0.016808533,0.443679221,0.820543243,-0.912663916,-0.084745166,-1.420907283,1.733207159,0.443997498,87.71929825,0.813597855,-0.893726287,-1.098486532,2.098486532,0.624,1.189,1
0.016092251,0.438904474,0.823243295,-0.943695044,-0.077400052,-1.417528241,1.766938339,0.439199382,77.56948933,0.801750526,-0.922339451,-1.150407042,2.150407042,0.409,0.641,1
0.015488966,0.441383965,0.820833561,-0.917258439,-0.080393815,-1.434655647,1.738092,0.44165565,76.97241822,0.795905749,-0.915792707,-1.150629592,2.150629592,0.4155,0.6555,1
0.015419946,0.438219974,0.816128535,-0.92985455,-0.066742441,-1.448719053,1.745983085,0.438491186,99.33774834,0.545455203,-0.888288347,-1.628526675,2.628526675,0.585,0.759,1
0.003013219,0.424524812,0.641688409,-0.655122689,-0.010823632,-1.491324673,1.296811098,0.424535506,88.95478132,0.63849646,-0.638075475,-0.999340661,1.999340661,0.52,1.0845,0
0.014826437,0.439999504,0.832646222,-0.917123355,-0.058590262,-1.449175991,1.749769577,0.440249233,89.82035928,0.810979384,-0.887844778,-1.094780947,2.094780947,0.767,1.1105,1
0.003063341,0.424836059,0.646509615,-0.653653244,-0.012491189,-1.489164546,1.300162859,0.424847103,97.4025974,0.637272291,-0.641731433,-1.006997231,2.006997231,0.740333333,0.977666667,0
0.002832084,0.424501885,0.637575336,-0.649990681,-0.016564126,-1.49202248,1.287566017,0.424511332,79.0513834,0.631391147,-0.645375409,-1.022148333,2.022148333,0.5245,0.719,0
0.015330219,0.442408197,0.850386065,-0.916558494,-0.07007456,-1.437335224,1.766944559,0.442673726,102.1276596,0.835560118,-0.900671402,-1.077925313,2.077925313,0.723,0.9005,1
0.017104668,0.439863772,0.845511733,-0.946947297,-0.078590796,-1.452930358,1.79245903,0.440196215,108.4337349,0.719743653,-0.887116351,-1.232544876,2.232544876,0.736,1.003666667,1
0.002789031,0.424904663,0.632681352,-0.658654962,-0.014280233,-1.491953676,1.291336314,0.424913816,108.2381239,0.619899251,-0.652564976,-1.052695216,2.052695216,0.800666667,1.090666667,0
0.015606279,0.439048102,0.830259776,-0.949975519,-0.058748226,-1.453282338,1.780235295,0.439325383,118.0327869,0.715285581,-0.902987165,-1.262414887,2.262414887,0.734333333,1.048666667,1
0.003082615,0.425030841,0.637895492,-0.650403198,-0.014103344,-1.494394632,1.28829869,0.425042019,80.97165992,0.635767745,-0.640481168,-1.007413748,2.007413748,0.886,1.269,0
0.018058929,0.439516091,0.83745219,-0.947938036,-0.06100681,-1.450087531,1.785390226,0.439886939,70.79646018,0.818133402,-0.946624486,-1.157053952,2.157053952,0.4055,0.9015,1
0.00227302,0.424028486,0.649653321,-0.647927557,-0.017012329,-1.491717048,1.297580878,0.424034578,79.57559682,0.634287252,-0.645097373,-1.017042942,2.017042942,0.5265,0.8155,0
0.003576634,0.424753572,0.648826546,-0.660213427,-0.011223301,-1.493563169,1.309039973,0.42476863,80.97165992,0.640635668,-0.646688004,-1.009447391,2.009447391,0.8855,1.0875,0
0.002848108,0.424779813,0.650129786,-0.648456778,-0.014831104,-1.489732703,1.298586564,0.424789361,97.13977334,0.6356152,-0.63757222,-1.003078939,2.003078939,0.736666667,1.150666667,0
0.004156386,0.424782144,0.639230163,-0.655033414,-0.015084751,-1.490181635,1.294263577,0.424802478,118.7335092,0.546749696,-0.646410392,-1.182278467,2.182278467,0.564,0.688666667,0
0.016127613,0.441770808,0.833897472,-0.977910678,-0.075052333,-1.418071448,1.81180815,0.442065094,104.5296167,0.753513518,-0.90373049,-1.199355379,2.199355379,0.680333333,0.886,1
0.019186025,0.44057551,0.843571042,-0.924928384,-0.06252081,-1.443516143,1.768499426,0.440993065,100.9251472,0.807994839,-0.914058627,-1.131267903,2.131267903,0.7205,0.838,1
0.00370466,0.424372233,0.643302014,-0.642711476,-0.00821394,-1.492409611,1.28601349,0.424388403,103.4482759,0.637857942,-0.637306957,-0.999136195,1.999136195,0.739,0.857,0
0.01544198,0.443673652,0.830330987,-0.943144709,-0.076177136,-1.450699573,1.773475696,0.443942299,103.2702238,0.7972651,-0.924627284,-1.159748851,2.159748851,0.663,0.841,1
0.014231556,0.438691732,0.859019322,-0.887175891,-0.07063648,-1.456675764,1.746195213,0.438922514,71.21661721,0.840480014,-0.865891454,-1.030234437,2.030234437,0.4095,0.998,1
0.004174564,0.42491011,0.644162139,-0.664224342,-0.013710669,-1.494011942,1.308386481,0.424930616,72.11538462,0.638773765,-0.652599593,-1.021644326,2.021644326,0.6565,0.956,0
0.003023105,0.424599049,0.652766065,-0.650892207,-0.011817268,-1.492424748,1.303658272,0.424609811,108.3032491,0.641617216,-0.634556371,-0.988995238,1.988995238,0.802333333,0.973,0
0.012085858,0.443428988,0.803391182,-0.941713783,-0.062472323,-1.431833573,1.745104965,0.44359366,98.95547004,0.510145449,-0.891132179,-1.746819814,2.746819814,0.584,0.772,1
0.003596483,0.423717773,0.645023212,-0.647064774,-0.011979265,-1.494776975,1.292087986,0.423733036,78.53403141,0.639554208,-0.645659901,-1.009546795,2.009546795,0.4285,0.9865,0
0.003694633,0.424361347,0.657869285,-0.64324086,-0.007106746,-1.492369215,1.301110145,0.42437743,97.34991888,0.591019952,-0.636255791,-1.0765386,2.0765386,0.566666667,0.841,0
0.002903958,0.425005282,0.633448813,-0.641158276,-0.012575054,-1.493056656,1.274607089,0.425015203,88.95478132,0.630983739,-0.635593512,-1.007305692,2.007305692,0.648,0.864,0
0.016391606,0.44067564,0.833692911,-0.910445339,-0.076003596,-1.432930417,1.74413825,0.440980391,78.43137255,0.826814732,-0.902688267,-1.091766065,2.091766065,0.5005,0.5785,1
0.003753,0.425061205,0.663070519,-0.644389959,-0.013449897,-1.494981531,1.307460478,0.425077773,97.61388286,0.631814219,-0.64019986,-1.013272321,2.013272321,0.668333333,0.848,0
0.0030803,0.42506903,0.656096533,-0.651999684,-0.008552494,-1.491514631,1.308096217,0.425080191,81.24576845,0.651482879,-0.643805056,-0.988214851,1.988214851,0.7415,1.0745,0
0.016960626,0.442706851,0.832571943,-0.946952205,-0.07288487,-1.447823814,1.779524148,0.443031623,77.72020725,0.803581759,-0.870661908,-1.083476445,2.083476445,0.531,0.683,1
0.002940561,0.425021934,0.652736159,-0.653945901,-0.012308906,-1.492428131,1.30668206,0.425032106,117.7240026,0.556477933,-0.638833634,-1.147994549,2.147994549,0.561,0.852666667,0
0.002280034,0.425249805,0.649178114,-0.649350834,-0.013599186,-1.492146785,1.298528948,0.425255917,105.5718475,0.597251657,-0.638485268,-1.069038922,2.069038922,0.582333333,0.897333333,0
0.002839286,0.425133413,0.640589242,-0.650872464,-0.012347285,-1.493737055,1.291461706,0.425142894,97.45533297,0.630957237,-0.640730251,-1.015489186,2.015489186,0.665,1.119333333,0
0.00289211,0.424239751,0.645131901,-0.644971511,-0.015102867,-1.493686982,1.290103412,0.424249608,108.0432173,0.635417718,-0.630685586,-0.992552724,1.992552724,0.8,1.068666667,0
0.016299471,0.438925077,0.83636904,-0.949510253,-0.067474005,-1.434360075,1.785879293,0.439227613,106.0695345,0.695012793,-0.912882031,-1.313475148,2.313475148,0.676333333,0.959666667,1
0.003026948,0.424598525,0.640024001,-0.646431376,-0.011280207,-1.491729046,1.286455377,0.424609314,90.15777611,0.637361801,-0.64084374,-1.005463048,2.005463048,0.6545,1.073,0
0.002317357,0.424963891,0.660174138,-0.651987043,-0.010060809,-1.490968287,1.312161181,0.424970209,77.92207792,0.643860376,-0.641801343,-0.99680205,1.99680205,0.325,0.771,0
0.002606401,0.42367371,0.643382541,-0.639095856,-0.01279833,-1.493802291,1.282478397,0.423681727,105.8823529,0.543766114,-0.634780945,-1.167378638,2.167378638,0.562,0.910666667,0
0.017448254,0.438165422,0.84497595,-0.933920116,-0.071626917,-1.473313595,1.778896066,0.438512689,79.41760424,0.82577301,-0.90820363,-1.099822372,2.099822372,0.5365,0.654,1
0.003206152,0.42424563,0.662818925,-0.642971456,-0.011659946,-1.489897752,1.305790381,0.424257745,97.2972973,0.644230404,-0.638909369,-0.991740479,1.991740479,0.668666667,1.065,0
0.01953965,0.437829684,0.856333168,-0.952550364,-0.06665099,-1.420206032,1.808883532,0.438265479,71.47111376,0.841285655,-0.927801633,-1.102837814,2.102837814,0.4135,0.856,1
0.018006657,0.440030529,0.826609052,-0.923283077,-0.068138746,-1.421684661,1.749892129,0.440398804,78.22685789,0.806482548,-0.911962793,-1.130790486,2.130790486,0.483,0.846,1
0.019574732,0.441485842,0.825796768,-0.918694098,-0.061409125,-1.443294013,1.744490866,0.441919584,90.22556391,0.806266331,-0.877041424,-1.087781283,2.087781283,0.8265,1.2655,1
0.00264173,0.424661886,0.647779112,-0.650164842,-0.013119008,-1.489895125,1.297943954,0.424670103,97.08737864,0.640683939,-0.646017612,-1.008324967,2.008324967,0.739333333,0.907666667,0
0.019572744,0.44307456,0.826709827,-0.924334846,-0.081661632,-1.429184446,1.751044673,0.44350666,108.6956522,0.694744506,-0.907312804,-1.305966145,2.305966145,0.758666667,1.107,1
0.003160263,0.425701672,0.65143187,-0.661460585,-0.013241362,-1.489350174,1.312892455,0.425713402,78.22685789,0.643306818,-0.654873264,-1.017979673,2.017979673,0.3225,0.8075,0
0.003117345,0.425152791,0.656869546,-0.66622341,-0.013120334,-1.496302495,1.323092956,0.425164219,97.13977334,0.633534577,-0.645922308,-1.019553362,2.019553362,0.665,1.017666667,0
0.013337211,0.440691597,0.824420004,-0.930709137,-0.069518776,-1.433494775,1.755129141,0.440893371,90.15777611,0.8121733,-0.878275237,-1.081388955,2.081388955,0.669,0.8225,1
0.003247014,0.424611358,0.642279184,-0.65258389,-0.014883617,-1.489015487,1.294863074,0.424623773,97.03504043,0.636938355,-0.638987307,-1.003216877,2.003216877,0.669,0.836,0
0.00331151,0.424520941,0.657098895,-0.669236227,-0.015200819,-1.49147096,1.326335122,0.424533857,103.5375324,0.638269763,-0.65898493,-1.032455191,2.032455191,0.743,1.2055,0
0.017731401,0.443545099,0.852511011,-0.927117504,-0.072142023,-1.424004547,1.779628515,0.443899377,78.17589577,0.82662466,-0.921161408,-1.114364781,2.114364781,0.72,0.848,1
0.014969201,0.443530838,0.838644039,-0.917655813,-0.084472989,-1.449624985,1.756299852,0.443783372,78.63695937,0.807361409,-0.903178332,-1.118679096,2.118679096,0.5645,0.639,1
0.015828831,0.438167865,0.811624355,-0.917334247,-0.071909385,-1.452996011,1.728958602,0.43845368,89.28571429,0.763495528,-0.893685233,-1.170517966,2.170517966,0.6555,1.0055,1
0.013089263,0.442119859,0.831699758,-0.92388476,-0.067334519,-1.422413775,1.755584518,0.442313575,78.48266841,0.808839056,-0.906397345,-1.120615205,2.120615205,0.771,1.0065,1
0.002830322,0.425036758,0.64351818,-0.651491322,-0.010811326,-1.492704972,1.295009502,0.425046182,89.95502249,0.639154665,-0.648393898,-1.014455395,2.014455395,0.737,0.8555,0
0.014752582,0.440503434,0.843867006,-0.927388161,-0.062750311,-1.419743541,1.771255167,0.440750399,78.53403141,0.825037244,-0.914368951,-1.108275969,2.108275969,0.833,1.223,1
0.003145918,0.425216794,0.663851143,-0.634058961,-0.009261986,-1.492668896,1.297910104,0.425228431,89.48545861,0.650693239,-0.631047464,-0.96980793,1.96980793,0.65,0.762,0
0.003274168,0.424120528,0.64699164,-0.651236201,-0.011016115,-1.488379463,1.298227841,0.424133165,97.66684753,0.636753461,-0.644991227,-1.012937137,2.012937137,0.736333333,1.005333333,0
0.00340051,0.425029488,0.643954771,-0.643682643,-0.01025476,-1.494811949,1.287637414,0.425043091,108.1730769,0.639300829,-0.636164635,-0.995094339,1.995094339,0.796333333,0.972666667,0
0.002826805,0.424444391,0.636800979,-0.658326443,-0.013675509,-1.491587458,1.295127422,0.424453805,89.48545861,0.631102996,-0.63624623,-1.008149594,2.008149594,0.524,0.8595,0
0.017254277,0.441561203,0.838919755,-0.95396291,-0.070562003,-1.421400343,1.792882665,0.441898185,78.94736842,0.831401198,-0.930415067,-1.119092767,2.119092767,0.726,1.264,1
0.018612285,0.44357518,0.860669227,-0.953176852,-0.098848814,-1.426230362,1.813846079,0.443965491,90.84027252,0.837096448,-0.906634169,-1.083070143,2.083070143,0.7665,0.9065,1
0.015792218,0.44124175,0.826785604,-0.939478392,-0.067806207,-1.439214726,1.766263996,0.441524265,86.89355539,0.786590693,-0.924236267,-1.174990088,2.174990088,0.483,0.7525,1
0.003102548,0.424150137,0.652902959,-0.662435333,-0.013779042,-1.489648942,1.315338292,0.424161484,108.2381239,0.632359354,-0.633337304,-1.00154651,2.00154651,0.799333333,0.972666667,0
0.002080863,0.424472537,0.648871956,-0.644147795,-0.012914598,-1.493152812,1.293019751,0.424477637,97.24473258,0.562975609,-0.635825005,-1.129400627,2.129400627,0.563333333,0.972666667,0
0.016435349,0.440286145,0.824925715,-0.935244911,-0.062901898,-1.45081169,1.760170626,0.440592794,91.88361409,0.760579609,-0.896593054,-1.178828677,2.178828677,0.769,1.126,1
0.003676444,0.424506015,0.650649707,-0.641419093,-0.011463076,-1.492970703,1.2920688,0.424521935,89.55223881,0.641234893,-0.632546263,-0.986450159,1.986450159,0.738,0.859,0
0.016219048,0.440532315,0.835409524,-0.921009979,-0.078143178,-1.417244583,1.756419503,0.440830782,72.99270073,0.8110738,-0.909332884,-1.121146909,2.121146909,0.572,0.8495,1
0.018863819,0.440801564,0.843167173,-0.94171968,-0.076362515,-1.431462917,1.784886853,0.441205012,77.51937984,0.808770495,-0.939673817,-1.161854721,2.161854721,0.4205,0.7925,1
0.017801056,0.440619177,0.832737552,-0.925464969,-0.053365804,-1.464817685,1.758202521,0.440978613,89.75317876,0.806397564,-0.877375296,-1.088018286,2.088018286,0.817,1.141,1
0.003116462,0.424364597,0.643028636,-0.654034878,-0.01450808,-1.493015322,1.297063514,0.42437604,117.4934726,0.538302625,-0.640273723,-1.189430803,2.189430803,0.561333333,0.848666667,0
0.002943669,0.424383694,0.648999016,-0.650406746,-0.01452749,-1.494804942,1.299405762,0.424393903,102.8277635,0.638788948,-0.646201788,-1.011604521,2.011604521,0.743,1.0715,0
0.01582841,0.441841993,0.87976278,-0.932567982,-0.067895918,-1.418477456,1.812330762,0.442125418,78.3801437,0.838512341,-0.914174333,-1.090233606,2.090233606,0.565,0.64,1
0.003456867,0.42457723,0.656269518,-0.661516538,-0.014406102,-1.493926607,1.317786056,0.424591303,78.89546351,0.640873485,-0.652623016,-1.01833362,2.01833362,0.4305,0.6775,0
0.003188383,0.42387866,0.650278945,-0.654519265,-0.014083828,-1.49054349,1.30479821,0.423890651,79.15567282,0.647219309,-0.642242138,-0.992309915,1.992309915,0.5245,0.821,0
0.014511585,0.440354546,0.855830242,-0.939900971,-0.074342828,-1.426371038,1.795731213,0.440593591,102.5641026,0.828595061,-0.889288676,-1.073248825,2.073248825,0.7155,1.141,1
0.003401966,0.42537989,0.637518493,-0.64149778,-0.010511215,-1.493603061,1.279016273,0.425393493,70.21650088,0.633518484,-0.637109615,-1.00566855,2.00566855,0.43,0.8555,0
0.002718923,0.424999223,0.656357259,-0.647783385,-0.01340665,-1.495793551,1.304140644,0.42500792,97.56097561,0.63768102,-0.640783986,-1.004866017,2.004866017,0.668666667,0.896,0
0.01847834,0.437333258,0.839444996,-0.957196029,-0.052842229,-1.452045045,1.796641025,0.43772346,102.6518392,0.770755971,-0.900577152,-1.168433571,2.168433571,0.669,1.1105,1
0.018742283,0.444217045,0.868217059,-0.929803294,-0.053868214,-1.465533061,1.798020353,0.444612254,87.46355685,0.815111775,-0.92665211,-1.136840539,2.136840539,0.49,0.804,1
0.018586996,0.441690411,0.850250719,-0.923725989,-0.044739208,-1.43874032,1.773976708,0.442081322,88.23529412,0.831236816,-0.890179632,-1.070909774,2.070909774,0.5735,0.922,1
0.017046686,0.443450803,0.834450624,-0.952316351,-0.068644693,-1.434351526,1.786766975,0.443778328,86.89355539,0.804498926,-0.897013984,-1.114997117,2.114997117,0.492,0.8575,1
0.01759662,0.442361734,0.85155983,-0.932041894,-0.069614883,-1.442873826,1.783601724,0.442711581,79.20792079,0.829645488,-0.90619479,-1.092267485,2.092267485,0.5705,0.847,1
0.002942381,0.424514854,0.65606925,-0.640189801,-0.012563245,-1.491345473,1.296259051,0.424525051,118.4210526,0.533183061,-0.637709496,-1.196042303,2.196042303,0.558666667,0.772,0
0.015606802,0.441280139,0.839944514,-0.945908685,-0.069949191,-1.422282501,1.785853199,0.441556036,103.9861352,0.712355122,-0.909368706,-1.276566529,2.276566529,0.734666667,0.892666667,1
0.016029219,0.440736988,0.834323974,-0.917297543,-0.0432855,-1.431052217,1.751621517,0.441028376,102.5641026,0.815328224,-0.903361186,-1.10797242,2.10797242,0.724,0.9615,1
0.003743395,0.424875946,0.642612613,-0.639029527,-0.013606674,-1.49264456,1.28164214,0.424892437,105.3247513,0.580038312,-0.636970754,-1.0981529,2.0981529,0.585,0.914,0
0.016686275,0.44271798,0.838052968,-0.959567486,-0.073985206,-1.432323665,1.797620454,0.443032326,90.29345372,0.804859521,-0.883758807,-1.098028642,2.098028642,0.77,1.029,1
0.0027043,0.423910277,0.654868861,-0.666531139,-0.01224077,-1.490827502,1.3214,0.423918903,108.5645356,0.634104661,-0.645901381,-1.018603742,2.018603742,0.801,1.002666667,0
0.003960591,0.424048915,0.637401876,-0.658432604,-0.009357493,-1.490854295,1.29583448,0.42406741,81.19079838,0.635477579,-0.648601041,-1.020651338,2.020651338,0.886,1.2985,0
0.016422353,0.442733284,0.85949682,-0.924298114,-0.081943333,-1.446330635,1.783794934,0.443037757,77.51937984,0.826558462,-0.921248264,-1.114559109,2.114559109,0.415,0.7395,1
0.015896054,0.445489063,0.863596467,-0.954243417,-0.09129376,-1.422568438,1.817839884,0.445772577,88.23529412,0.833298686,-0.945249796,-1.134346918,2.134346918,0.5005,0.7415,1
0.016888019,0.438727734,0.833539413,-0.912390178,-0.062629103,-1.460063557,1.745929591,0.43905265,90.22556391,0.820438785,-0.874853965,-1.066324485,2.066324485,0.716,1.017,1
0.016116755,0.443013306,0.847844486,-0.952632882,-0.098521806,-1.42507082,1.800477368,0.443306372,106.3829787,0.563548686,-0.917102102,-1.627369782,2.627369782,0.576,0.697333333,1
0.002921774,0.424244715,0.638489567,-0.661764098,-0.0081202,-1.493624508,1.300253665,0.424254776,78.68852459,0.636814498,-0.646084165,-1.014556306,2.014556306,0.4315,0.7215,0
0.016168854,0.444425063,0.831451804,-0.910998162,-0.056400211,-1.438003076,1.742449966,0.44471909,99.33774834,0.694190105,-0.895955154,-1.290648121,2.290648121,0.679666667,1.093,1
0.018425834,0.440950696,0.831610712,-0.943382847,-0.061228658,-1.444877069,1.774993559,0.441335504,78.48266841,0.79677978,-0.903205974,-1.1335704,2.1335704,0.6615,1.2225,1
0.003531504,0.424516584,0.640408432,-0.650100555,-0.013235982,-1.492249865,1.290508987,0.424531273,78.32898172,0.636190308,-0.642856211,-1.010477844,2.010477844,0.4325,0.6755,0
0.003420582,0.424083811,0.649085596,-0.63945077,-0.01324054,-1.489535231,1.288536366,0.424097606,108.5645356,0.638818816,-0.637905856,-0.998570862,1.998570862,0.798666667,0.975666667,0
0.015017379,0.439374535,0.813547278,-0.918362147,-0.059844767,-1.447485971,1.731909425,0.439631099,86.02150538,0.784006214,-0.863703755,-1.101654221,2.101654221,0.5635,0.847,1
0.017488342,0.441744392,0.835758357,-0.950432709,-0.07454069,-1.425532745,1.786191066,0.442090432,77.7705768,0.827362873,-0.931990379,-1.126459028,2.126459028,0.482,0.919,1
0.002833959,0.424261362,0.640515066,-0.644610129,-0.016041455,-1.492099248,1.285125195,0.424270826,78.79185817,0.632708988,-0.643593648,-1.017203265,2.017203265,0.521,0.8965,0
0.014852541,0.440899788,0.831216764,-0.923186148,-0.089488365,-1.428124046,1.754402912,0.441149885,87.59124088,0.800660789,-0.91716812,-1.145513971,2.145513971,0.494,0.8015,1
0.01901152,0.441148049,0.809001527,-0.917084771,-0.07955921,-1.440542772,1.726086298,0.441557515,89.02077151,0.796932965,-0.911542196,-1.143812888,2.143812888,0.5045,0.8075,1
0.01393735,0.441886956,0.812219898,-0.938867902,-0.080477295,-1.453173477,1.7510878,0.442106697,78.07417046,0.778605325,-0.900210171,-1.156182912,2.156182912,0.404,0.7405,1
0.016951663,0.439884972,0.847172819,-0.945668536,-0.068950618,-1.452495466,1.792841355,0.44021148,70.79646018,0.812206388,-0.917020215,-1.129048268,2.129048268,0.4835,0.7415,1
0.003288071,0.424854927,0.649034947,-0.64153585,-0.01466833,-1.492109755,1.290570797,0.424867651,105.7579318,0.595107694,-0.634773136,-1.066652545,2.066652545,0.584333333,0.823,0
0.003016297,0.425079232,0.638677319,-0.641991074,-0.01356006,-1.488395975,1.280668393,0.425089933,104.0763226,0.636673039,-0.639394989,-1.004275272,2.004275272,0.743,1.071,0
0.015176724,0.438967027,0.855447257,-0.93374612,-0.070407436,-1.439864151,1.789193377,0.439229307,78.79185817,0.814635026,-0.926481561,-1.137296495,2.137296495,0.411,0.645,1
0.013533159,0.441609511,0.851737654,-0.942550462,-0.065520662,-1.428150822,1.794288116,0.441816825,68.84681583,0.831161971,-0.93089416,-1.119991281,2.119991281,0.665,1.491,1
0.003221298,0.424256156,0.656639607,-0.659368012,-0.01502875,-1.489906887,1.316007619,0.424268385,108.1730769,0.640276867,-0.643843879,-1.005571047,2.005571047,0.8,1.121,0
0.016356686,0.444077109,0.837938688,-0.930887001,-0.085666739,-1.403227389,1.768825689,0.44437824,78.32898172,0.815356373,-0.903960418,-1.108669101,2.108669101,0.483,1,1
0.014433855,0.439683907,0.838472723,-0.944058673,-0.054400178,-1.452582275,1.782531396,0.43992076,103.7165082,0.798398577,-0.896791204,-1.123237477,2.123237477,0.666,1.0185,1
0.018852828,0.441342839,0.843967331,-0.952618144,-0.054541924,-1.420167658,1.796585475,0.441745323,86.83068017,0.820449364,-0.940843032,-1.146741131,2.146741131,0.4945,0.7405,1
0.019084887,0.439609794,0.890616346,-0.945196727,-0.069165048,-1.436668168,1.835813073,0.440023868,107.6555024,0.650154977,-0.93180676,-1.433207149,2.433207149,0.757,0.913333333,1
0.003137446,0.425178683,0.647543572,-0.646490702,-0.015076409,-1.494908722,1.294034274,0.425190259,97.66684753,0.632985518,-0.644037449,-1.017460007,2.017460007,0.665666667,0.896666667,0
0.017246603,0.441373711,0.867883389,-0.931785238,-0.057189966,-1.468598361,1.799668627,0.441710537,80.32128514,0.820025764,-0.911654547,-1.111738906,2.111738906,0.5015,0.574,1
0.002302906,0.424181895,0.635992781,-0.655006112,-0.014141537,-1.492496422,1.290998893,0.424188147,118.2654402,0.541352739,-0.643830052,-1.189298595,2.189298595,0.563,0.745,0
0.017647042,0.439813604,0.855988382,-0.940154976,-0.075400194,-1.425606929,1.796143358,0.440167496,94.53781513,0.560579906,-0.917684962,-1.637027929,2.637027929,0.578666667,0.999333333,1
0.00289376,0.425083347,0.648254119,-0.638345036,-0.01266499,-1.497188241,1.286599155,0.425093196,78.17589577,0.645105745,-0.636332153,-0.986399761,1.986399761,0.426,0.855,0
0.014748382,0.441409416,0.833844652,-0.939717937,-0.084270851,-1.405189327,1.773562589,0.441655733,101.4370245,0.776256567,-0.903111158,-1.16341838,2.16341838,0.7215,1.171,1
0.014393228,0.443775067,0.814557707,-0.942506984,-0.084554046,-1.417319984,1.757064691,0.444008418,77.22007722,0.805226542,-0.925895576,-1.149857249,2.149857249,0.4125,0.7405,1
0.016406765,0.441297417,0.848343755,-0.923609123,-0.06604567,-1.434990869,1.771952878,0.441602301,89.68609865,0.835694856,-0.905166513,-1.083130411,2.083130411,0.719,1.0745,1
0.003199434,0.42400197,0.645081788,-0.643129173,-0.008916663,-1.491191081,1.288210961,0.424014041,78.74015748,0.632815265,-0.638792012,-1.009444694,2.009444694,0.5195,0.8995,0
0.014131056,0.439068449,0.84061942,-0.897585918,-0.064234037,-1.437422975,1.738205338,0.439295788,106.0070671,0.735066386,-0.884630189,-1.203469789,2.203469789,0.677333333,1.07,1
0.002882094,0.42534474,0.651156656,-0.672672841,-0.010042619,-1.489487207,1.323829497,0.425354505,118.0327869,0.59046346,-0.651058258,-1.102622435,2.102622435,0.566666667,0.773666667,0
0.004172776,0.425024413,0.650915665,-0.651853666,-0.011685376,-1.492065574,1.302769331,0.425044896,97.19222462,0.637515472,-0.641291387,-1.00592286,2.00592286,0.738333333,1.006,0
0.002905252,0.424370395,0.6523376,-0.640898384,-0.012379869,-1.493283536,1.293235984,0.42438034,97.50812568,0.634008384,-0.638121943,-1.006488177,2.006488177,0.738,1.069333333,0
0.016360191,0.442286034,0.868550582,-0.982813483,-0.079905855,-1.418108568,1.851364065,0.442588513,78.32898172,0.830130806,-0.940357185,-1.132781939,2.132781939,0.667,1.0025,1
0.016983977,0.441656569,0.862683026,-0.942012134,-0.061494235,-1.4058921,1.80469516,0.441983009,83.50730689,0.82310809,-0.908674001,-1.103954646,2.103954646,0.8365,1.2825,1
0.003591537,0.424812086,0.643999206,-0.639346333,-0.009524286,-1.493809919,1.283345539,0.424827268,117.8781925,0.557874816,-0.62761814,-1.125016084,2.125016084,0.564,0.881333333,0
0.004029886,0.424279413,0.648468276,-0.636695455,-0.011108224,-1.493502713,1.285163731,0.424298551,117.5702155,0.542478371,-0.62495931,-1.152044659,2.152044659,0.562666667,0.742666667,0
0.003242921,0.423882656,0.645626791,-0.641897589,-0.010400715,-1.495159158,1.28752438,0.423895061,78.68852459,0.641300497,-0.639539464,-0.997253965,1.997253965,0.6495,0.9,0
0.015246645,0.44207411,0.840341752,-0.937037339,-0.058048684,-1.45092532,1.777379091,0.442336952,78.32898172,0.811523603,-0.916209823,-1.1289996,2.1289996,0.496,0.858,1
0.003241836,0.425141169,0.641432738,-0.646348861,-0.016736421,-1.490348501,1.287781599,0.425153528,108.6300543,0.634643022,-0.643563911,-1.014056545,2.014056545,0.800333333,1.036,0
0.003283024,0.425221875,0.640728067,-0.656868281,-0.016020925,-1.492567102,1.297596348,0.425234549,89.88764045,0.637481769,-0.645640557,-1.012798464,2.012798464,0.6525,0.8965,0
0.004180845,0.425073605,0.655041741,-0.643801267,-0.012024893,-1.495288155,1.298843008,0.425094165,106.1320755,0.567096191,-0.630982067,-1.112654392,2.112654392,0.563666667,0.894,0
0.015000547,0.446266532,0.843213205,-0.968448447,-0.068242417,-1.436779054,1.811661652,0.44651857,94.53781513,0.737211271,-0.898316459,-1.218533269,2.218533269,0.680666667,1.018,1
0.016311624,0.44103751,0.837945345,-0.942783338,-0.076992969,-1.415996037,1.780728683,0.441339047,99.11894273,0.711413064,-0.929329312,-1.306314656,2.306314656,0.703333333,0.959333333,1
0.018840395,0.441843729,0.865026823,-0.93506339,-0.056625917,-1.443488682,1.800090213,0.442245228,85.89835361,0.816457756,-0.929895151,-1.138938475,2.138938475,0.615,1.024,1
0.011960718,0.440893278,0.828717611,-0.923658308,-0.071353695,-1.433094738,1.752375919,0.441055485,87.65522279,0.793968951,-0.912511438,-1.14930368,2.14930368,0.4895,0.893,1
0.019423866,0.43830787,0.844056546,-0.925967268,-0.065522257,-1.449005124,1.770023814,0.438738049,71.00591716,0.841867991,-0.884591669,-1.050748666,2.050748666,0.5365,1.013,1
0.016326414,0.442271853,0.829296668,-0.967225408,-0.064913493,-1.417425474,1.796522076,0.442573094,78.32898172,0.818934897,-0.937239846,-1.144461971,2.144461971,0.4885,0.9665,1
0.01724042,0.439786102,0.842104403,-0.926076304,-0.063227995,-1.414969961,1.768180707,0.4401239,102.8277635,0.826799305,-0.921330323,-1.114333694,2.114333694,0.719,0.852,1
0.003170386,0.424737706,0.646704253,-0.642103008,-0.017744514,-1.491413997,1.288807261,0.424749538,105.7579318,0.524065969,-0.635673795,-1.212965223,2.212965223,0.558666667,0.853666667,0
0.003501409,0.424317446,0.648267392,-0.640155276,-0.011672598,-1.49412686,1.288422668,0.424331892,80.86253369,0.640573898,-0.634331071,-0.990254321,1.990254321,0.746,0.9865,0
0.015215761,0.443682116,0.871255966,-0.935571519,-0.073417739,-1.424393175,1.806827485,0.443942946,79.20792079,0.833699282,-0.917736889,-1.100800862,2.100800862,0.4965,0.903,1
0.014604056,0.440495632,0.841654738,-0.920712146,-0.049288597,-1.443922048,1.762366884,0.440737655,90.70294785,0.82868752,-0.903886415,-1.090744574,2.090744574,0.765,1.002,1
0.002920949,0.424330317,0.642543944,-0.645816179,-0.011467531,-1.494556209,1.288360123,0.424340371,108.892922,0.633445896,-0.628407227,-0.99204562,1.99204562,0.801333333,1.037666667,0
0.017720729,0.438282133,0.845979405,-0.906502596,-0.054103427,-1.457274827,1.752482001,0.438640231,71.21661721,0.823629019,-0.893623194,-1.084982647,2.084982647,0.419,0.846,1
0.002347354,0.42423606,0.644510634,-0.664607259,-0.013289879,-1.493394265,1.309117893,0.424242554,97.34991888,0.571731075,-0.641817489,-1.122586331,2.122586331,0.567,0.899,0
0.003598763,0.424306961,0.656605574,-0.676244161,-0.012977889,-1.490312883,1.332849735,0.424322222,88.88888889,0.644315866,-0.665572782,-1.032991452,2.032991452,0.65,0.8535,0
0.002914684,0.42419158,0.65157007,-0.656655442,-0.015850864,-1.492236429,1.308225512,0.424201593,77.97270955,0.640273439,-0.6490574,-1.013719078,2.013719078,0.3225,0.859,0
0.002668796,0.425500659,0.650776371,-0.667247205,-0.011774864,-1.489951434,1.318023576,0.425509029,108.0432173,0.642820953,-0.637470202,-0.991676141,1.991676141,0.798,1.069333333,0
0.01429309,0.440572336,0.840089769,-0.949327784,-0.066992833,-1.417116035,1.789417553,0.440804124,77.82101167,0.817677109,-0.912971529,-1.116542848,2.116542848,0.8235,1.2295,1
0.019431757,0.440787333,0.868138869,-0.937221753,-0.064178924,-1.420531816,1.805360622,0.441215441,78.32898172,0.834625947,-0.9156321,-1.097056835,2.097056835,0.4905,1.014,1
0.01571026,0.440912679,0.820491942,-0.939829521,-0.071655592,-1.434072201,1.760321463,0.441192478,87.78346745,0.788370662,-0.936069028,-1.187346349,2.187346349,0.499,0.737,1
0.016642321,0.439544857,0.81191716,-0.914840185,-0.07761262,-1.454681005,1.726757345,0.439859805,70.67137809,0.795772022,-0.897089347,-1.127319537,2.127319537,0.482,0.7355,1
0.019264755,0.441737053,0.868032036,-0.952716015,-0.072525932,-1.423982917,1.820748051,0.442156935,94.2902043,0.721958522,-0.928035139,-1.285441076,2.285441076,0.698333333,1.166666667,1
0.003325577,0.4243323,0.641572356,-0.649992761,-0.013843991,-1.493158083,1.291565117,0.424345331,89.68609865,0.636307989,-0.646077816,-1.015353928,2.015353928,0.5215,0.769,0
0.003530451,0.42480964,0.652345308,-0.641370457,-0.013342817,-1.489723922,1.293715765,0.42482431,97.4025974,0.554015238,-0.635268299,-1.146662142,2.146662142,0.563666667,0.762666667,0
0.003608697,0.424292563,0.648986269,-0.648992986,-0.013155137,-1.491413587,1.297979255,0.424307909,81.46639511,0.638528866,-0.646240169,-1.012076671,2.012076671,0.749,0.991,0
0.013598714,0.441247154,0.843021139,-0.920304207,-0.068084295,-1.429862315,1.763325346,0.441456652,100.5867561,0.8109479,-0.884228513,-1.090364144,2.090364144,0.715,1.0075,1
0.003492338,0.424298302,0.643477616,-0.653311306,-0.013140615,-1.491740137,1.296788922,0.424312674,89.41877794,0.640130733,-0.647434045,-1.011409094,2.011409094,0.654,0.9915,0
0.017360509,0.440136705,0.843472501,-0.931189354,-0.061399201,-1.437116683,1.774661855,0.440478951,106.5088757,0.554930862,-0.898262215,-1.618692125,2.618692125,0.576333333,0.925666667,1
0.003322454,0.424663459,0.649269624,-0.644380375,-0.008305944,-1.49306387,1.293649999,0.424676456,97.19222462,0.638265853,-0.634979639,-0.994851339,1.994851339,0.733333333,1.037666667,0
0.015617053,0.437682236,0.819808871,-0.948544668,-0.073696178,-1.452636047,1.768353539,0.437960765,89.48545861,0.79983449,-0.848482764,-1.060822925,2.060822925,0.765,1.119,1
0.017219199,0.443877934,0.834913191,-0.940058049,-0.084898247,-1.411327278,1.77497124,0.444211798,88.17046289,0.819561418,-0.925755905,-1.129574776,2.129574776,0.6195,1.015,1
0.003453579,0.424403933,0.674768852,-0.656750151,-0.013116553,-1.491545128,1.331519003,0.424417984,97.61388286,0.644799158,-0.647402366,-1.004037239,2.004037239,0.737666667,0.910666667,0
0.002790535,0.424362323,0.643774242,-0.63890211,-0.013759482,-1.492931551,1.282676352,0.424371498,78.07417046,0.632107273,-0.633844888,-1.002748923,2.002748923,0.4265,0.816,0
0.003054086,0.425063034,0.654302944,-0.650602561,-0.015342279,-1.495555728,1.304905505,0.425074006,89.88764045,0.639240519,-0.642363311,-1.00488516,2.00488516,0.7445,1.204,0
0.003707478,0.424303851,0.654092911,-0.643839908,-0.008931705,-1.492722596,1.297932819,0.424320048,118.1102362,0.507310411,-0.632407466,-1.246588779,2.246588779,0.556,0.907333333,0
0.003278056,0.424996375,0.663658303,-0.65106176,-0.015207059,-1.491949686,1.314720063,0.425009017,108.1730769,0.633671262,-0.643872969,-1.016099369,2.016099369,0.798,1.122333333,0
0.018985517,0.44066801,0.833863492,-0.926804765,-0.05602124,-1.440424579,1.760668257,0.441076802,90.63444109,0.823035275,-0.872580255,-1.060197882,2.060197882,0.72,0.965,1
0.016221874,0.440332423,0.855141482,-0.91609823,-0.07341445,-1.42323931,1.771239712,0.440631129,87.46355685,0.777333367,-0.898837281,-1.156308631,2.156308631,0.496,0.639,1
0.01688407,0.441944199,0.825256785,-0.960787881,-0.084486812,-1.424194814,1.786044666,0.442266602,77.66990291,0.815260211,-0.947319003,-1.161983609,2.161983609,0.8225,1.3425,1
0.002494607,0.424444676,0.66290099,-0.648299696,-0.014459381,-1.494539089,1.311200686,0.424452007,97.61388286,0.633257528,-0.642322501,-1.014314828,2.014314828,0.671,0.978666667,0
0.012470749,0.439832388,0.851826129,-0.912934348,-0.05401018,-1.455355112,1.764760477,0.440009147,104.5296167,0.82883431,-0.868758323,-1.04816887,2.04816887,0.722,1.1165,1
0.013899104,0.442506981,0.813987227,-0.913481104,-0.073581905,-1.419702486,1.727468331,0.442725212,90.84027252,0.800607536,-0.895763297,-1.11885444,2.11885444,0.725,1.021,1
0.00251133,0.423973499,0.647389437,-0.646993039,-0.012297707,-1.491537175,1.294382476,0.423980937,103.626943,0.637565826,-0.637722026,-1.000244995,2.000244995,0.744,0.991,0
0.018081174,0.438523173,0.834754691,-0.928581446,-0.076485995,-1.448088553,1.763336137,0.438895776,91.74311927,0.784272781,-0.909320319,-1.159443935,2.159443935,0.8275,1.008,1
0.01524865,0.441460196,0.818015837,-0.903894987,-0.058484511,-1.440313059,1.721910824,0.441723473,86.45533141,0.806744783,-0.895362946,-1.109846588,2.109846588,0.5655,1.0115,1
0.003938355,0.424027542,0.640336037,-0.655336876,-0.014246241,-1.492431782,1.295672913,0.424045832,78.79185817,0.634726087,-0.651130266,-1.025844501,2.025844501,0.4315,0.816,0
0.002952358,0.424741983,0.637828947,-0.643189725,-0.012905085,-1.48931492,1.281018672,0.424752244,89.68609865,0.632539044,-0.63904772,-1.010289762,2.010289762,0.649,0.954,0
0.0170204,0.438556232,0.839433359,-0.900515667,-0.050559317,-1.462560693,1.739949026,0.438886389,88.17046289,0.816846801,-0.890315313,-1.089941605,2.089941605,0.4985,0.9055,1
0.015886795,0.441516948,0.831783978,-0.936910218,-0.058022711,-1.434724827,1.768694196,0.441802677,103.926097,0.661761217,-0.89280593,-1.349136075,2.349136075,0.759666667,1.158666667,1
0.003258231,0.424453638,0.64304437,-0.636475603,-0.017057268,-1.491634825,1.279519973,0.424466143,79.0513834,0.634642303,-0.630109328,-0.992857434,1.992857434,0.655,1.069,0
0.017199483,0.441693709,0.843116843,-0.916237088,-0.054555147,-1.449741307,1.759353931,0.442028455,76.14213198,0.813564684,-0.903295832,-1.11029381,2.11029381,0.4055,0.6565,1
0.002817885,0.424866407,0.654330838,-0.643579221,-0.014415505,-1.491536767,1.297910059,0.424875751,105.8201058,0.577044418,-0.636893357,-1.103716347,2.103716347,0.588,0.883666667,0
0.002668689,0.424026702,0.672657138,-0.653099677,-0.011918327,-1.484863415,1.325756815,0.4240351,89.61911875,0.651530676,-0.64358968,-0.987811785,1.987811785,0.5215,0.719,0
0.003057009,0.424361054,0.638467889,-0.660367605,-0.014617963,-1.489820674,1.298835494,0.424372064,80.69939475,0.636189532,-0.645591156,-1.014778023,2.014778023,0.736,1.069,0
0.01519997,0.438926967,0.839955129,-0.902187574,-0.05743236,-1.449100984,1.742142703,0.439190074,102.6518392,0.769437529,-0.894481997,-1.162514126,2.162514126,0.72,1.015,1
0.016674052,0.441961903,0.862346887,-0.928650172,-0.08013607,-1.427681109,1.790997059,0.442276325,82.13552361,0.810260128,-0.889307782,-1.097558366,2.097558366,0.831,1.165,1
0.003250511,0.423911764,0.642675288,-0.653394896,-0.011980441,-1.49113091,1.296070184,0.423924227,70.5052879,0.637120767,-0.634352906,-0.995655673,1.995655673,0.4305,1.0895,0
0.002698068,0.424758848,0.646969089,-0.650626853,-0.01638571,-1.489677614,1.297595942,0.424767417,105.8823529,0.565846044,-0.644187466,-1.138450066,2.138450066,0.566,0.961666667,0
0.017004033,0.440624909,0.825753177,-0.915722408,-0.061705854,-1.43838054,1.741475585,0.440952886,105.7579318,0.706286068,-0.882738018,-1.249830709,2.249830709,0.669333333,0.840333333,1
0.002203229,0.425009974,0.632692931,-0.64637334,-0.015144758,-1.4926581,1.279066271,0.425015685,118.0327869,0.550250685,-0.635980572,-1.155801509,2.155801509,0.563,0.905666667,0
0.015000502,0.444045211,0.82679195,-0.931212811,-0.068412681,-1.458264493,1.758004761,0.444298508,94.33962264,0.573822336,-0.905557049,-1.578113979,2.578113979,0.569333333,0.774333333,1
0.017562059,0.439708301,0.808757644,-0.92875127,-0.075662678,-1.444958718,1.737508914,0.440058878,77.72020725,0.796891034,-0.919355334,-1.153677598,2.153677598,0.417,0.5835,1
0.002784868,0.425558867,0.661824861,-0.647635333,-0.010329948,-1.492118416,1.309460194,0.425567979,90.02250563,0.646122849,-0.638960675,-0.988915152,1.988915152,0.747,1.2015,0
0.002738576,0.424430296,0.666065156,-0.648030744,-0.011229903,-1.491061524,1.3140959,0.424439131,103.5375324,0.652562768,-0.641918482,-0.983688487,1.983688487,0.742,0.994,0
0.003472061,0.425076889,0.644561612,-0.655569245,-0.016551034,-1.489006544,1.300130857,0.425091069,78.89546351,0.640178116,-0.648253218,-1.012613836,2.012613836,0.43,0.627,0
0.003818683,0.424675673,0.66735448,-0.638663818,-0.01239092,-1.491642853,1.306018298,0.424692841,108.2381239,0.646106074,-0.632520678,-0.978973428,1.978973428,0.798666667,1.126666667,0
0.016148425,0.441868783,0.84463467,-0.920997933,-0.079982613,-1.43234438,1.765632603,0.442163762,108.6956522,0.699002721,-0.902192417,-1.29068513,2.29068513,0.727,0.959666667,1
0.018229128,0.440539361,0.835113433,-0.932247782,-0.058907272,-1.447680926,1.767361215,0.440916352,88.365243,0.821142328,-0.916615709,-1.11626898,2.11626898,0.501,0.8835,1
0.013480283,0.443697852,0.828427734,-0.941800212,-0.08429343,-1.417418232,1.770227946,0.443902582,117.1875,0.755830291,-0.901649699,-1.192926124,2.192926124,0.735666667,0.967333333,1
0.014059305,0.43924061,0.868608554,-0.923117745,-0.070533588,-1.439301135,1.791726299,0.439465559,90.36144578,0.772889908,-0.890172336,-1.151745322,2.151745322,0.8265,1.188,1
0.016769612,0.440241823,0.829058055,-0.920216982,-0.072809918,-1.429845329,1.749275037,0.440561099,78.32898172,0.820420902,-0.912385915,-1.112094916,2.112094916,0.41,0.6565,1
0.003042588,0.42489422,0.656512616,-0.640876833,-0.011668161,-1.496277331,1.297389449,0.424905114,97.34991888,0.637996413,-0.638494419,-1.000780578,2.000780578,0.738,1.127666667,0
0.003466467,0.42461192,0.64855994,-0.658811424,-0.010335137,-1.492054919,1.307371364,0.42462607,78.79185817,0.634904128,-0.646353578,-1.018033353,2.018033353,0.3275,0.7715,0
0.01547056,0.442000454,0.83341708,-0.941426217,-0.064903625,-1.447198646,1.774843297,0.442271115,89.88764045,0.81086885,-0.85927173,-1.059692613,2.059692613,0.767,0.993,1
0.014667684,0.441868648,0.824503699,-0.923645614,-0.055119152,-1.46344003,1.748149313,0.442112026,76.57945118,0.805746699,-0.914798389,-1.135342397,2.135342397,0.415,0.4995,1
0.003436652,0.424286822,0.647857474,-0.642607955,-0.013582319,-1.49365756,1.290465429,0.42430074,97.61388286,0.635969247,-0.639473972,-1.005510839,2.005510839,0.742,1.121,0
0.002161466,0.424459999,0.640009617,-0.652890893,-0.011979159,-1.493485825,1.29290051,0.424465503,78.99934167,0.634139137,-0.634019947,-0.999812044,1.999812044,0.5255,0.9985,0
0.003345776,0.424519941,0.643638806,-0.655658406,-0.011199992,-1.4946867,1.299297212,0.424533125,80.59100067,0.640933266,-0.644495052,-1.005557188,2.005557188,0.8775,1.441,0
0.018041286,0.439016765,0.814894606,-0.961494846,-0.074785765,-1.417476688,1.776389452,0.43938731,103.3295063,0.690672105,-0.932845939,-1.350635029,2.350635029,0.755333333,0.853666667,1
0.003035577,0.425239229,0.648334762,-0.664045511,-0.016054292,-1.493046746,1.312380273,0.425250063,105.6958309,0.613419703,-0.647693182,-1.055872804,2.055872804,0.578333333,0.971333333,0
0.012461007,0.443179042,0.816863067,-0.928794667,-0.066193575,-1.444761745,1.745657734,0.443354193,95.03695882,0.623740594,-0.910530169,-1.459789818,2.459789818,0.709666667,0.995,1
0.003440721,0.425067821,0.645392941,-0.640796532,-0.012945664,-1.491750536,1.286189473,0.425081746,97.2972973,0.634736954,-0.637678443,-1.004634185,2.004634185,0.734666667,1.037,0
0.002651,0.424364752,0.653818701,-0.654997956,-0.013047823,-1.486982573,1.308816657,0.424373032,79.10349374,0.64420028,-0.647816816,-1.005613992,2.005613992,0.5235,0.859,0
0.01858291,0.439196719,0.846667272,-0.948866329,-0.067283871,-1.451671771,1.795533601,0.439589675,104.3478261,0.815452404,-0.870891587,-1.067985798,2.067985798,0.723,1.006,1
0.004085402,0.424626505,0.634902817,-0.650160477,-0.013341185,-1.491671326,1.285063294,0.424646158,89.48545861,0.63387622,-0.648422795,-1.022948604,2.022948604,0.744,0.8595,0
0.015146516,0.440438913,0.855763452,-0.942990588,-0.066397822,-1.432361004,1.79875404,0.440699277,102.1276596,0.803962935,-0.934541674,-1.162418856,2.162418856,0.669,0.8945,1
0.003368786,0.425104745,0.643566168,-0.651000948,-0.013556954,-1.495236581,1.294567116,0.425118093,89.21933086,0.63418581,-0.633807439,-0.999403376,1.999403376,0.655,0.992,0
0.019123217,0.436649694,0.826318983,-0.909147755,-0.061997324,-1.443488924,1.735466738,0.437068248,94.53781513,0.559058819,-0.896622758,-1.603807554,2.603807554,0.572,0.907333333,1
0.017879601,0.440553967,0.825677262,-0.915147103,-0.064896649,-1.451570018,1.740824365,0.440916634,94.58749343,0.728111779,-0.871873268,-1.197444256,2.197444256,0.676666667,1.061666667,1
0.002974786,0.42519468,0.641275871,-0.648274766,-0.017432469,-1.489460121,1.289550637,0.425205086,89.41877794,0.63744166,-0.644737592,-1.011445646,2.011445646,0.6535,0.773,0
0.00358596,0.424570201,0.657936669,-0.650974417,-0.014224292,-1.492247553,1.308911086,0.424585345,97.61388286,0.637232331,-0.642099006,-1.007637207,2.007637207,0.667666667,1.008666667,0
0.015875317,0.440837451,0.83808507,-0.918212744,-0.065828321,-1.459968546,1.756297814,0.441123207,72.07207207,0.78371734,-0.903809277,-1.153233737,2.153233737,0.4215,0.761,1
0.003904479,0.424321123,0.638991978,-0.64463003,-0.013114915,-1.485858027,1.283622008,0.424339087,78.43137255,0.635316381,-0.63792298,-1.004102837,2.004102837,0.327,0.4245,0
0.003149027,0.424268225,0.641872239,-0.65483455,-0.012638269,-1.493207235,1.296706789,0.424279912,106.0070671,0.587701704,-0.644601636,-1.096817709,2.096817709,0.585,0.772,0
0.003830202,0.424272603,0.650374219,-0.649166056,-0.009376959,-1.490926711,1.299540275,0.424289892,89.75317876,0.641854673,-0.644122078,-1.003532583,2.003532583,0.6565,0.9555,0
0.0144294,0.440269433,0.814873753,-0.941718906,-0.087657975,-1.426527396,1.756592659,0.440505824,69.08462867,0.804175771,-0.930212115,-1.156727359,2.156727359,0.6175,0.8995,1
0.012564509,0.441471416,0.849913226,-0.953646657,-0.064590107,-1.430280409,1.803559883,0.441650176,103.4482759,0.774510173,-0.918359034,-1.185728822,2.185728822,0.724,0.852,1
0.018156884,0.440268323,0.831826299,-0.927080582,-0.067049677,-1.450038092,1.758906881,0.440642563,102.4765158,0.764410268,-0.883621515,-1.155951917,2.155951917,0.7205,0.994,1
0.003454715,0.42443286,0.642811018,-0.655555426,-0.011743304,-1.487136665,1.298366444,0.424446919,70.54673721,0.639908056,-0.650767894,-1.016970936,2.016970936,0.4305,0.9585,0
0.01687827,0.442616584,0.838990218,-0.951882561,-0.069409865,-1.438610943,1.790872779,0.442938276,108.0432173,0.700027644,-0.916497756,-1.309230806,2.309230806,0.755666667,1.018666667,1
0.004187342,0.423875637,0.647737546,-0.661271715,-0.01104839,-1.492987927,1.309009261,0.423896319,78.79185817,0.635278426,-0.654547512,-1.030331718,2.030331718,0.329,0.514,0
0.003047545,0.424113568,0.662509335,-0.640433735,-0.011394026,-1.493245872,1.30294307,0.424124517,70.79646018,0.644651565,-0.63882705,-0.990964863,1.990964863,0.434,0.961,0
0.003779514,0.42472934,0.642174759,-0.64311361,-0.013113152,-1.49569879,1.285288369,0.424746156,81.41112619,0.635094406,-0.640455839,-1.008441945,2.008441945,0.746,0.958,0
0.003570437,0.424384813,0.644540867,-0.641938781,-0.012501054,-1.488418883,1.286479648,0.424399832,79.26023778,0.642036501,-0.638852383,-0.995040597,1.995040597,0.6505,1.087,0
0.004083786,0.424048971,0.644979036,-0.643227822,-0.014031168,-1.491426271,1.288206858,0.424068635,79.15567282,0.642895011,-0.638335652,-0.992908082,1.992908082,0.6545,0.9565,0
0.003047314,0.425752413,0.642491704,-0.654354684,-0.012355984,-1.490741189,1.296846388,0.425763319,97.34991888,0.522965141,-0.647330771,-1.237808643,2.237808643,0.559333333,0.881,0
0.017393031,0.442894108,0.852145304,-0.919954009,-0.078891364,-1.418609484,1.772099313,0.4432355,78.17589577,0.792452942,-0.910563665,-1.149044463,2.149044463,0.492,0.7465,1
0.01332093,0.439804285,0.829642554,-0.914400815,-0.051340929,-1.449670661,1.744043369,0.440005973,70.54673721,0.816011555,-0.910213907,-1.115442424,2.115442424,0.4095,0.5955,1
0.015549113,0.445430228,0.830641378,-0.942609174,-0.077274511,-1.443332162,1.773250552,0.445701541,90.49773756,0.808675873,-0.926396589,-1.145572187,2.145572187,0.6635,0.8485,1
0.015868779,0.442817549,0.840664613,-0.895175245,-0.077962414,-1.452354992,1.735839858,0.443101794,94.4386149,0.667439617,-0.879937795,-1.318378132,2.318378132,0.674,0.994,1
0.014507879,0.439905697,0.829813371,-0.913376573,-0.059025697,-1.454803936,1.743189944,0.440144863,78.125,0.792259521,-0.881343304,-1.112442678,2.112442678,0.4095,0.7215,1
0.00274891,0.425337814,0.647917449,-0.653246488,-0.015265874,-1.492171295,1.301163937,0.425346697,105.5099648,0.597456464,-0.639182667,-1.069839738,2.069839738,0.584333333,0.892,0
0.003572868,0.424971996,0.656621604,-0.64728987,-0.013583978,-1.488887241,1.303911474,0.424987015,89.68609865,0.642261818,-0.639686398,-0.995990076,1.995990076,0.6515,0.768,0
0.018108308,0.444922659,0.822771497,-0.964374683,-0.07432962,-1.420737334,1.78714618,0.445291009,87.65522279,0.812831837,-0.901087098,-1.108577514,2.108577514,0.498,0.999,1
0.014641064,0.439077136,0.811021196,-0.922532631,-0.07074998,-1.455221385,1.733553827,0.439321172,78.125,0.777929936,-0.907115408,-1.166063119,2.166063119,0.765,0.9855,1
0.01506082,0.441796012,0.829960034,-0.9433157,-0.08705792,-1.412437221,1.773275734,0.442052649,91.39375476,0.766197728,-0.925004095,-1.207265515,2.207265515,0.6685,0.9165,1
0.002783544,0.425443589,0.659168054,-0.643827125,-0.011648932,-1.491813341,1.302995179,0.425452695,97.2972973,0.642317488,-0.641653119,-0.998965669,1.998965669,0.738,0.913333333,0
0.014506095,0.438749167,0.835838383,-0.948295778,-0.065134041,-1.434477091,1.784134161,0.438988905,103.5077631,0.545005262,-0.911928843,-1.673247778,2.673247778,0.852666667,1.147,1
0.002999967,0.424475961,0.648818827,-0.649704906,-0.013141996,-1.490955633,1.298523733,0.424486562,97.19222462,0.54105708,-0.633166849,-1.170240391,2.170240391,0.561666667,0.898666667,0
0.002246693,0.424501813,0.649713248,-0.654909875,-0.014122723,-1.489774315,1.304623123,0.424507759,105.3247513,0.597200919,-0.63953449,-1.070886649,2.070886649,0.581,0.959333333,0
0.003180682,0.42408444,0.647212424,-0.643416195,-0.010223282,-1.490751728,1.290628619,0.424096367,78.89546351,0.639760257,-0.634770301,-0.992200271,1.992200271,0.5165,0.897,0
0.004021075,0.424656451,0.64015413,-0.648671231,-0.016926823,-1.491316428,1.288825361,0.424675488,89.02077151,0.633295273,-0.644017041,-1.016930125,2.016930125,0.6445,0.9585,0
0.015884461,0.441882841,0.855335613,-0.910402395,-0.067897249,-1.438203828,1.765738008,0.44216825,87.65522279,0.822473037,-0.878553173,-1.068184771,2.068184771,0.618,1.1835,1
0.016550653,0.441049827,0.885068307,-0.912018912,-0.048038129,-1.463240928,1.797087219,0.441360254,103.9861352,0.710498979,-0.900676485,-1.267667528,2.267667528,0.735666667,1.210333333,1
0.003016899,0.423873883,0.649820807,-0.635854807,-0.012837822,-1.491894698,1.285675614,0.423884619,103.4482759,0.63883598,-0.634122587,-0.992621904,1.992621904,0.742,1.209,0
0.003990288,0.424767529,0.654078826,-0.640380111,-0.010520482,-1.489737376,1.294458937,0.424786271,97.13977334,0.633985087,-0.635825004,-1.002902146,2.002902146,0.667666667,0.894333333,0
0.0028642,0.424639965,0.651113364,-0.644957537,-0.016021145,-1.489133153,1.296070901,0.424649624,108.4990958,0.643942759,-0.638374483,-0.99135284,1.99135284,0.800666667,1.246333333,0
0.017380392,0.440875951,0.858965564,-0.945895603,-0.062173406,-1.430811794,1.804861167,0.441218407,90.97801365,0.816166024,-0.917015283,-1.123564637,2.123564637,0.677,0.9675,1
0.015418954,0.441041328,0.858271437,-0.915469331,-0.073844708,-1.418289885,1.773740768,0.441310771,77.7705768,0.821612152,-0.902418644,-1.09835114,2.09835114,0.4845,0.69,1
0.018013549,0.440509423,0.824900263,-0.884061909,-0.066692168,-1.440726147,1.708962172,0.440877579,104.0763226,0.815781085,-0.883426469,-1.082921,2.082921,0.722,1.1175,1
0.003077254,0.424216032,0.646113764,-0.649157365,-0.017980157,-1.492900221,1.295271129,0.424227193,78.94736842,0.637728748,-0.641399503,-1.005755981,2.005755981,0.659,1.089,0
0.002948513,0.424634703,0.632290106,-0.635217937,-0.016722233,-1.497148512,1.267508043,0.42464494,117.9554391,0.524258632,-0.630661183,-1.202958128,2.202958128,0.560666667,0.880666667,0
0.003675519,0.424328864,0.65359881,-0.645994831,-0.014754517,-1.489137519,1.299593641,0.424344782,97.77294948,0.639385392,-0.639339046,-0.999927516,1.999927516,0.669333333,0.976333333,0
0.002670741,0.424167195,0.641543801,-0.646855775,-0.009225236,-1.489751406,1.288399576,0.424175603,80.97165992,0.631561236,-0.636002758,-1.007032607,2.007032607,0.741,1.3065,0
0.003239814,0.425052372,0.646562794,-0.653286274,-0.011127391,-1.492325087,1.299849068,0.425064719,107.9136691,0.637113794,-0.647101487,-1.015676466,2.015676466,0.796333333,0.967666667,0
0.017028847,0.441111242,0.872958939,-0.916436645,-0.074797539,-1.423769886,1.789395584,0.441439814,78.68852459,0.817902395,-0.899439255,-1.099690208,2.099690208,0.4185,0.907,1
0.016805478,0.438297868,0.831246367,-0.915697726,-0.074379931,-1.45081981,1.746944093,0.438619932,81.74386921,0.815826847,-0.890841118,-1.091948765,2.091948765,0.6615,0.888,1
0.002417386,0.425066051,0.646085103,-0.645188371,-0.01075212,-1.494560886,1.291273474,0.425072924,117.8010471,0.56417553,-0.637598189,-1.130141518,2.130141518,0.564,0.805666667,0
0.016435042,0.44259586,0.866900162,-0.930844506,-0.08842693,-1.426455225,1.797744668,0.442900898,88.69179601,0.827850295,-0.92096902,-1.112482566,2.112482566,0.5765,0.896,1
0.003099374,0.424299251,0.643116142,-0.663405919,-0.013700398,-1.494526171,1.306522061,0.424310571,97.2972973,0.630679689,-0.64792767,-1.027348243,2.027348243,0.737666667,1.028,0
0.014595518,0.441563382,0.854702541,-0.950340751,-0.090663277,-1.397816401,1.805043292,0.441804538,81.9112628,0.83517549,-0.928449546,-1.111681984,2.111681984,0.7635,0.9075,1
0.015867754,0.442449805,0.840767008,-0.974190658,-0.089222597,-1.418955817,1.814957666,0.44273425,70.92198582,0.803880418,-0.941332081,-1.170985212,2.170985212,0.411,0.9965,1
0.016565632,0.439523923,0.843144365,-0.927634812,-0.047957243,-1.428607123,1.770779177,0.439835991,77.17041801,0.829261406,-0.905794455,-1.092290621,2.092290621,0.416,0.7275,1
0.016676152,0.440926767,0.82267225,-0.934983281,-0.088194823,-1.412914691,1.757655531,0.441242006,78.43137255,0.804609496,-0.906641199,-1.126808972,2.126808972,0.623,0.8515,1
0.015947364,0.442944877,0.851000514,-0.966682196,-0.059002041,-1.425243424,1.81768271,0.443231861,77.72020725,0.826646296,-0.930632821,-1.12579325,2.12579325,0.4185,0.794,1
0.015640114,0.440307111,0.81842884,-0.974673766,-0.081586793,-1.428764726,1.793102606,0.440584799,71.21661721,0.768432473,-0.923054707,-1.201217724,2.201217724,0.534,0.8515,1
0.004078905,0.42435074,0.653743135,-0.637885061,-0.016807801,-1.485108824,1.291628196,0.424370343,108.1730769,0.634964121,-0.634024245,-0.998519797,1.998519797,0.799666667,1.121,0
0.017524793,0.440717894,0.811958011,-0.91794623,-0.064268318,-1.461312328,1.729904241,0.441066186,90.84027252,0.800182492,-0.907685735,-1.134348407,2.134348407,0.7185,0.992,1
0.016041343,0.440658645,0.850633665,-0.922983802,-0.060471693,-1.457848734,1.773617467,0.440950525,78.02340702,0.798612184,-0.902495128,-1.130079337,2.130079337,0.661,0.996,1
0.003487572,0.425167022,0.648033714,-0.653781722,-0.013945147,-1.497935876,1.301815436,0.425181326,105.5718475,0.590365034,-0.643405655,-1.089843772,2.089843772,0.584333333,0.887333333,0
0.003297317,0.424383758,0.644429195,-0.650172621,-0.018427917,-1.487509102,1.294601816,0.424396567,118.0327869,0.508735884,-0.642548557,-1.263029752,2.263029752,0.557,0.809333333,0
0.014396079,0.44489366,0.842993351,-0.960716591,-0.089352928,-1.421621152,1.803709942,0.445126517,106.1320755,0.705688126,-0.92863981,-1.31593515,2.31593515,0.677333333,0.794333333,1
0.002989836,0.424507131,0.639156095,-0.646618587,-0.011315483,-1.492634088,1.285774682,0.424517659,78.2778865,0.634626404,-0.635117147,-1.000773278,2.000773278,0.325,0.5395,0
0.017346819,0.439009871,0.838088063,-0.928332579,-0.064422782,-1.435829444,1.766420642,0.439352454,87.20930233,0.815859156,-0.923139631,-1.131493866,2.131493866,0.497,0.6825,1
0.014856462,0.443643814,0.860815836,-0.961361914,-0.076535595,-1.42588633,1.82217775,0.443892496,70.88009451,0.851420056,-0.919724299,-1.080223906,2.080223906,0.4845,0.902,1
0.002261934,0.4252394,0.656884051,-0.643622322,-0.01093593,-1.491531787,1.300506373,0.425245416,90.15777611,0.643693734,-0.642876849,-0.99873094,1.99873094,0.5275,0.857,0
0.015280668,0.441938255,0.871082737,-0.940191904,-0.061417511,-1.415173602,1.811274641,0.442202352,91.46341463,0.836082122,-0.932081119,-1.114820057,2.114820057,0.769,0.909,1
0.018455317,0.43965906,0.828086232,-0.935342412,-0.066516823,-1.443736448,1.763428644,0.440046234,86.70520231,0.795408285,-0.891562063,-1.120886065,2.120886065,0.4835,0.8625,1
0.003633759,0.424726159,0.639637972,-0.644918372,-0.011663005,-1.491089344,1.284556344,0.424741703,97.34991888,0.567438635,-0.640937566,-1.129527542,2.129527542,0.565666667,0.805,0
0.015546105,0.441623717,0.812850689,-0.931399873,-0.048133637,-1.453143326,1.744250562,0.441897261,89.95502249,0.782294557,-0.91414915,-1.168548524,2.168548524,0.6565,0.912,1
0.017796822,0.44019251,0.828130938,-0.929931467,-0.089178399,-1.436130465,1.758062405,0.440552123,82.6446281,0.771348018,-0.910034219,-1.179797183,2.179797183,0.822,1.015,1
0.015568385,0.442158869,0.868010552,-0.935095342,-0.055415453,-1.443127072,1.803105894,0.442432866,98.68421053,0.707735845,-0.915428546,-1.293460763,2.293460763,0.674,0.853,1
0.01316838,0.442307557,0.848148409,-0.960210879,-0.074400634,-1.409050174,1.808359288,0.442503538,72.68322229,0.808970808,-0.921464459,-1.139057739,2.139057739,0.6715,1.0045,1
0.01568883,0.442302611,0.833114829,-0.939836861,-0.092293021,-1.418304649,1.77295169,0.442580771,78.84362681,0.804718735,-0.90899188,-1.129577131,2.129577131,0.4215,0.785,1
0.002396094,0.424830688,0.636562464,-0.677185197,-0.011163346,-1.490944821,1.313747661,0.424837445,79.20792079,0.633021841,-0.645408452,-1.019567429,2.019567429,0.525,0.722,0
0.003900533,0.424911617,0.640129264,-0.655350914,-0.015194351,-1.490996078,1.295480178,0.42492952,103.9861352,0.637906802,-0.646811449,-1.013959166,2.013959166,0.743,1.076,0
0.003259382,0.424432583,0.641641096,-0.636320139,-0.009955496,-1.492769425,1.277961235,0.424445098,117.6470588,0.556610024,-0.629519612,-1.130988637,2.130988637,0.561666667,0.831333333,0
0.003227213,0.424375326,0.652290772,-0.634135758,-0.013387897,-1.494031651,1.28642653,0.424387597,70.5052879,0.644677282,-0.633788935,-0.983110392,1.983110392,0.431,0.815,0
0.016257782,0.442126727,0.829417066,-0.917056342,-0.066050876,-1.427442659,1.746473408,0.442425539,81.52173913,0.791277079,-0.909314613,-1.149173453,2.149173453,0.8275,0.997,1
0.015418476,0.441567418,0.836523711,-0.955321654,-0.075917408,-1.414374,1.791845365,0.441836524,87.97653959,0.826891501,-0.933341873,-1.128735598,2.128735598,0.4965,0.844,1
0.00367722,0.424466692,0.661739551,-0.639473192,-0.01367516,-1.492621577,1.301212743,0.42448262,106.0695345,0.535398853,-0.633984373,-1.184134723,2.184134723,0.56,0.808,0
0.003325592,0.425517073,0.637845828,-0.639895904,-0.013851226,-1.492150265,1.277741732,0.425530068,89.68609865,0.633661066,-0.634997763,-1.002109483,2.002109483,0.7415,0.9845,0
0.015105465,0.445945887,0.849387301,-0.956391843,-0.074332675,-1.400894165,1.805779144,0.446201646,78.84362681,0.826537704,-0.937675341,-1.134461667,2.134461667,0.411,0.8925,1
0.002738157,0.424049109,0.640939665,-0.635724686,-0.008982566,-1.492199668,1.276664351,0.424057949,97.2972973,0.633099251,-0.630958188,-0.996618125,1.996618125,0.665,1.028333333,0
0.014526064,0.443557647,0.843932699,-0.937985254,-0.06144253,-1.427501193,1.781917953,0.443795441,89.82035928,0.810696813,-0.898658118,-1.108500864,2.108500864,0.6665,0.8965,1
0.019688262,0.441203273,0.848116818,-0.956493687,-0.055044182,-1.445869849,1.804610505,0.441642339,82.30452675,0.830292109,-0.942558074,-1.135212612,2.135212612,0.767,1.4465,1
0.003328088,0.42538859,0.676342506,-0.633864025,-0.011856535,-1.490426873,1.310206531,0.425401609,90.09009009,0.649730368,-0.631560767,-0.972035166,1.972035166,0.741,1.084,0
0.014982587,0.44342495,0.852259842,-0.905879327,-0.067537718,-1.40708379,1.758139169,0.443677996,70.75471698,0.832558801,-0.898763344,-1.079519359,2.079519359,0.534,1.018,1
0.014230787,0.44276147,0.864818558,-0.928081058,-0.077339942,-1.41003507,1.792899616,0.442990107,89.35219657,0.829864643,-0.889774214,-1.072191979,2.072191979,0.83,0.983,1
0.014891098,0.443520651,0.840596954,-0.939101653,-0.088561552,-1.41856732,1.779698607,0.443770563,94.33962264,0.704516313,-0.915080017,-1.298876974,2.298876974,0.696,1.236,1
0.00329378,0.42421732,0.641261488,-0.648473304,-0.013298557,-1.491914202,1.289734792,0.424230107,108.3684527,0.633787917,-0.643266192,-1.014954962,2.014954962,0.799,1.128,0
0.01670281,0.442913712,0.855377249,-0.930396372,-0.082616353,-1.426992814,1.785773621,0.443228542,69.32409012,0.821155322,-0.920575848,-1.12107396,2.12107396,0.668,1.0565,1
0.016054597,0.442496556,0.822370192,-0.969335937,-0.079511283,-1.425703402,1.791706129,0.442787706,65.46644845,0.799005435,-0.929516006,-1.163341281,2.163341281,0.5325,0.686,1
0.003393298,0.424351675,0.643988943,-0.655170061,-0.014263232,-1.492474574,1.299159004,0.424365242,89.61911875,0.637079053,-0.639297404,-1.003482066,2.003482066,0.653,0.7675,0
0.003483866,0.424666934,0.647888007,-0.643569279,-0.011276607,-1.493365454,1.291457286,0.424681224,105.6958309,0.586442203,-0.637673762,-1.087359945,2.087359945,0.587,0.747333333,0
0.003235567,0.423786514,0.647975353,-0.661328416,-0.011286128,-1.490581583,1.309303769,0.423798865,78.74015748,0.638837509,-0.641325442,-1.003894469,2.003894469,0.4315,0.766,0
0.003260976,0.423335731,0.645593995,-0.642326104,-0.013594896,-1.492758117,1.287920099,0.42334829,108.6956522,0.628858409,-0.639187727,-1.016425508,2.016425508,0.798,1.152666667,0
0.016922922,0.439566289,0.831665981,-0.929738191,-0.069889017,-1.441392739,1.761404172,0.439891927,77.41935484,0.820797697,-0.916065115,-1.116066867,2.116066867,0.477,0.8065,1
0.015697742,0.439586086,0.848242727,-0.924416688,-0.056538435,-1.432913553,1.772659415,0.439866282,82.4742268,0.819045731,-0.899660073,-1.098424714,2.098424714,0.718,0.8845,1
0.002650641,0.424612103,0.644916559,-0.652124145,-0.008031471,-1.491254973,1.297040704,0.424620376,89.55223881,0.640710096,-0.635816995,-0.992363002,1.992363002,0.6525,0.8595,0
0.003166543,0.424540459,0.644645084,-0.640828159,-0.010126179,-1.495953024,1.285473243,0.424552268,70.5052879,0.640172483,-0.640462282,-1.00045269,2.00045269,0.429,1.09,0
0.016685024,0.440213975,0.815750565,-0.903638655,-0.050311137,-1.469577247,1.71938922,0.44053006,90.90909091,0.807506443,-0.894850839,-1.108165572,2.108165572,0.7625,0.8945,1
0.01672719,0.441246013,0.85561871,-0.938232965,-0.061394848,-1.45428817,1.793851675,0.441562954,78.43137255,0.827137117,-0.914091127,-1.105126475,2.105126475,0.4115,0.6355,1
0.00379661,0.424662896,0.650048375,-0.641040296,-0.012247379,-1.490148019,1.291088671,0.424679867,78.3801437,0.64265152,-0.640685786,-0.996941213,1.996941213,0.431,0.99,0
0.003565877,0.424777994,0.655917397,-0.645468453,-0.009219447,-1.494977562,1.30138585,0.424792961,78.74015748,0.648904536,-0.641958745,-0.989296128,1.989296128,0.431,0.6275,0
0.015408516,0.442302416,0.857628541,-0.921880789,-0.078411226,-1.439549218,1.77950933,0.442570729,78.17589577,0.833494825,-0.906542947,-1.087640762,2.087640762,0.768,1.227,1
0.003502365,0.423964206,0.645440816,-0.646280165,-0.011255553,-1.494811365,1.291720981,0.423978672,97.4025974,0.630635287,-0.641045622,-1.016507694,2.016507694,0.734,1.068333333,0
0.015848966,0.442783512,0.834609442,-0.942219968,-0.071847256,-1.435903408,1.77682941,0.443067069,103.2702238,0.790019947,-0.896170222,-1.134364044,2.134364044,0.671,0.997,1
0.003013825,0.423745886,0.64580828,-0.643612211,-0.014526366,-1.491159493,1.289420491,0.423756604,97.2972973,0.637228437,-0.639631844,-1.003771657,2.003771657,0.735333333,1.089666667,0
0.018322207,0.440262139,0.836795828,-0.926601837,-0.064359033,-1.436056984,1.763397665,0.440643228,77.92207792,0.812956386,-0.898133618,-1.104774664,2.104774664,0.409,0.858,1
0.014622143,0.438951099,0.84714188,-0.927839945,-0.070561116,-1.437850257,1.774981825,0.439194574,89.68609865,0.80174957,-0.896260644,-1.117881042,2.117881042,0.823,1.001,1
0.003360879,0.424630277,0.639596312,-0.651470375,-0.017648799,-1.492815222,1.291066687,0.424643577,90.29345372,0.634255173,-0.634498758,-1.000384049,2.000384049,0.525,0.8605,0
0.004076808,0.425018922,0.638082258,-0.643337983,-0.009867934,-1.492687334,1.281420241,0.425038474,103.9861352,0.630002518,-0.639161639,-1.014538229,2.014538229,0.7395,0.857,0
0.003693571,0.4242969,0.6621779,-0.64246978,-0.012498833,-1.494855282,1.30464768,0.424312976,89.75317876,0.648670255,-0.634062341,-0.977480217,1.977480217,0.7365,1.2015,0
0.002212394,0.424675499,0.64165176,-0.641662983,-0.011707564,-1.492363512,1.283314743,0.424681262,81.41112619,0.634352616,-0.63632464,-1.003108718,2.003108718,0.8875,1.196,0
0.00325974,0.424792842,0.642554129,-0.657367451,-0.008854847,-1.491973603,1.29992158,0.424805349,97.50812568,0.630219974,-0.644416548,-1.022526379,2.022526379,0.666666667,0.971333333,0
0.014749549,0.43918834,0.813014566,-0.951741962,-0.082862593,-1.427717376,1.764756528,0.439435942,78.53403141,0.806270554,-0.950065239,-1.178345449,2.178345449,0.7745,1.1815,1
0.003486166,0.423878899,0.649437718,-0.646807418,-0.00809725,-1.49197773,1.296245136,0.423893235,103.3591731,0.648003301,-0.632923067,-0.976728153,1.976728153,0.743,1.0725,0
0.003709449,0.424553027,0.652061238,-0.639217363,-0.01322038,-1.489563719,1.291278601,0.424569232,97.4025974,0.63810708,-0.632489367,-0.991196284,1.991196284,0.738,1.063333333,0
0.011691807,0.44221415,0.851251248,-0.93305481,-0.086436363,-1.415802043,1.784306058,0.442368684,79.36507937,0.828988605,-0.922762545,-1.113118491,2.113118491,0.575,1.1335,1
0.003046763,0.42469732,0.636474243,-0.643386447,-0.012243697,-1.493728848,1.27986069,0.424708249,108.6300543,0.632894704,-0.634081519,-1.001875218,2.001875218,0.800333333,0.976666667,0
0.018274508,0.439191771,0.820442369,-0.933971359,-0.076972581,-1.450403571,1.754413728,0.439571802,88.17046289,0.812451249,-0.92251464,-1.135470763,2.135470763,0.5725,0.851,1
0.003187074,0.424589718,0.656408735,-0.644713612,-0.00945861,-1.491201263,1.301122347,0.424601679,96.93053312,0.64286722,-0.636346322,-0.989856539,1.989856539,0.667666667,0.837333333,0
0.017579225,0.439458004,0.82437065,-0.914908562,-0.058023891,-1.452506173,1.739279212,0.439809466,82.19178082,0.802252809,-0.913244342,-1.138349822,2.138349822,0.763,1.0135,1
0.003280119,0.424715115,0.658954917,-0.660059255,-0.011763758,-1.490665352,1.319014172,0.424727782,102.915952,0.648696367,-0.64907424,-1.000582511,2.000582511,0.7415,0.86,0
0.015795428,0.441679478,0.84040303,-0.930484605,-0.066480432,-1.427497141,1.770887635,0.441961828,78.74015748,0.812261468,-0.909874254,-1.120174093,2.120174093,0.771,1.275,1
0.003296604,0.424739532,0.655849207,-0.648413874,-0.015113499,-1.493819879,1.304263081,0.424752325,106.0070671,0.609238747,-0.641135554,-1.052355186,2.052355186,0.585,0.747333333,0
0.017504534,0.442773057,0.834171666,-0.924736869,-0.054134117,-1.438584966,1.758908535,0.443118933,77.7705768,0.828926816,-0.883633421,-1.065996906,2.065996906,0.412,1.0315,1
0.002659757,0.42487381,0.640600561,-0.646013647,-0.015759347,-1.492184169,1.286614208,0.424882135,106.1320755,0.588790992,-0.63849136,-1.084410885,2.084410885,0.586,0.837333333,0
0.016612623,0.442491453,0.841067977,-0.919772312,-0.061639746,-1.44363888,1.760840289,0.44280319,78.43137255,0.808698588,-0.899577244,-1.112376425,2.112376425,0.7705,1.4465,1
0.017966259,0.440531539,0.839627673,-0.917268246,-0.066439536,-1.432114914,1.756895919,0.440897747,99.06439185,0.752615407,-0.909074414,-1.207887065,2.207887065,0.681,0.884333333,1
0.017395525,0.441331712,0.823984139,-0.939639654,-0.073339629,-1.443632816,1.763623793,0.44167441,83.44923505,0.812128286,-0.91023287,-1.120799367,2.120799367,0.8385,1.1405,1
0.003181184,0.424285328,0.642114921,-0.653964986,-0.014902242,-1.493580435,1.296079907,0.424297254,79.15567282,0.639984598,-0.648439124,-1.013210513,2.013210513,0.653,1.19,0
0.017407328,0.439402869,0.850728632,-0.954333649,-0.060140165,-1.440885455,1.805062281,0.439747537,83.21775312,0.832762937,-0.916369639,-1.100396761,2.100396761,0.728,1.0735,1
0.01893056,0.441411027,0.871124284,-0.949198336,-0.073763197,-1.43409839,1.82032262,0.441816773,91.11617312,0.839744783,-0.907808797,-1.081053214,2.081053214,0.7665,1.223,1
0.003098155,0.424427537,0.654958471,-0.652452128,-0.014601449,-1.493463352,1.307410599,0.424438844,70.75471698,0.64351528,-0.650050866,-1.01015607,2.01015607,0.43,0.8095,0
0.020594816,0.438700018,0.814468854,-0.942329568,-0.079161494,-1.456019232,1.756798422,0.439183165,78.3801437,0.801446462,-0.9089724,-1.134164843,2.134164843,0.482,0.766,1
0.015684705,0.442572019,0.848029703,-0.956943021,-0.054193948,-1.441313835,1.804972724,0.442849864,101.9541206,0.818458356,-0.936188731,-1.143844063,2.143844063,0.7185,0.884,1
0.017014218,0.441719386,0.841769066,-0.922547518,-0.067299411,-1.422867877,1.764316584,0.442046943,88.17046289,0.79884436,-0.88036382,-1.102046736,2.102046736,0.5005,0.7395,1
0.016159046,0.440456053,0.826148169,-0.914164817,-0.062828983,-1.436708504,1.740312986,0.440752367,91.32420091,0.814042439,-0.865850177,-1.063642552,2.063642552,0.726,1.1695,1
0.017576645,0.442009669,0.838657825,-0.947845427,-0.076050704,-1.410972088,1.786503252,0.442359001,77.92207792,0.822625136,-0.925270622,-1.124777959,2.124777959,0.6665,1.074,1
0.003318672,0.424985791,0.640653663,-0.644999266,-0.007048112,-1.496877137,1.285652929,0.424998749,72.07207207,0.637208799,-0.641944511,-1.007431963,2.007431963,0.649,1.2075,0
0.00259042,0.423933854,0.64140603,-0.642921542,-0.010336764,-1.492171465,1.284327572,0.423941768,70.5052879,0.639232321,-0.640597505,-1.002135662,2.002135662,0.429,1.185,0
0.003315221,0.424845785,0.643664577,-0.648245874,-0.010842854,-1.492150426,1.291910451,0.42485872,97.56097561,0.637128754,-0.638491384,-1.002138705,2.002138705,0.668,0.898666667,0
0.017881537,0.439865188,0.827566213,-0.925735374,-0.056153186,-1.467790957,1.753301587,0.440228501,79.10349374,0.795313342,-0.89713155,-1.128022758,2.128022758,0.491,0.679,1
0.016278998,0.440126633,0.829526923,-0.944547035,-0.081923344,-1.431798741,1.774073958,0.440427586,87.97653959,0.819767177,-0.934119729,-1.139493938,2.139493938,0.5705,0.899,1
0.01682534,0.44194475,0.828659086,-0.934378461,-0.077942054,-1.428545658,1.763037547,0.442264914,107.8490114,0.655784637,-0.90883641,-1.385876336,2.385876336,0.758,1.111666667,1
0.003411542,0.424381201,0.637942759,-0.651568008,-0.011383232,-1.491835338,1.289510767,0.424394913,103.3591731,0.637093317,-0.643826461,-1.010568536,2.010568536,0.739,0.99,0
0.004081297,0.424887383,0.64778367,-0.640107969,-0.01372524,-1.490770954,1.287891639,0.424906985,102.739726,0.643250821,-0.636599024,-0.989659093,1.989659093,0.745,0.962,0
0.016682909,0.444810673,0.803212587,-0.993721159,-0.08744861,-1.436980302,1.796933746,0.445123415,79.36507937,0.777265466,-0.965303721,-1.241922821,2.241922821,0.411,0.838,1
0.00327544,0.423483408,0.633074799,-0.643100096,-0.016095414,-1.491273398,1.276174895,0.423496075,102.915952,0.627268051,-0.637064244,-1.015617235,2.015617235,0.739,1.2025,0
0.004240442,0.425755118,0.652698094,-0.652128094,-0.01218553,-1.493145991,1.304826188,0.425776234,78.07417046,0.63826211,-0.640622226,-1.003697723,2.003697723,0.323,0.5385,0
0.003005589,0.42426862,0.658082769,-0.655807666,-0.010337581,-1.494547068,1.313890435,0.424279266,97.13977334,0.64023697,-0.647938075,-1.012028523,2.012028523,0.738666667,1.007333333,0
0.013427135,0.438223252,0.821987367,-0.943298539,-0.074623793,-1.424946446,1.765285906,0.438428907,71.72743574,0.806313517,-0.926635332,-1.149224603,2.149224603,0.41,0.896,1
0.014738326,0.442393483,0.819366129,-0.941607602,-0.089875185,-1.399813422,1.760973731,0.442638919,78.89546351,0.796630369,-0.889989504,-1.117192539,2.117192539,0.503,0.756,1
0.003250515,0.424242563,0.650288784,-0.644251313,-0.013540855,-1.487965757,1.294540097,0.424255015,97.34991888,0.637433814,-0.63912992,-1.002660835,2.002660835,0.738666667,1.060333333,0
0.003531219,0.424553205,0.657222765,-0.6715217,-0.014496113,-1.491052061,1.328744465,0.42456789,78.68852459,0.639720115,-0.653625262,-1.021736297,2.021736297,0.4305,0.81,0
0.003518861,0.425328129,0.660311595,-0.653805828,-0.012458166,-1.493415819,1.314117423,0.425342685,96.72219237,0.554949906,-0.645032173,-1.162325041,2.162325041,0.560666667,0.839333333,0
0.015785493,0.441687727,0.85302917,-0.914885415,-0.062825881,-1.430182171,1.767914585,0.441969716,77.97270955,0.821501996,-0.914050058,-1.112657135,2.112657135,0.4155,0.728,1
0.002510573,0.425656031,0.663622417,-0.644901448,-0.009941165,-1.490828757,1.308523865,0.425663435,78.32898172,0.642545568,-0.639139682,-0.994699386,1.994699386,0.428,0.988,0
0.003716692,0.424558627,0.646049181,-0.645829204,-0.01314727,-1.493932444,1.291878385,0.424574895,97.34991888,0.632676728,-0.640887756,-1.012978237,2.012978237,0.664,1.035,0
0.003163193,0.424465732,0.648028189,-0.636235365,-0.014907505,-1.489255157,1.284263554,0.424477518,103.626943,0.640265059,-0.635317568,-0.992272745,1.992272745,0.742,1.0765,0
0.015454337,0.438245656,0.809821452,-0.90770932,-0.0626479,-1.445195291,1.717530772,0.438518063,76.48183556,0.795545346,-0.905614051,-1.138356292,2.138356292,0.409,0.905,1
0.016512418,0.441164964,0.837589308,-0.950473022,-0.065741948,-1.434761856,1.78806233,0.441473878,99.91673605,0.797154298,-0.924960813,-1.160328453,2.160328453,0.7135,0.841,1
0.004089829,0.42467097,0.65660956,-0.641940376,-0.016024957,-1.489368476,1.298549936,0.424690663,107.8490114,0.635746918,-0.63660401,-1.001348167,2.001348167,0.796333333,1.197666667,0
0.016860569,0.44254703,0.834400489,-0.919713141,-0.071574322,-1.457208294,1.75411363,0.442868099,98.79253568,0.520809525,-0.89286132,-1.714372103,2.714372103,0.571666667,0.995666667,1
0.003358528,0.424455544,0.652986768,-0.640442627,-0.010543853,-1.492481293,1.293429395,0.424468831,105.3247513,0.54355926,-0.634028894,-1.166439321,2.166439321,0.559333333,0.688,0
0.015388665,0.440446305,0.836292493,-0.922035786,-0.066622835,-1.44158959,1.758328279,0.440715054,87.08272859,0.788298647,-0.917450196,-1.163835812,2.163835812,0.4875,0.6835,1
0.014964545,0.443317709,0.808110298,-0.922046766,-0.074517401,-1.431384737,1.730157064,0.443570207,77.31958763,0.783688668,-0.893555917,-1.140192468,2.140192468,0.4795,0.74,1
0.013250425,0.442692086,0.866198439,-0.91038214,-0.049579281,-1.437698743,1.776580579,0.442890344,101.8675722,0.814827405,-0.886474586,-1.087929273,2.087929273,0.713,0.8915,1
0.014910746,0.440254945,0.852056529,-0.913549848,-0.066195991,-1.421444902,1.765606377,0.440507374,107.7844311,0.527164477,-0.902902092,-1.712752153,2.712752153,0.583333333,0.888,1
0.016855472,0.442833796,0.837986342,-0.936939051,-0.064951839,-1.42925267,1.774925393,0.443154463,87.01957941,0.819008723,-0.908182633,-1.108880293,2.108880293,0.502,0.7765,1
0.003327581,0.424024134,0.649369037,-0.649352637,-0.016341696,-1.492287957,1.298721674,0.424037191,107.8490114,0.63995245,-0.638692514,-0.998031203,1.998031203,0.797666667,1.105333333,0
0.003684316,0.424935522,0.659955764,-0.649077329,-0.015502191,-1.491475792,1.309033093,0.424951493,89.68609865,0.64615015,-0.635383128,-0.983336655,1.983336655,0.7405,0.958,0
0.003573578,0.424118134,0.646927009,-0.663119699,-0.009095265,-1.491213177,1.310046708,0.424133189,79.10349374,0.643307816,-0.649801866,-1.010094777,2.010094777,0.523,0.9565,0
0.003400881,0.425915084,0.641279319,-0.645663252,-0.012114546,-1.491887027,1.286942571,0.425928661,80.91706001,0.633739371,-0.63777924,-1.006374654,2.006374654,0.8825,1.2995,0
0.016863484,0.435997031,0.827529324,-0.968437382,-0.061983213,-1.443310586,1.795966706,0.436323032,108.9588378,0.688834757,-0.904831581,-1.313568416,2.313568416,0.755,0.888,1
0.002815522,0.424331297,0.65014553,-0.645844697,-0.00953201,-1.49382822,1.295990227,0.424340637,97.03504043,0.637235137,-0.637312721,-1.000121751,2.000121751,0.735,1.154,0
0.003666214,0.4248014,0.659739291,-0.650456859,-0.014359234,-1.491225162,1.31019615,0.42481722,78.2778865,0.637288865,-0.643948928,-1.010450617,2.010450617,0.4285,0.6335,0
0.014012928,0.440534879,0.833051424,-0.942019226,-0.072333837,-1.441796668,1.77507065,0.440757691,106.0070671,0.810782869,-0.935338341,-1.153623709,2.153623709,0.725,0.885,1
0.01538241,0.440880757,0.842648806,-0.931286902,-0.056938926,-1.445153997,1.773935708,0.441149023,91.53318078,0.786760479,-0.917498924,-1.166173122,2.166173122,0.6785,1.0125,1
0.016331833,0.441739603,0.841249073,-0.948923958,-0.078302206,-1.420317722,1.790173031,0.442041408,89.48545861,0.810105083,-0.903017694,-1.114692047,2.114692047,0.821,1.016,1
0.016471693,0.439730123,0.830566409,-0.900028575,-0.075889903,-1.440043,1.730594984,0.440038519,65.57377049,0.820766044,-0.895593703,-1.091168073,2.091168073,0.4805,0.8455,1
0.0156041,0.442660354,0.84011416,-0.917466516,-0.075201061,-1.422239265,1.757580676,0.442935296,98.36065574,0.794336723,-0.896469959,-1.128576753,2.128576753,0.7635,1.1095,1
0.003819516,0.424271193,0.640178069,-0.637724081,-0.013302472,-1.491974527,1.27790215,0.424288385,105.2631579,0.561445629,-0.633559613,-1.128443397,2.128443397,0.589666667,0.958666667,0
0.003192787,0.424286973,0.652043835,-0.647134782,-0.012695132,-1.490794241,1.299178617,0.424298986,118.1877873,0.52626789,-0.637687382,-1.211716303,2.211716303,0.560333333,0.906333333,0
0.002358809,0.42430253,0.680819588,-0.6531189,-0.01194071,-1.490610294,1.333938488,0.424309086,108.3684527,0.649502873,-0.644667806,-0.992555741,1.992555741,0.800666667,1.182666667,0
0.00440864,0.424727235,0.649564357,-0.650328844,-0.014039073,-1.493238429,1.299893201,0.424750115,70.33997655,0.643537531,-0.647943748,-1.006846869,2.006846869,0.429,1.1835,0
0.003004778,0.424995959,0.643947255,-0.661328486,-0.013437476,-1.489450976,1.305275741,0.425006581,79.47019868,0.638862059,-0.644940001,-1.009513701,2.009513701,0.6545,1.2035,0
0.018266903,0.442242627,0.84347359,-0.95122005,-0.051690768,-1.464295087,1.79469364,0.442619725,98.95547004,0.565439492,-0.926917208,-1.639286292,2.639286292,0.575333333,0.770333333,1
0.016452907,0.442717579,0.864613576,-0.916586335,-0.075451693,-1.421364902,1.781199911,0.443023196,95.13742072,0.663639132,-0.902454941,-1.359857938,2.359857938,0.705666667,1.165,1
0.017125734,0.44247354,0.858240405,-0.939489893,-0.075862734,-1.42764261,1.797730298,0.442804837,78.68852459,0.85191319,-0.933214167,-1.095433406,2.095433406,0.5005,0.8485,1
0.020847376,0.442695156,0.864611911,-0.932191771,-0.083773977,-1.443987601,1.796803682,0.443185756,78.68852459,0.834030796,-0.893859289,-1.071734153,2.071734153,0.771,1.238,1
0.002984481,0.425093344,0.66445767,-0.646342791,-0.012846424,-1.495870953,1.310800461,0.425103821,89.28571429,0.643529827,-0.645626871,-1.003258658,2.003258658,0.6475,1.076,0
0.002944246,0.424739771,0.638586564,-0.645796156,-0.013034418,-1.491889796,1.28438272,0.424749976,105.2631579,0.570037044,-0.640380172,-1.123400977,2.123400977,0.587,0.901,0
0.015481129,0.438536052,0.859575116,-0.969716939,-0.063396865,-1.455724422,1.829292055,0.438809223,89.82035928,0.825173228,-0.887000269,-1.074926135,2.074926135,0.82,0.9895,1
0.002584063,0.424544795,0.640408704,-0.64806181,-0.010136992,-1.494118374,1.288470514,0.424552659,89.41877794,0.636575978,-0.640408317,-1.006020237,2.006020237,0.654,0.9625,0
0.0139335,0.440973455,0.860208303,-0.950107963,-0.058398672,-1.421974185,1.810316266,0.44119353,116.6558652,0.571094251,-0.874477727,-1.531231887,2.531231887,0.924,1.282666667,1
0.003382851,0.424370187,0.651516399,-0.649227439,-0.01427687,-1.491945393,1.300743838,0.42438367,79.36507937,0.638020958,-0.636585786,-0.997750587,1.997750587,0.65,1.207,0
0.00277336,0.424026555,0.67171614,-0.659608836,-0.010100883,-1.491786084,1.331324976,0.424035624,97.08737864,0.642837898,-0.63808576,-0.992607564,1.992607564,0.737333333,0.968666667,0
0.002882091,0.424488554,0.661772299,-0.649008531,-0.009335566,-1.494730555,1.31078083,0.424498338,79.10349374,0.646907342,-0.643014105,-0.993981769,1.993981769,0.6525,1.0815,0
0.003274618,0.424035277,0.639781211,-0.638390288,-0.011547739,-1.492281694,1.278171499,0.424047921,108.1730769,0.628285226,-0.625600115,-0.995726288,1.995726288,0.796333333,1.035666667,0
0.003346253,0.42494395,0.64985321,-0.650081661,-0.010821898,-1.49550071,1.299934871,0.424957125,79.26023778,0.645253113,-0.645551749,-1.000462819,2.000462819,0.648,0.9875,0
0.003475152,0.424845699,0.646282235,-0.646737548,-0.012338165,-1.493540651,1.293019783,0.424859912,97.08737864,0.634452159,-0.636236365,-1.0028122,2.0028122,0.665666667,1.003666667,0
0.012295304,0.444446726,0.819519702,-0.940392828,-0.104361657,-1.383492018,1.75991253,0.444616763,90.56603774,0.807733928,-0.917300606,-1.135646993,2.135646993,0.7665,0.9955,1
0.002838377,0.425028362,0.642303415,-0.669191921,-0.017885366,-1.49338668,1.311495336,0.42503784,97.56097561,0.636133462,-0.635628893,-0.999206819,1.999206819,0.667333333,1.128,0
0.00343329,0.424583199,0.65391983,-0.659722955,-0.011924746,-1.492173237,1.313642785,0.42459708,70.62978222,0.645707059,-0.650512809,-1.007442617,2.007442617,0.4345,0.956,0
0.002936043,0.424153843,0.648683173,-0.659782107,-0.012222204,-1.492931763,1.30846528,0.424164004,80.75370121,0.639479931,-0.650060041,-1.016544866,2.016544866,0.7415,0.9895,0
0.002499485,0.425489953,0.645331884,-0.643836363,-0.015112897,-1.4896894,1.289168247,0.425497294,97.2972973,0.631356032,-0.63462898,-1.005183997,2.005183997,0.664333333,1.059,0
0.003246143,0.424242085,0.652218014,-0.644014522,-0.012967094,-1.492805297,1.296232536,0.424254504,81.02633356,0.645833525,-0.640139642,-0.991183668,1.991183668,0.745,1.0875,0
0.00279653,0.424052547,0.651326969,-0.642139707,-0.01515268,-1.494267095,1.293466676,0.424061768,97.45533297,0.630220325,-0.634459764,-1.006726916,2.006726916,0.668333333,1.129666667,0
0.003539473,0.424631898,0.652703665,-0.637487843,-0.010162678,-1.49703624,1.290191508,0.424646649,105.6958309,0.582950302,-0.629849375,-1.080451238,2.080451238,0.588,0.758666667,0
0.01589008,0.440572631,0.825735909,-0.925616044,-0.060414881,-1.439894139,1.751351953,0.440859091,78.58546169,0.798581046,-0.866262771,-1.084752482,2.084752482,0.6175,1.0275,1
0.017392762,0.441066018,0.821473345,-0.931745446,-0.069504612,-1.450726534,1.753218791,0.441408813,103.0927835,0.748456819,-0.887083688,-1.185216923,2.185216923,0.723,1.113,1
0.018511135,0.437751676,0.83718233,-0.909806684,-0.081695122,-1.440468745,1.746989014,0.43814289,78.53403141,0.821796046,-0.903090289,-1.09892265,2.09892265,0.835,0.9995,1
0.017217165,0.444012893,0.819018348,-0.941890114,-0.080120239,-1.452323488,1.760908462,0.444346576,95.6937799,0.656329288,-0.920864456,-1.403052513,2.403052513,0.712333333,0.954333333,1
0.017359751,0.442372685,0.854342592,-0.939820036,-0.076260796,-1.43483426,1.794162628,0.442713172,70.96392667,0.828494709,-0.931934329,-1.124852481,2.124852481,0.414,0.584,1
0.017869545,0.439600106,0.834714964,-0.961591865,-0.058737789,-1.422093949,1.796306829,0.43996315,87.08272859,0.777807963,-0.929157303,-1.194584456,2.194584456,0.4995,0.9,1
0.003037362,0.424161657,0.656642595,-0.653582013,-0.013827129,-1.488565021,1.310224608,0.424172532,78.79185817,0.635872978,-0.641658132,-1.009097971,2.009097971,0.327,0.8095,0
0.015426343,0.443525111,0.823651837,-0.937356041,-0.078838327,-1.425725815,1.761007878,0.443793304,77.72020725,0.807473551,-0.920744907,-1.140278719,2.140278719,0.5325,0.907,1
0.016030833,0.444518778,0.811079254,-0.912025642,-0.071203953,-1.436792259,1.723104896,0.444807747,91.74311927,0.800089532,-0.886269783,-1.107713258,2.107713258,0.769,1.2455,1
0.003333515,0.425360813,0.64465726,-0.63946597,-0.013212333,-1.488687511,1.28412323,0.425373875,78.89546351,0.635884892,-0.636061858,-1.000278299,2.000278299,0.435,1.0845,0
0.003059955,0.424580095,0.642486677,-0.646147996,-0.013088074,-1.495498429,1.288634673,0.424591121,78.32898172,0.634124642,-0.63371569,-0.999355093,1.999355093,0.3245,0.677,0
0.017088911,0.444167156,0.823385557,-0.926751844,-0.069475984,-1.444439311,1.750137401,0.444495775,63.22444679,0.811245169,-0.916846105,-1.130171419,2.130171419,0.5335,0.7585,1
0.018406715,0.441409775,0.820987291,-0.927990825,-0.068842783,-1.42812177,1.748978116,0.441793387,78.17589577,0.809708918,-0.903193552,-1.115454619,2.115454619,0.494,0.8045,1
0.002630647,0.425056689,0.641251037,-0.646047046,-0.013466617,-1.49137957,1.287298083,0.42506483,79.41760424,0.638834123,-0.642236445,-1.00532583,2.00532583,0.5285,1.189,0
0.01669777,0.436171785,0.832498387,-0.926250802,-0.081158476,-1.440556899,1.758749189,0.436491284,80.21390374,0.790938485,-0.916424875,-1.158655056,2.158655056,0.4935,0.6365,1
0.003756322,0.424828089,0.651147728,-0.665648402,-0.017856582,-1.491587897,1.31679613,0.424844696,78.2778865,0.641589754,-0.63679983,-0.992534288,1.992534288,0.4285,0.7205,0
0.019072955,0.438763101,0.802752352,-0.924350972,-0.077839268,-1.437721753,1.727103324,0.439177455,77.02182285,0.798274242,-0.918594935,-1.150726013,2.150726013,0.484,0.842,1
0.014863549,0.440921969,0.829081028,-0.933030409,-0.064192447,-1.443914473,1.762111437,0.441172425,88.10572687,0.799498683,-0.928964831,-1.16193416,2.16193416,0.498,0.7385,1
0.003079334,0.424193408,0.651238099,-0.64394474,-0.015989369,-1.492049457,1.295182839,0.424204585,97.34991888,0.63662804,-0.636557816,-0.999889694,1.999889694,0.738333333,1.03,0
0.003142021,0.425330888,0.645866423,-0.640749376,-0.013720256,-1.492621936,1.286615799,0.425342494,97.4025974,0.640045977,-0.637021052,-0.995273894,1.995273894,0.664666667,0.905666667,0
0.01216452,0.442940508,0.911791405,-0.94388709,-0.06787303,-1.434920413,1.855678495,0.443107515,102.8277635,0.858352449,-0.926679877,-1.079602997,2.079602997,0.662,0.9025,1
0.016419313,0.442438081,0.831496448,-0.940669238,-0.081450799,-1.434297774,1.772165686,0.442742644,98.63013699,0.689354564,-0.924474815,-1.341073032,2.341073032,0.700666667,0.94,1
0.017371453,0.443027314,0.871426837,-0.930125755,-0.063499619,-1.433557826,1.801552592,0.443367758,88.10572687,0.856981464,-0.906849042,-1.058189798,2.058189798,0.4965,0.6845,1
0.002435704,0.424164824,0.65295736,-0.644475434,-0.015428175,-1.492840715,1.297432794,0.424171817,97.4025974,0.64041315,-0.636445287,-0.993804214,1.993804214,0.667,1.009666667,0
0.003555776,0.423761043,0.652837838,-0.653658318,-0.016171449,-1.48871182,1.306496156,0.42377596,90.09009009,0.635897114,-0.652402821,-1.025956568,2.025956568,0.745,1.303,0
0.003719292,0.424438876,0.635744913,-0.650615084,-0.010759078,-1.495664145,1.286359997,0.424455171,89.75317876,0.631084236,-0.644462671,-1.021199127,2.021199127,0.743,1.086,0
0.003562814,0.424026608,0.643434353,-0.635628096,-0.014323248,-1.495828894,1.279062449,0.424041575,97.56097561,0.638677708,-0.633122742,-0.991302396,1.991302396,0.740666667,0.971,0
0.002821999,0.424391852,0.660146606,-0.651508179,-0.012487908,-1.490855003,1.311654785,0.424401234,117.5702155,0.577863021,-0.642428494,-1.11173145,2.11173145,0.565333333,0.894,0
0.020159963,0.441677764,0.840795232,-0.921374642,-0.079844808,-1.431704307,1.762169874,0.442137615,101.8675722,0.823911398,-0.914072266,-1.109430295,2.109430295,0.6755,0.799,1
0.003538821,0.424606094,0.657635219,-0.66336719,-0.015578351,-1.492159128,1.321002409,0.424620841,78.74015748,0.640949126,-0.634817251,-0.990433134,1.990433134,0.327,0.68,0
0.003847181,0.424240615,0.665770599,-0.648973797,-0.010815324,-1.489728154,1.314744396,0.424258059,78.53403141,0.654574502,-0.645364285,-0.985929459,1.985929459,0.325,0.539,0
0.003501863,0.424122779,0.639184062,-0.647924268,-0.01283504,-1.492480683,1.28710833,0.424137235,108.1730769,0.625205994,-0.630962054,-1.009206661,2.009206661,0.800333333,1.124,0
0.003071574,0.425061213,0.639821623,-0.64882492,-0.009976867,-1.490429682,1.288646543,0.425072311,90.15777611,0.634990404,-0.642192886,-1.011342663,2.011342663,0.656,0.956,0
0.003405261,0.424418042,0.650954822,-0.643924657,-0.009723906,-1.494211153,1.294879479,0.424431703,103.2702238,0.64375829,-0.634794914,-0.986076489,1.986076489,0.7435,0.855,0
0.015286239,0.441751311,0.824300421,-0.924257294,-0.071049285,-1.424327783,1.748557715,0.442015713,103.1814273,0.819027134,-0.909659368,-1.110658403,2.110658403,0.6665,1.0135,1
0.004129676,0.425278562,0.644778103,-0.655587222,-0.012298062,-1.495302257,1.300365325,0.425298613,108.3684527,0.631966031,-0.645850805,-1.021970761,2.021970761,0.800333333,1.180666667,0
0.003071682,0.42507407,0.637407105,-0.655601602,-0.014425273,-1.494001514,1.293008707,0.425085168,70.42253521,0.634220103,-0.650647065,-1.025901043,2.025901043,0.43,1.1795,0
0.017303808,0.44299257,0.835742549,-0.940418968,-0.055371202,-1.460084808,1.776161517,0.443330395,70.96392667,0.812916933,-0.92324105,-1.135713888,2.135713888,0.405,0.9045,1
0.002909175,0.424871343,0.649643706,-0.641767857,-0.011953052,-1.495650933,1.291411563,0.424881303,105.9446733,0.588605335,-0.639770152,-1.086925506,2.086925506,0.587,0.884,0
0.014623033,0.441449881,0.829457465,-0.944798435,-0.059082963,-1.427555478,1.7742559,0.441692008,91.11617312,0.800678838,-0.915413656,-1.143296928,2.143296928,0.7655,0.906,1
0.014644478,0.440941931,0.833741289,-0.955924189,-0.08105508,-1.425361734,1.789665478,0.441185049,89.61911875,0.815050961,-0.94282999,-1.156774282,2.156774282,0.7115,0.884,1
0.004104863,0.425064824,0.645218881,-0.647219199,-0.016047911,-1.49566742,1.29243808,0.425084644,72.33273056,0.636238409,-0.640766583,-1.007117102,2.007117102,0.654,0.9555,0
0.002890929,0.424672726,0.644629431,-0.65040133,-0.011139646,-1.488666546,1.295030761,0.424682566,108.6300543,0.631872728,-0.641540077,-1.015299521,2.015299521,0.800333333,1.125666667,0
0.013633325,0.438427862,0.809741987,-0.93310829,-0.084807222,-1.429144321,1.742850277,0.438639781,86.14501077,0.789824833,-0.931023229,-1.178771786,2.178771786,0.499,0.7415,1
0.003164463,0.424302745,0.654446091,-0.63221939,-0.010067712,-1.498299009,1.286665481,0.424314545,70.33997655,0.650391613,-0.631636175,-0.971162854,1.971162854,0.4285,0.632,0
0.003749922,0.424288894,0.646174511,-0.661372968,-0.014577405,-1.491877276,1.307547479,0.424305464,97.50812568,0.641475326,-0.647963466,-1.010114403,2.010114403,0.667333333,0.949333333,0
0.003132193,0.424215284,0.635620004,-0.659725753,-0.012682166,-1.493148626,1.295345757,0.424226847,72.24563516,0.635199034,-0.652154067,-1.026692472,2.026692472,0.658,1.1865,0
0.003159717,0.425021619,0.643687487,-0.652861202,-0.015500193,-1.493546228,1.296548689,0.425033364,70.58823529,0.632034298,-0.645398899,-1.021145373,2.021145373,0.4305,0.9975,0
0.019458057,0.440377263,0.856331046,-0.912317035,-0.060015963,-1.444047361,1.768648081,0.44080693,77.82101167,0.831940202,-0.899341724,-1.081017267,2.081017267,0.481,0.894,1
0.002698089,0.424692356,0.64220598,-0.642475746,-0.013666729,-1.490217925,1.284681726,0.424700927,78.99934167,0.634756326,-0.637191456,-1.003836322,2.003836322,0.6505,0.9605,0
0.017332185,0.443315579,0.808849198,-0.915819697,-0.080988256,-1.433790663,1.724668895,0.443654266,90.09009009,0.804223859,-0.913456198,-1.135823301,2.135823301,0.766,0.904,1
0.016881389,0.439819953,0.840854881,-0.912187265,-0.061924214,-1.430951957,1.753042146,0.440143809,82.07934337,0.810307199,-0.902393892,-1.113644174,2.113644174,0.664,1.009,1
0.016473452,0.437438661,0.835726981,-0.931145311,-0.068415743,-1.43837389,1.766872292,0.437748737,78.89546351,0.811866761,-0.913293911,-1.124930783,2.124930783,0.4855,0.7515,1
0.002917122,0.424097569,0.650560323,-0.67114054,-0.010919744,-1.491446788,1.321700863,0.424107601,71.81328546,0.640342591,-0.642947437,-1.004067894,2.004067894,0.648,1.0895,0
0.003397362,0.424323616,0.637253561,-0.647158823,-0.01555404,-1.493808716,1.284412384,0.424337216,89.41877794,0.629400191,-0.637547943,-1.012945264,2.012945264,0.5255,1.0845,0
0.016192222,0.44128785,0.860187493,-0.946768276,-0.091637839,-1.407027534,1.806955769,0.441584822,97.98584649,0.719679532,-0.916812325,-1.273917464,2.273917464,0.672333333,1.206333333,1
0.018610538,0.441797646,0.840029478,-0.92442515,-0.057556712,-1.456090967,1.764454628,0.442189453,87.5273523,0.829156844,-0.899509685,-1.084848652,2.084848652,0.492,0.744,1
0.014910246,0.443893495,0.847828519,-0.921268774,-0.082218274,-1.438145522,1.769097293,0.44414384,71.47111376,0.80769871,-0.921014666,-1.140294832,2.140294832,0.423,0.737,1
0.017872225,0.439379755,0.825195702,-0.897062364,-0.061709621,-1.448690394,1.722258066,0.43974309,78.02340702,0.78608646,-0.892236712,-1.135036357,2.135036357,0.485,0.639,1
0.002745146,0.423866324,0.649032687,-0.644467594,-0.009413722,-1.492196029,1.293500281,0.423875213,97.13977334,0.637773438,-0.638223095,-1.000705042,2.000705042,0.737666667,1.004666667,0
0.015862146,0.440134945,0.833694791,-0.940058672,-0.07123263,-1.42375164,1.773753463,0.440420683,88.17046289,0.787664292,-0.922557759,-1.171257563,2.171257563,0.506,0.5795,1
0.015206843,0.445130296,0.829749705,-0.927298458,-0.077160915,-1.424589238,1.757048163,0.445389973,105.0175029,0.67187571,-0.904337501,-1.345989276,2.345989276,0.671333333,0.859666667,1
0.00399852,0.424530207,0.645863321,-0.643526242,-0.012531236,-1.493485097,1.289389563,0.424549037,108.0432173,0.631299579,-0.638553292,-1.011490128,2.011490128,0.804,1.034333333,0
0.00382933,0.425005465,0.643080673,-0.653921899,-0.010970945,-1.491902195,1.297002572,0.425022716,70.67137809,0.638422816,-0.648332434,-1.015522029,2.015522029,0.4315,0.9995,0
0.018019658,0.436884231,0.825733852,-0.923698178,-0.044992123,-1.4558384,1.74943203,0.437255691,78.07417046,0.784445295,-0.913095697,-1.164001752,2.164001752,0.8315,1.2915,1
0.015174649,0.440436192,0.81346656,-0.980298516,-0.071864083,-1.426270978,1.793765076,0.440697526,108.9588378,0.677435624,-0.915813885,-1.351883267,2.351883267,0.755,1.173333333,1
0.016605547,0.440555774,0.819647587,-0.947278551,-0.069399245,-1.420070585,1.766926138,0.440868613,108.1081081,0.698158327,-0.906273585,-1.298091781,2.298091781,0.735,0.996333333,1
0.002806664,0.424837967,0.640606749,-0.645116279,-0.013376737,-1.491905103,1.285723028,0.424847238,78.74015748,0.63562663,-0.642438935,-1.010717462,2.010717462,0.4335,1.084,0
0.002729734,0.425096356,0.648367317,-0.647331217,-0.010570897,-1.487862619,1.295698534,0.42510512,79.10349374,0.642164949,-0.645117753,-1.004598202,2.004598202,0.6505,0.9885,0
0.019277296,0.440575075,0.828655881,-0.911473496,-0.082010235,-1.46206407,1.740129377,0.440996611,81.08108108,0.79694659,-0.89089307,-1.117883031,2.117883031,0.501,0.797,1
0.003412991,0.424530903,0.652917337,-0.678246627,-0.016200162,-1.488457789,1.331163964,0.424544622,78.17589577,0.637091388,-0.667234508,-1.047313652,2.047313652,0.3265,0.633,0
0.015138303,0.440655082,0.856228103,-0.922834461,-0.061267111,-1.443724731,1.779062564,0.440915037,78.22685789,0.824935485,-0.919577353,-1.114726387,2.114726387,0.566,0.9175,1
0.017111728,0.44067061,0.839139109,-0.949598433,-0.091985421,-1.431457918,1.788737542,0.441002718,89.61911875,0.798870265,-0.937349456,-1.173343779,2.173343779,0.7125,1.1205,1
0.003028395,0.424726806,0.644138036,-0.639186003,-0.016677594,-1.495377584,1.283324039,0.424737602,79.26023778,0.637316157,-0.635827684,-0.997664467,1.997664467,0.5235,0.768,0
0.017664453,0.439398697,0.834813605,-0.943037121,-0.066379557,-1.436192376,1.777850726,0.439753622,108.1081081,0.704760574,-0.911987132,-1.294038239,2.294038239,0.751,1.015333333,1
0.002908233,0.424844409,0.67043599,-0.637624695,-0.013153138,-1.496124767,1.308060685,0.424854362,90.36144578,0.642790524,-0.634767811,-0.987518931,1.987518931,0.742,0.859,0
0.01785763,0.441998801,0.820456334,-0.933760645,-0.066151034,-1.441107502,1.754216979,0.442359395,77.72020725,0.812230215,-0.923336095,-1.136791118,2.136791118,0.4075,0.685,1
0.003770162,0.425030973,0.65097752,-0.641222584,-0.012173178,-1.493792175,1.292200104,0.425047694,97.77294948,0.517762778,-0.636380437,-1.229096537,2.229096537,0.558666667,0.899666667,0
0.013754996,0.442734698,0.871345826,-0.979278543,-0.086543905,-1.411143842,1.850624369,0.442948318,90.42954032,0.838238989,-0.957116546,-1.141818215,2.141818215,0.671,0.802,1
0.017682282,0.439334335,0.835671309,-0.957576029,-0.050508327,-1.441093332,1.793247338,0.439690028,78.84362681,0.818101536,-0.912248713,-1.115080064,2.115080064,0.6645,0.8355,1
0.003473526,0.424757722,0.641164955,-0.646571183,-0.013907917,-1.491043605,1.287736138,0.424771925,72.07207207,0.63709795,-0.641815804,-1.007405225,2.007405225,0.653,0.899,0
0.016738908,0.442931687,0.842440026,-0.944396899,-0.079696574,-1.426173566,1.786836925,0.443247866,88.95478132,0.825704178,-0.911978773,-1.104486083,2.104486083,0.5,0.846,1
0.002496472,0.424398636,0.645124068,-0.650405305,-0.011996241,-1.490327667,1.295529373,0.424405979,108.6300543,0.637157968,-0.645015502,-1.01233216,2.01233216,0.798,0.912666667,0
0.004045695,0.424120858,0.638034586,-0.648057138,-0.013059753,-1.491086941,1.286091724,0.424140154,107.9136691,0.633114371,-0.63847297,-1.008463873,2.008463873,0.795666667,1.003666667,0
0.018026314,0.443967976,0.873145039,-0.948976415,-0.067288627,-1.424878818,1.822121454,0.444333785,82.4742268,0.850108074,-0.921094135,-1.083502396,2.083502396,0.721,0.8995,1
0.003019859,0.424745864,0.643773396,-0.646624564,-0.018350734,-1.492449251,1.29039796,0.424756599,89.61911875,0.640042405,-0.639507407,-0.999164122,1.999164122,0.6545,0.8645,0
0.00315004,0.42448674,0.641765897,-0.641333833,-0.012615298,-1.493350025,1.28309973,0.424498427,108.5645356,0.633479836,-0.634540903,-1.001674982,2.001674982,0.798333333,1.031666667,0
0.002688182,0.424150793,0.648602735,-0.649835427,-0.014858564,-1.495357701,1.298438162,0.424159311,97.03504043,0.633661135,-0.638544165,-1.007706058,2.007706058,0.665666667,0.918333333,0
0.015663036,0.443962481,0.825733639,-0.946317667,-0.066778414,-1.436172123,1.772051306,0.444238692,89.02077151,0.809395515,-0.927517689,-1.145938755,2.145938755,0.498,0.894,1
0.015551449,0.443814416,0.826071753,-0.933713987,-0.085552555,-1.428319457,1.75978574,0.444086797,77.72020725,0.79503261,-0.903176662,-1.136024674,2.136024674,0.543,1.1765,1
0.003473956,0.424381797,0.647648915,-0.656178905,-0.015891084,-1.488992791,1.30382782,0.424396015,97.13977334,0.636869992,-0.642381369,-1.008653851,2.008653851,0.668666667,0.848666667,0
0.016019318,0.438838187,0.844572597,-0.932288627,-0.061757161,-1.447855952,1.776861224,0.439130474,79.9467022,0.815639323,-0.879907709,-1.078795105,2.078795105,0.668,0.9095,1
0.013495294,0.439928314,0.853847769,-0.915537685,-0.059740357,-1.424081477,1.769385454,0.440135257,103.2702238,0.834511893,-0.902385317,-1.081333081,2.081333081,0.673,0.8555,1
0.003289361,0.424520852,0.656985613,-0.656844049,-0.013687569,-1.490533391,1.313829662,0.424533595,97.50812568,0.644233697,-0.640943234,-0.994892439,1.994892439,0.736666667,0.908333333,0
0.014765634,0.440830471,0.804759226,-0.935292152,-0.079858557,-1.437781377,1.740051378,0.44107769,100.1669449,0.781174634,-0.915326457,-1.171730901,2.171730901,0.726,0.8535,1
0.003401793,0.424778105,0.64574867,-0.64375181,-0.013207183,-1.490449042,1.28950048,0.424791726,105.7579318,0.558592651,-0.637732612,-1.141677413,2.141677413,0.563333333,0.909666667,0
0.003450228,0.42467515,0.640651757,-0.6462551,-0.01105043,-1.491431251,1.286906857,0.424689165,103.7165082,0.6325859,-0.643438052,-1.017155222,2.017155222,0.7385,0.956,0
0.015265385,0.443494576,0.846349184,-0.950594359,-0.070320627,-1.406173667,1.796943543,0.443757221,77.87151201,0.833089709,-0.943966095,-1.133090572,2.133090572,0.412,0.732,1
0.017834462,0.44004767,0.829669315,-0.946695119,-0.070017815,-1.449644995,1.776364434,0.440408923,101.9541206,0.803766491,-0.923627331,-1.149123957,2.149123957,0.666,0.896,1
0.003140703,0.42466174,0.652509679,-0.653608554,-0.013113049,-1.490663636,1.306118233,0.424673353,108.3032491,0.643308938,-0.646075772,-1.004300942,2.004300942,0.802666667,1.249,0
0.003313142,0.424497998,0.646244249,-0.657350995,-0.012272111,-1.490559058,1.303595244,0.424510927,80.80808081,0.637393389,-0.645243388,-1.012315783,2.012315783,0.745,1.2655,0
0.016032797,0.440507169,0.834137092,-0.959062156,-0.052355779,-1.441336559,1.793199248,0.44079884,89.75317876,0.805102757,-0.937141088,-1.164001836,2.164001836,0.833,1.177,1
0.003353456,0.424905081,0.651230626,-0.651454805,-0.007470331,-1.492467878,1.302685431,0.424918314,89.55223881,0.64337428,-0.641552232,-0.997167981,1.997167981,0.526,1.084,0
0.016610164,0.44150699,0.813169504,-0.923280394,-0.089361762,-1.424714534,1.736449898,0.441819329,84.74576271,0.789562895,-0.922802483,-1.168751076,2.168751076,0.4945,0.836,1
0.014491557,0.442405055,0.84280896,-0.94058051,-0.073293619,-1.444680631,1.78338947,0.442642336,70.79646018,0.814647279,-0.92390029,-1.134110815,2.134110815,0.4835,0.8425,1
0.018357975,0.440869786,0.862354156,-0.915498088,-0.052496553,-1.439914165,1.777852244,0.441251836,103.626943,0.712251897,-0.90240072,-1.266968503,2.266968503,0.757666667,0.840333333,1
0.017303573,0.441331313,0.832004203,-0.922149048,-0.079279759,-1.453917831,1.754153251,0.441670399,98.03921569,0.701667249,-0.911751878,-1.299407774,2.299407774,0.696,0.827,1
0.003058893,0.424604109,0.645982032,-0.647467382,-0.014072472,-1.489613945,1.293449414,0.424615128,78.84362681,0.643598787,-0.646980805,-1.005254854,2.005254854,0.435,0.54,0
0.004021506,0.42447342,0.652554974,-0.655161854,-0.013202833,-1.493576252,1.307716828,0.42449247,89.35219657,0.639831725,-0.651539386,-1.018298031,2.018298031,0.652,1.0855,0
0.016912673,0.445897784,0.864443669,-0.919134461,-0.081934654,-1.426264867,1.78357813,0.446218413,90.36144578,0.831514097,-0.893953812,-1.075091589,2.075091589,0.7585,1.011,1
0.002919648,0.424624866,0.64555931,-0.640217971,-0.011921276,-1.492618137,1.285777281,0.424634904,108.0432173,0.632981396,-0.636844213,-1.006102575,2.006102575,0.797,1.250333333,0
0.003111252,0.424503558,0.652500405,-0.661014286,-0.012870256,-1.491566854,1.313514691,0.424514959,97.56097561,0.641772375,-0.647043907,-1.008214021,2.008214021,0.740666667,1.157,0
0.013965429,0.444709635,0.825906803,-0.926837905,-0.077712653,-1.425750247,1.752744708,0.444928863,77.72020725,0.81035572,-0.899377281,-1.109854917,2.109854917,0.53,1.0235,1
0.00492665,0.424508898,0.634432927,-0.634439916,-0.012415033,-1.495217662,1.268872843,0.424537486,70.75471698,0.631631639,-0.631835098,-1.000322117,2.000322117,0.4335,1.0915,0
0.002919361,0.425394666,0.657871785,-0.656294623,-0.014927312,-1.494542878,1.314166408,0.425404684,81.13590264,0.642345142,-0.648445826,-1.009497517,2.009497517,0.8815,1.4425,0
0.014750113,0.44228345,0.831684624,-0.925361268,-0.080713526,-1.424063709,1.757045892,0.44252934,70.79646018,0.793589795,-0.906080804,-1.141749566,2.141749566,0.474,0.7905,1
0.003567542,0.425392041,0.654794746,-0.644667954,-0.011042959,-1.492187435,1.2994627,0.425407,89.88764045,0.642583834,-0.635642309,-0.989197479,1.989197479,0.5255,1.0885,0
0.002334274,0.424116834,0.644087604,-0.64437707,-0.015904412,-1.49102032,1.288464674,0.424123258,78.68852459,0.628706783,-0.63832994,-1.015306271,2.015306271,0.327,0.902,0
0.004009506,0.42468567,0.661334529,-0.636856789,-0.013597255,-1.493997838,1.298191318,0.424704597,97.08737864,0.634828929,-0.633159437,-0.997370171,1.997370171,0.667666667,1.18,0
0.003072367,0.424298626,0.636843488,-0.646444258,-0.014864778,-1.493378507,1.283287746,0.42430975,107.8490114,0.632768117,-0.640264582,-1.011847098,2.011847098,0.795,1.196333333,0
0.010797308,0.442161791,0.880761971,-0.956573025,-0.078168334,-1.419248597,1.837334996,0.442293603,88.365243,0.831499956,-0.933834314,-1.123071995,2.123071995,0.4955,0.74,1
0.016544196,0.443520367,0.854500543,-0.925724849,-0.075591096,-1.415035016,1.780225392,0.443828826,78.53403141,0.844746865,-0.911826453,-1.079407916,2.079407916,0.493,0.732,1
0.013384155,0.442901053,0.876346963,-0.951865928,-0.072159828,-1.420883601,1.828212891,0.443103236,71.38607971,0.84909099,-0.924289583,-1.088563645,2.088563645,0.416,0.852,1
0.002884283,0.425299436,0.645194707,-0.639907099,-0.008364449,-1.4948437,1.285101806,0.425309216,89.41877794,0.644649046,-0.632970034,-0.981883148,1.981883148,0.657,1.205,0
0.015219535,0.441176686,0.844772312,-0.926995659,-0.057002219,-1.437095186,1.771767971,0.441439127,78.17589577,0.829661512,-0.905492141,-1.091399477,2.091399477,0.827,1.26,1
0.003372132,0.425631178,0.642562653,-0.640754296,-0.010941645,-1.493001102,1.283316949,0.425644536,89.55223881,0.640204592,-0.634398902,-0.990931508,1.990931508,0.7435,1.0875,0
0.003052617,0.424809862,0.654541583,-0.650386996,-0.012050891,-1.491801811,1.304928579,0.42482083,97.03504043,0.640820583,-0.638055768,-0.995685509,1.995685509,0.665333333,1.072,0
0.003024994,0.424305735,0.653400008,-0.653924232,-0.01010412,-1.493115924,1.30732424,0.424316518,108.6956522,0.638804451,-0.64032429,-1.002379193,2.002379193,0.802333333,0.974333333,0
0.015703267,0.442465159,0.828732882,-0.928519109,-0.070474524,-1.437991727,1.757251991,0.442743729,89.82035928,0.819377619,-0.926073941,-1.130216299,2.130216299,0.7145,1.074,1
0.014747606,0.440365749,0.843301839,-0.908450059,-0.082561068,-1.430877484,1.751751898,0.440612624,87.1459695,0.811555328,-0.904547197,-1.114584755,2.114584755,0.558,1.1255,1
0.016139002,0.44323228,0.816717164,-0.92963815,-0.088464016,-1.433103773,1.746355314,0.44352601,86.76789588,0.791821574,-0.911530275,-1.151181409,2.151181409,0.492,1.0165,1
0.00242731,0.424444788,0.651141337,-0.644899066,-0.012280451,-1.493372896,1.296040403,0.424451729,89.28571429,0.637976182,-0.644123632,-1.009635861,2.009635861,0.6525,0.9575,0
0.003810201,0.424609312,0.651458971,-0.645189231,-0.00960032,-1.492808017,1.296648202,0.424626407,103.5375324,0.644289011,-0.640339009,-0.993869208,1.993869208,0.7485,1.073,0
0.015350604,0.440218423,0.828395047,-0.916417143,-0.054403346,-1.437346051,1.74481219,0.440485982,77.7705768,0.781282833,-0.908377595,-1.162674458,2.162674458,0.8295,1.232,1
0.01580935,0.442342212,0.815447258,-0.905257666,-0.068002716,-1.430965202,1.720704924,0.442624636,79.57559682,0.810112316,-0.899975581,-1.11092692,2.11092692,0.6185,0.8365,1
0.015014822,0.442738414,0.834345488,-0.946455656,-0.075377245,-1.433079266,1.780801144,0.442992943,77.41935484,0.815549952,-0.928064833,-1.137961973,2.137961973,0.4865,0.5575,1
0.00300006,0.424612136,0.654585579,-0.661608499,-0.010796967,-1.489465755,1.316194078,0.424622734,97.4025974,0.636182442,-0.651156666,-1.023537626,2.023537626,0.666666667,1.009333333,0
0.018424621,0.436464016,0.837787491,-0.932558187,-0.057454157,-1.472271092,1.770345678,0.436852726,72.90400972,0.811708774,-0.877638622,-1.081223525,2.081223525,0.624,0.862,1
0.016309734,0.441865468,0.832201515,-0.909262995,-0.067708436,-1.424544395,1.74146451,0.442166371,72.02881152,0.805314405,-0.908598584,-1.128253236,2.128253236,0.491,0.892,1
0.003217938,0.424227121,0.660676935,-0.646434526,-0.013895328,-1.490762095,1.307111461,0.424239326,97.56097561,0.639944108,-0.637176431,-0.995675128,1.995675128,0.666666667,0.97,0
0.003143581,0.424431775,0.642534798,-0.650968478,-0.013238839,-1.49377593,1.293503276,0.424443416,78.58546169,0.635021647,-0.637501016,-1.003904384,2.003904384,0.327,0.905,0
0.0157622,0.444743216,0.830838569,-0.924704479,-0.072439823,-1.430210773,1.755543048,0.445022443,78.07417046,0.79625974,-0.897880277,-1.127622348,2.127622348,0.41,1.006,1
0.01653387,0.440122224,0.841822765,-0.921831505,-0.068182859,-1.448662522,1.76365427,0.440432675,77.56948933,0.798362013,-0.896375235,-1.122767893,2.122767893,0.4825,0.7645,1
0.002602127,0.424731748,0.649355577,-0.673732143,-0.01483104,-1.49474314,1.32308772,0.424739719,89.15304606,0.643955859,-0.635821521,-0.987368173,1.987368173,0.524,0.8225,0
0.003798375,0.425548769,0.64174302,-0.644629271,-0.013527347,-1.488114268,1.286372291,0.42556572,97.87928222,0.638173488,-0.637150368,-0.998396799,1.998396799,0.667,0.96,0
0.003470679,0.423814291,0.636808919,-0.637314745,-0.013928454,-1.490991935,1.274123664,0.423828502,79.15567282,0.632259347,-0.635599401,-1.005282729,2.005282729,0.654,1.0905,0
0.003411632,0.424374051,0.663259672,-0.639527277,-0.014395633,-1.493315871,1.302786949,0.424387764,103.7165082,0.639795046,-0.638619038,-0.998161898,1.998161898,0.7465,0.9675,0
0.002422718,0.424858778,0.645179502,-0.648996541,-0.012433471,-1.491053173,1.294176043,0.424865686,79.0513834,0.638630413,-0.644670209,-1.009457419,2.009457419,0.655,1.2035,0
0.016322869,0.441637998,0.866515863,-0.934444695,-0.065895069,-1.42196319,1.800960558,0.44193954,78.58546169,0.826568926,-0.911097433,-1.102264317,2.102264317,0.492,0.735,1
0.015163205,0.439730926,0.843202797,-0.917326715,-0.06018748,-1.440762842,1.760529512,0.439992284,102.915952,0.817084337,-0.881887118,-1.079309783,2.079309783,0.7225,0.897,1
0.003627912,0.423788917,0.663306865,-0.665411948,-0.012820219,-1.4941512,1.328718813,0.423804445,80.75370121,0.639600749,-0.647872827,-1.01293319,2.01293319,0.881,1.204,0
0.003744895,0.425001501,0.644451007,-0.645923967,-0.013844496,-1.492988931,1.290374974,0.425018,77.97270955,0.636842235,-0.638053251,-1.001901594,2.001901594,0.3215,0.602,0
0.00344763,0.4249208,0.641601692,-0.665304931,-0.013012717,-1.490637332,1.306906623,0.424934786,97.4025974,0.630706523,-0.649608226,-1.029969094,2.029969094,0.670333333,1.007333333,0
0.003139179,0.425368909,0.661839583,-0.653772349,-0.012833635,-1.491726853,1.315611932,0.425380492,108.8270859,0.639466962,-0.643744819,-1.006689723,2.006689723,0.801666667,1.090666667,0
0.003681358,0.424657286,0.653038899,-0.651668734,-0.014409497,-1.490038385,1.304707633,0.424673243,106.0070671,0.605215479,-0.641752245,-1.060369848,2.060369848,0.583333333,0.848666667,0
0.014954749,0.437093684,0.814501273,-0.934835393,-0.071822978,-1.429619242,1.749336666,0.437349441,88.04108584,0.795314619,-0.917871346,-1.154098421,2.154098421,0.5755,0.847,1
0.014372971,0.439549469,0.829344416,-0.917583471,-0.064114752,-1.444135806,1.746927887,0.439784399,78.48266841,0.811167342,-0.899674502,-1.109110853,2.109110853,0.617,0.745,1
0.016530985,0.441134745,0.833644888,-0.906403515,-0.060466252,-1.449402602,1.740048403,0.441444376,79.0513834,0.804480332,-0.898573028,-1.11696084,2.11696084,0.4135,0.743,1
0.014055115,0.44361368,0.828014639,-0.916919329,-0.068991602,-1.444520106,1.744933968,0.44383628,88.49557522,0.796220905,-0.88880149,-1.116275,2.116275,0.499,0.883,1
0.016355171,0.444642898,0.834191242,-0.919001999,-0.058596239,-1.445341636,1.753193241,0.44494359,88.823094,0.803703962,-0.897126267,-1.116239697,2.116239697,0.759,1.0175,1
0.018410502,0.441081873,0.836500572,-1.008990443,-0.071448467,-1.420329943,1.845491015,0.441465927,87.27272727,0.824645671,-0.952732519,-1.155323495,2.155323495,0.499,0.739,1
0.004047527,0.424680113,0.648551268,-0.651404358,-0.015119511,-1.491849908,1.299955626,0.4246994,97.13977334,0.633200233,-0.641206092,-1.012643487,2.012643487,0.666333333,1.064333333,0
0.015546666,0.440793527,0.822469717,-0.9297761,-0.061344704,-1.452558963,1.752245817,0.441067605,91.53318078,0.799428066,-0.919813208,-1.150589085,2.150589085,0.7205,0.8595,1
0.002919979,0.424688155,0.642686351,-0.639707357,-0.011622749,-1.492220095,1.282393708,0.424698193,108.4990958,0.632023083,-0.632714189,-1.001093484,2.001093484,0.803,1.193333333,0
0.019046802,0.440659187,0.845881727,-0.945214662,-0.06953627,-1.437853077,1.791096389,0.441070629,104.2873696,0.508652865,-0.824930344,-1.621794351,2.621794351,0.861333333,1.216666667,1
0.002293993,0.424585171,0.654969624,-0.660423502,-0.014707682,-1.491860452,1.315393126,0.424591368,80.80808081,0.642258749,-0.649305909,-1.010972462,2.010972462,0.7425,0.963,0
0.014742021,0.441544607,0.848562977,-0.926355977,-0.087481527,-1.416036618,1.774918954,0.441790637,87.91208791,0.817354246,-0.900464736,-1.101682338,2.101682338,0.5715,0.9975,1
0.003444142,0.425125319,0.642531212,-0.661728847,-0.014780351,-1.489831795,1.304260059,0.42513927,108.6300543,0.63884255,-0.646573472,-1.012101452,2.012101452,0.803,1.129,0
0.017749147,0.440472775,0.824605165,-0.90629634,-0.042857683,-1.460906651,1.730901505,0.440830237,82.81573499,0.795326632,-0.895693833,-1.126196202,2.126196202,0.6715,0.9225,1
0.004204334,0.425055342,0.670417564,-0.654255361,-0.013571126,-1.492340167,1.324672925,0.425076135,80.97165992,0.6443717,-0.646741999,-1.003678465,2.003678465,0.7415,1.3795,0
0.004113888,0.424365336,0.653197407,-0.661670724,-0.015833136,-1.492933857,1.314868131,0.424385276,97.13977334,0.644486764,-0.645362862,-1.001359373,2.001359373,0.669,0.944666667,0
0.015696617,0.44387797,0.840274614,-0.931369771,-0.075150233,-1.431879778,1.771644385,0.444155419,77.7705768,0.820394772,-0.921347426,-1.123053751,2.123053751,0.413,0.78,1
0.003186217,0.424725332,0.655545595,-0.655768358,-0.012040428,-1.491568544,1.311313953,0.424737283,97.13977334,0.641506241,-0.645480435,-1.006195098,2.006195098,0.735666667,0.849,0
0.002754494,0.425027286,0.647517919,-0.653555934,-0.014397775,-1.492138805,1.301073853,0.425036212,105.8823529,0.585989862,-0.638112308,-1.088947692,2.088947692,0.586,0.972666667,0
0.016706061,0.437547898,0.842678613,-0.924061905,-0.054809522,-1.457257659,1.766740518,0.43786671,87.91208791,0.813215659,-0.922876913,-1.13484892,2.13484892,0.6225,1.1235,1
0.004366116,0.424641321,0.65036377,-0.631967131,-0.011971533,-1.490464212,1.282330901,0.424663766,97.45533297,0.636698362,-0.630425767,-0.990148248,1.990148248,0.738666667,1.123,0
0.003456786,0.42511846,0.648154994,-0.641715656,-0.015986803,-1.49408016,1.28987065,0.425132514,70.42253521,0.643261169,-0.636778655,-0.989922422,1.989922422,0.4285,1.085,0
0.014638146,0.43848338,0.825246822,-0.916688539,-0.048113921,-1.444319167,1.741935361,0.438727649,71.89934092,0.803085466,-0.903059998,-1.124488035,2.124488035,0.4875,0.8065,1
0.015195652,0.441705253,0.857386395,-0.948409778,-0.067554566,-1.43148138,1.805796173,0.441966558,76.92307692,0.819547036,-0.938719833,-1.145413005,2.145413005,0.4785,0.653,1
0.003358735,0.425281464,0.643427075,-0.662916486,-0.01176525,-1.494895004,1.306343561,0.425294727,70.58823529,0.641032478,-0.655477879,-1.022534586,2.022534586,0.427,1.084,0
0.017291979,0.44206814,0.807903505,-0.913724917,-0.074935256,-1.455796383,1.721628422,0.442406208,104.4386423,0.743643465,-0.893898733,-1.202052831,2.202052831,0.729,0.9935,1
0.016750583,0.442449311,0.833486466,-0.924267465,-0.071683845,-1.420714432,1.757753931,0.442766276,91.53318078,0.826328258,-0.888333759,-1.075037372,2.075037372,0.724,1.007,1
0.003168741,0.424953995,0.644412056,-0.645043063,-0.013987558,-1.493909515,1.289455119,0.424965809,97.45533297,0.634506588,-0.64215076,-1.012047428,2.012047428,0.739333333,1.069333333,0
0.016592521,0.437185476,0.818912027,-0.916264757,-0.054993362,-1.459607888,1.735176784,0.437500231,101.5228426,0.798132471,-0.884939352,-1.108762498,2.108762498,0.7195,1.0715,1
0.014868185,0.44096887,0.833768504,-0.917634194,-0.074481478,-1.426424461,1.751402698,0.441219454,88.88888889,0.804510452,-0.911276625,-1.132709491,2.132709491,0.494,0.998,1
0.016201767,0.440058826,0.843298204,-0.940062389,-0.049502982,-1.443212443,1.783360593,0.440356978,90.97801365,0.826504483,-0.893291145,-1.08080617,2.08080617,0.676,1.0075,1
0.014311587,0.443801435,0.879540688,-0.950064693,-0.046702531,-1.435035069,1.829605381,0.444032133,90.42954032,0.853792733,-0.915146819,-1.071860632,2.071860632,0.768,1.2295,1
0.012839792,0.440853608,0.847866925,-0.932328767,-0.075043949,-1.425077889,1.780195692,0.441040547,90.15777611,0.820053529,-0.932042424,-1.136562909,2.136562909,0.7675,1.012,1
0.003464934,0.424938356,0.652116833,-0.649644915,-0.014048439,-1.493795328,1.301761748,0.424952482,72.42003621,0.649366994,-0.649484603,-1.000181114,2.000181114,0.655,1.0875,0
0.014594038,0.444580322,0.858736745,-0.942280519,-0.068144382,-1.417743326,1.801017264,0.444819793,78.17589577,0.822948213,-0.92638115,-1.125685839,2.125685839,0.4095,0.794,1
0.021650652,0.444200562,0.851080193,-0.940216698,-0.076052883,-1.437009405,1.791296891,0.444727883,91.74311927,0.827808637,-0.874607558,-1.056533501,2.056533501,0.7695,1.1035,1
0.018496214,0.442548627,0.817532605,-0.92743667,-0.082726412,-1.43944832,1.744969275,0.44293498,88.95478132,0.806482373,-0.916877653,-1.136884926,2.136884926,0.5705,0.839,1
0.015705849,0.43942657,0.846060432,-0.919075083,-0.055026262,-1.440909664,1.765135515,0.439707157,117.8781925,0.700086713,-0.872572331,-1.246377507,2.246377507,0.728333333,0.97,1
0.002985001,0.424516477,0.655718606,-0.6462561,-0.012756802,-1.489040215,1.301974706,0.424526972,78.17589577,0.63919796,-0.64016507,-1.001513006,2.001513006,0.326,0.6795,0
0.014461608,0.438451522,0.832617932,-0.948277465,-0.048738986,-1.429601259,1.780895397,0.438689953,103.626943,0.557573054,-0.936178077,-1.67902317,2.67902317,0.854666667,1.283333333,1
0.003538782,0.425061929,0.647616812,-0.656384762,-0.012481978,-1.491547015,1.304001574,0.42507666,97.66684753,0.512201238,-0.642104741,-1.253618097,2.253618097,0.557333333,0.881,0
0.017191228,0.440008949,0.811446371,-0.94208498,-0.068654414,-1.441389688,1.753531351,0.440344653,72.20216606,0.804248144,-0.90956819,-1.130954665,2.130954665,0.668,1.0175,1
0.018676861,0.440558723,0.841847754,-0.906917964,-0.061477633,-1.443216389,1.748765718,0.440954435,71.13218731,0.814044077,-0.901612591,-1.107572202,2.107572202,0.417,1.0045,1
0.00272296,0.423979802,0.650286509,-0.644681191,-0.011531715,-1.491799069,1.2949677,0.423988546,70.33997655,0.643086254,-0.639989426,-0.995184428,1.995184428,0.4285,0.8105,0
0.003759348,0.424809126,0.637220247,-0.644768389,-0.015866703,-1.493524505,1.281988636,0.42482576,78.63695937,0.635536912,-0.637742737,-1.003470806,2.003470806,0.3265,0.628,0
0.003707221,0.424641785,0.650729217,-0.643855945,-0.011715237,-1.494827585,1.294585162,0.424657967,108.6956522,0.635208072,-0.631139853,-0.993595456,1.993595456,0.798666667,1.198333333,0
0.003081474,0.42485219,0.644400237,-0.657369066,-0.011429486,-1.49210198,1.301769303,0.424863365,80.97165992,0.637321387,-0.648483996,-1.017514881,2.017514881,0.74,1.2985,0
0.018476274,0.434706654,0.838045365,-0.950659755,-0.060073196,-1.449084573,1.78870512,0.435099124,90.09009009,0.807082022,-0.937809583,-1.161975557,2.161975557,0.7215,0.9915,1
0.003882016,0.424251682,0.649405501,-0.65058203,-0.012568205,-1.490471661,1.299987531,0.424269443,89.02077151,0.639643102,-0.637814925,-0.99714188,1.99714188,0.6585,0.7715,0
0.002773387,0.424193134,0.655996268,-0.64547967,-0.010955914,-1.48866354,1.301475938,0.4242022,103.3591731,0.642476832,-0.638561528,-0.993905921,1.993905921,0.746,1.0685,0
0.017372608,0.441688871,0.859884485,-0.935457921,-0.064396222,-1.435181562,1.795342406,0.442030391,78.22685789,0.832215594,-0.91587997,-1.100532093,2.100532093,0.5425,0.657,1
0.002641611,0.424766716,0.655134287,-0.657927146,-0.013842805,-1.493093189,1.313061433,0.42477493,89.08685969,0.64300654,-0.652715193,-1.015098841,2.015098841,0.5215,1.086,0
0.016379382,0.444236524,0.820084693,-0.945695869,-0.08995587,-1.4262312,1.765780562,0.444538382,109.6224117,0.6514554,-0.911250605,-1.398792005,2.398792005,0.759333333,1.106333333,1
0.004232839,0.425020948,0.650270963,-0.656497111,-0.016528752,-1.491808557,1.306768074,0.425042025,97.56097561,0.644740193,-0.646052284,-1.002035069,2.002035069,0.736666667,1.037666667,0
0.013675099,0.442214852,0.830377222,-0.91751195,-0.085235638,-1.409486084,1.747889172,0.442426247,95.33898305,0.72756923,-0.9050309,-1.243910356,2.243910356,0.69,0.957,1
0.002942846,0.42430474,0.661921719,-0.669108057,-0.012716047,-1.494413439,1.331029776,0.424314945,103.0927835,0.645047871,-0.645134462,-1.00013424,2.00013424,0.741,0.857,0
0.002922096,0.424533768,0.649570293,-0.639901068,-0.011625795,-1.493317631,1.289471361,0.424543824,97.2972973,0.52755175,-0.634314246,-1.202373503,2.202373503,0.559,0.762,0
0.017202385,0.440770023,0.848528066,-0.921269513,-0.088473822,-1.430507147,1.769797579,0.441105583,71.94244604,0.822561166,-0.913225285,-1.110221735,2.110221735,0.412,0.559,1
0.002671898,0.425528015,0.638116634,-0.642629691,-0.014120694,-1.492486391,1.280746325,0.425536403,108.2381239,0.632890409,-0.639317903,-1.010155779,2.010155779,0.798666667,1.037666667,0
0.003949591,0.42469165,0.653550268,-0.644251082,-0.012797375,-1.495396371,1.29780135,0.424710015,97.13977334,0.635801941,-0.640058021,-1.006694034,2.006694034,0.737333333,1.1,0
0.013364727,0.440836085,0.854226323,-0.952393614,-0.067429551,-1.437629033,1.806619937,0.441038626,102.739726,0.809263276,-0.933015311,-1.152919375,2.152919375,0.668,0.8945,1
0.015309536,0.441854413,0.843895431,-0.908644789,-0.071327666,-1.421245217,1.75254022,0.442119559,78.68852459,0.828799475,-0.897143054,-1.082460934,2.082460934,0.7235,1.231,1
0.003048609,0.424398883,0.650363754,-0.652977428,-0.012867593,-1.488961319,1.303341182,0.424409832,106.0070671,0.59993257,-0.642476624,-1.070914726,2.070914726,0.583,0.970666667,0
0.002356952,0.424521833,0.641615195,-0.649769352,-0.009441801,-1.492234665,1.291384547,0.424528376,105.4481547,0.581747347,-0.637267681,-1.095437194,2.095437194,0.587,0.742333333,0
0.003920807,0.424813307,0.63898677,-0.644659999,-0.013499682,-1.496127642,1.283646769,0.4248314,105.7579318,0.551815466,-0.635797714,-1.152192631,2.152192631,0.563666667,0.849333333,0
0.016263588,0.437787768,0.815217645,-0.916042541,-0.077227392,-1.44695094,1.731260186,0.438089755,91.67303285,0.809567207,-0.880531275,-1.087656796,2.087656796,0.772,0.888,1
0.003810454,0.424513075,0.656892997,-0.650279001,-0.013686171,-1.494492747,1.307171998,0.424530176,70.33997655,0.64383435,-0.645012291,-1.001829571,2.001829571,0.427,0.7645,0
0.017857419,0.438395302,0.864350059,-0.946911264,-0.065870212,-1.432593348,1.811261323,0.438758849,83.27550312,0.809934217,-0.943878608,-1.165376876,2.165376876,0.7315,0.894,1
0.015025741,0.439708111,0.823909158,-0.935224406,-0.06676229,-1.45234418,1.759133564,0.439964766,87.5273523,0.793724493,-0.926455352,-1.167225353,2.167225353,0.5045,0.855,1
0.014209415,0.440586982,0.882678365,-0.946468411,-0.08056884,-1.417713442,1.829146776,0.440816057,98.95547004,0.684527266,-0.924459841,-1.350508427,2.350508427,0.673666667,1.137333333,1
0.004437632,0.423453216,0.642777821,-0.639149303,-0.014171016,-1.495131147,1.281927124,0.423476468,97.45533297,0.630947817,-0.633415703,-1.003911394,2.003911394,0.665,1.057333333,0
0.003698154,0.424342556,0.65280544,-0.652491333,-0.014198274,-1.496978898,1.305296773,0.424358671,102.739726,0.637898487,-0.641835385,-1.006171669,2.006171669,0.739,0.862,0
0.003855438,0.42457006,0.668705585,-0.658354912,-0.015874291,-1.492485474,1.327060497,0.424587565,97.4025974,0.638537478,-0.648543063,-1.015669535,2.015669535,0.668,1.003,0
0.003251602,0.425437102,0.64005156,-0.653422325,-0.012900628,-1.49476708,1.293473885,0.425449528,89.41877794,0.630859405,-0.632010255,-1.001824257,2.001824257,0.744,1.0725,0
0.015438909,0.441289217,0.850035597,-0.9382356,-0.060030021,-1.414608285,1.788271197,0.441559207,90.63444109,0.831344318,-0.930068606,-1.118752588,2.118752588,0.718,0.8955,1
0.003000179,0.424763746,0.658596153,-0.649916135,-0.011838393,-1.491617275,1.308512288,0.424774342,108.4990958,0.640623572,-0.644026904,-1.00531253,2.00531253,0.798,1.032333333,0
0.014751105,0.439976509,0.847016493,-0.928579272,-0.045963664,-1.466253701,1.775595765,0.44022372,86.02150538,0.811112279,-0.913326169,-1.126016943,2.126016943,0.5645,0.738,1
0.002811156,0.424248923,0.652702985,-0.653454631,-0.011725864,-1.493623942,1.306157616,0.424258237,89.41877794,0.638394105,-0.635215629,-0.995021138,1.995021138,0.5225,0.628,0
0.013706047,0.43979139,0.831918285,-0.927010147,-0.071449942,-1.430072562,1.758928432,0.440004911,83.16008316,0.818978671,-0.908547391,-1.109366365,2.109366365,0.835,1.027,1
0.00321434,0.423554865,0.631874145,-0.643829509,-0.008793948,-1.493924172,1.275703654,0.423567061,89.41877794,0.627686501,-0.633601814,-1.009423992,2.009423992,0.522,0.9605,0
0.015504894,0.441378949,0.824313119,-0.94772755,-0.061390777,-1.438192432,1.772040669,0.441651195,89.41877794,0.809042208,-0.947295694,-1.170885381,2.170885381,0.6675,0.8535,1
0.017262712,0.439954841,0.815937872,-0.921271054,-0.066339285,-1.43749968,1.737208926,0.440293383,93.09542281,0.790696653,-0.918850546,-1.162077191,2.162077191,0.7715,0.996,1
0.01885727,0.443079942,0.840685199,-0.931912788,-0.068066379,-1.418201554,1.772597987,0.443481039,102.6518392,0.818695336,-0.912969251,-1.1151514,2.1151514,0.6615,0.9655,1
0.016413243,0.440909194,0.848594568,-0.935738817,-0.063980176,-1.444356592,1.784333385,0.441214587,102.739726,0.817673852,-0.914529275,-1.118452392,2.118452392,0.716,0.8925,1
0.004516907,0.424613646,0.636405285,-0.649585064,-0.01603027,-1.493783888,1.285990349,0.42463767,78.63695937,0.634324127,-0.641019283,-1.010554787,2.010554787,0.431,0.722,0
0.003012336,0.425381879,0.639872681,-0.654139102,-0.009962718,-1.493127064,1.294011783,0.425392545,97.08737864,0.629162501,-0.651775352,-1.035941194,2.035941194,0.736666667,1.155666667,0
0.003239882,0.424945737,0.674228174,-0.654591355,-0.012266005,-1.490049924,1.328819529,0.424958088,72.02881152,0.652198695,-0.649811719,-0.996340109,1.996340109,0.6485,0.954,0
0.014969655,0.441097871,0.825363065,-0.923898456,-0.048923841,-1.448525264,1.749261521,0.441351812,78.32898172,0.807202487,-0.875243667,-1.08429258,2.08429258,0.6185,0.8295,1
0.002855879,0.424771921,0.652661946,-0.653023441,-0.011370458,-1.492173718,1.305685387,0.424781522,108.1081081,0.637352968,-0.64408379,-1.010560588,2.010560588,0.799,0.910333333,0
0.013834057,0.442488058,0.825031915,-0.90489869,-0.056941208,-1.420038138,1.729930605,0.442704261,87.33624454,0.812288921,-0.902053243,-1.110507874,2.110507874,0.563,1.1325,1
0.002954896,0.425614868,0.664147523,-0.656217842,-0.010426059,-1.493284984,1.320365365,0.425625125,70.54673721,0.650228379,-0.645311398,-0.992438069,1.992438069,0.4305,0.7685,0
0.002627569,0.424416101,0.641115076,-0.639792088,-0.012980307,-1.488159435,1.280907164,0.424424235,78.22685789,0.628519617,-0.637210151,-1.013826988,2.013826988,0.4265,0.811,0
0.003410061,0.42418229,0.664223355,-0.650807463,-0.012991934,-1.493296687,1.315030818,0.424195996,70.42253521,0.654160433,-0.647620652,-0.990002786,1.990002786,0.434,0.8575,0
0.003203676,0.424881682,0.648861253,-0.649851435,-0.017059314,-1.492861906,1.298712688,0.42489376,89.41877794,0.64439511,-0.636785245,-0.988190684,1.988190684,0.7415,0.991,0
0.018128827,0.441383371,0.823717487,-0.957568226,-0.076987229,-1.43735597,1.781285713,0.441755514,107.9784043,0.716082542,-0.908460529,-1.268653368,2.268653368,0.73,1.062666667,1
0.004420096,0.424174043,0.655057663,-0.646465595,-0.010011727,-1.488656253,1.301523258,0.424197072,79.10349374,0.647124233,-0.642502933,-0.992858713,1.992858713,0.5245,0.7225,0
0.003605965,0.424433873,0.652967945,-0.654258905,-0.009030583,-1.493513414,1.30722685,0.424449191,89.48545861,0.639287178,-0.638623335,-0.998961588,1.998961588,0.6535,1.207,0
0.014938929,0.441793306,0.855074125,-0.943183106,-0.077217365,-1.428636057,1.798257231,0.442045808,77.97270955,0.826661618,-0.889758367,-1.076327178,2.076327178,0.7675,1.1185,1
0.013313992,0.441015078,0.854420976,-0.915109948,-0.087675629,-1.414315691,1.769530924,0.441216003,104.5296167,0.647980885,-0.909658922,-1.403836044,2.403836044,0.761666667,1.176666667,1
0.004310458,0.424902322,0.643457295,-0.639340799,-0.008888376,-1.491795444,1.282798094,0.424924186,97.19222462,0.521989649,-0.634475703,-1.215494798,2.215494798,0.559666667,0.915,0
0.01691213,0.439296828,0.843494651,-0.918542255,-0.086417695,-1.433901046,1.762036906,0.439622251,89.41877794,0.817478277,-0.891482581,-1.090527547,2.090527547,0.66,0.99,1
0.002916059,0.425057153,0.634102929,-0.648638431,-0.0106254,-1.493239712,1.28274136,0.425067156,117.7240026,0.558787231,-0.643712771,-1.151981891,2.151981891,0.565,0.772333333,0
0.003182416,0.42473387,0.655057768,-0.641591733,-0.015046226,-1.490247183,1.296649501,0.424745793,118.1877873,0.507032659,-0.63138466,-1.245254421,2.245254421,0.555666667,0.774,0
0.003616863,0.424904222,0.650008333,-0.646666512,-0.013913056,-1.492876529,1.296674845,0.424919616,108.3684527,0.639721832,-0.644195913,-1.006993791,2.006993791,0.8,1.092,0
0.002723321,0.425008551,0.63865765,-0.648107814,-0.014000625,-1.492390375,1.286765464,0.425017276,81.24576845,0.638188371,-0.644749103,-1.010280242,2.010280242,0.8835,1.083,0
0.016183512,0.44122041,0.823469777,-0.922649677,-0.071098839,-1.443327283,1.746119454,0.441517108,87.1459695,0.804194875,-0.917430783,-1.140806552,2.140806552,0.4905,0.7375,1
0.016826957,0.442325053,0.863528366,-0.911175999,-0.050108177,-1.461704281,1.774704365,0.442645003,69.40427993,0.8257323,-0.908823607,-1.100627415,2.100627415,0.671,0.987,1
0.003345705,0.424879431,0.644420608,-0.642494031,-0.009287074,-1.492016934,1.286914639,0.424892604,78.58546169,0.630635969,-0.642018363,-1.018049071,2.018049071,0.324,0.8125,0
0.014382685,0.4435722,0.831629625,-0.928153312,-0.060927971,-1.435355469,1.759782937,0.443805316,82.81573499,0.809451171,-0.904836374,-1.117839353,2.117839353,0.7675,1.0185,1
0.003666167,0.42499158,0.653988438,-0.640537209,-0.011168554,-1.491182529,1.294525647,0.425007393,106.1320755,0.554199336,-0.637467018,-1.150248614,2.150248614,0.563666667,0.687,0
0.0151556,0.440661156,0.798892605,-0.934189018,-0.076348393,-1.434762225,1.733081623,0.440921701,102.5641026,0.778110898,-0.886610276,-1.139439479,2.139439479,0.7205,1.0035,1
0.013070617,0.441725208,0.838766901,-0.910672667,-0.067642411,-1.439078579,1.749439568,0.441918545,86.51766402,0.788324377,-0.906855948,-1.15035888,2.15035888,0.5075,0.719,1
0.015580011,0.440577488,0.835461314,-0.948214702,-0.046375268,-1.438230317,1.783676016,0.440852878,89.55223881,0.803382312,-0.875227101,-1.089427896,2.089427896,0.832,1.2525,1
0.015959221,0.439696431,0.843694643,-0.923365954,-0.057330787,-1.441422292,1.767060597,0.439985964,87.91208791,0.82551446,-0.916454942,-1.110162193,2.110162193,0.573,0.6415,1
0.003192898,0.423560277,0.661823513,-0.631456481,-0.012343052,-1.492132239,1.293279994,0.423572312,72.11538462,0.644917025,-0.628354832,-0.974318877,1.974318877,0.651,1.0765,0
0.003334605,0.42503639,0.638981036,-0.640350422,-0.012467236,-1.498819264,1.279331458,0.425049471,79.41760424,0.632468242,-0.636755812,-1.006779106,2.006779106,0.661,1.0705,0
0.002979444,0.424474433,0.646273764,-0.663265588,-0.011354775,-1.493542716,1.309539352,0.424484889,108.6956522,0.639579356,-0.643193036,-1.005650089,2.005650089,0.803666667,1.088333333,0
0.003934557,0.42495631,0.644557664,-0.662333681,-0.00997705,-1.49010091,1.306891345,0.424974524,107.9136691,0.631977479,-0.655727894,-1.037581109,2.037581109,0.795,1.005333333,0
0.01575491,0.439851716,0.856630614,-0.917795776,-0.065305551,-1.447322982,1.77442639,0.440133785,82.13552361,0.845064286,-0.909645966,-1.076422209,2.076422209,0.767,1.3425,1
0.01481173,0.442800018,0.807149763,-0.978940468,-0.091563096,-1.412132329,1.786090231,0.443047676,85.83690987,0.801618925,-0.930150613,-1.160340137,2.160340137,0.506,0.579,1
0.003264308,0.425758923,0.650246963,-0.651561466,-0.009907019,-1.493953439,1.301808429,0.425771436,97.77294948,0.636969905,-0.645255303,-1.013007518,2.013007518,0.668,1.060666667,0
0.004168354,0.42500522,0.655105423,-0.662220837,-0.010519393,-1.491789756,1.31732626,0.42502566,97.08737864,0.639190321,-0.644717567,-1.008647262,2.008647262,0.736333333,1.039666667,0
0.003740063,0.424712465,0.646103991,-0.642699886,-0.009195798,-1.490361144,1.288803877,0.424728932,70.46388726,0.64008003,-0.634370332,-0.991079712,1.991079712,0.4295,1.088,0
0.014218713,0.44039048,0.857188957,-0.938700624,-0.058794148,-1.427136983,1.795889581,0.440619957,94.53781513,0.679377261,-0.928657599,-1.366924759,2.366924759,0.702666667,1.061666667,1
0.01676573,0.444687643,0.818418252,-0.926105477,-0.08329174,-1.439919518,1.744523729,0.445003583,78.125,0.810356568,-0.921009345,-1.136548257,2.136548257,0.827,0.986,1
0.003375795,0.424688775,0.657759694,-0.632903365,-0.012720592,-1.493140979,1.290663059,0.424702192,89.82035928,0.649868834,-0.624420202,-0.960840357,1.960840357,0.7395,1.207,0
0.003494674,0.424082392,0.647522483,-0.63658172,-0.013623553,-1.492328443,1.284104203,0.424096791,103.7165082,0.639346418,-0.6291213,-0.984006921,1.984006921,0.743,0.9885,0
0.00329254,0.424895403,0.657300965,-0.635335927,-0.00893433,-1.49546385,1.292636892,0.42490816,103.3591731,0.634044947,-0.63314371,-0.998578592,1.998578592,0.742,0.8635,0
0.016269848,0.440671641,0.850412585,-0.933235459,-0.062044502,-1.441817259,1.783648044,0.440971885,77.92207792,0.831568957,-0.919577031,-1.105833765,2.105833765,0.533,0.6855,1
0.003496918,0.423465768,0.644995627,-0.636011844,-0.011789636,-1.49361428,1.281007471,0.423480206,97.2972973,0.637680852,-0.63410938,-0.994399281,1.994399281,0.664,1.061666667,0
0.003302709,0.425188151,0.640514689,-0.644571767,-0.008442719,-1.488977364,1.285086456,0.425200977,90.02250563,0.637966209,-0.638250636,-1.000445834,2.000445834,0.7445,1.086,0
0.014770721,0.442084805,0.84166181,-0.892096539,-0.059382881,-1.456477618,1.733758349,0.442331492,102.0408163,0.819125309,-0.879244292,-1.073394122,2.073394122,0.662,0.8555,1
0.003320023,0.424396462,0.642468939,-0.640976748,-0.012582477,-1.490608087,1.283445687,0.424409448,72.50755287,0.640577558,-0.635646186,-0.992301678,1.992301678,0.6515,1.076,0
0.014087745,0.439771661,0.851059173,-0.926143385,-0.073314487,-1.417161303,1.777202558,0.439997248,77.66990291,0.799618878,-0.884039044,-1.105575504,2.105575504,0.8205,1.401,1
0.002917313,0.424626472,0.652490471,-0.648209366,-0.012781766,-1.493787671,1.300699837,0.424636493,70.33997655,0.645677969,-0.639120954,-0.989844758,1.989844758,0.4305,0.54,0
0.002939195,0.424271296,0.640884058,-0.636778845,-0.016917362,-1.492267941,1.277662903,0.424281476,118.0327869,0.497674343,-0.631263994,-1.268427843,2.268427843,0.558666667,0.749333333,0
0.015473239,0.442989787,0.823624399,-0.933553103,-0.074634192,-1.454996775,1.757177502,0.443259938,89.55223881,0.812867313,-0.903213093,-1.11114456,2.11114456,0.6605,0.778,1
0.016980485,0.442728836,0.840957593,-0.973050555,-0.079231964,-1.43702368,1.814008148,0.443054352,79.0513834,0.825709921,-0.941508926,-1.140241751,2.140241751,0.67,0.7405,1
0.003528031,0.4247242,0.653041449,-0.634050159,-0.011090628,-1.490666891,1.287091608,0.424738853,117.7240026,0.543536106,-0.628806679,-1.156881156,2.156881156,0.559333333,0.688,0
0.003712734,0.423919043,0.656768321,-0.653647497,-0.017356686,-1.494529512,1.310415818,0.423935301,108.4990958,0.633362838,-0.64411891,-1.016982482,2.016982482,0.799,1.039666667,0
0.003133312,0.425162126,0.645364194,-0.638041412,-0.01410127,-1.492140754,1.283405606,0.425173672,89.75317876,0.63651203,-0.635869789,-0.998990999,1.998990999,0.5225,0.988,0
0.00426862,0.424294486,0.652695048,-0.642213569,-0.011254327,-1.491722356,1.294908617,0.424315958,97.61388286,0.632576588,-0.634190148,-1.002550775,2.002550775,0.734333333,0.918333333,0
0.018687044,0.445358675,0.849646241,-0.926095974,-0.06077819,-1.430881562,1.775742215,0.445750552,99.91673605,0.826377979,-0.897155904,-1.085648367,2.085648367,0.6575,0.787,1
0.001924839,0.424657729,0.652126113,-0.653912369,-0.013282527,-1.489291073,1.306038482,0.424662091,78.22685789,0.6366902,-0.645214327,-1.013388186,2.013388186,0.323,0.7255,0
0.003025316,0.425319998,0.650283417,-0.649249378,-0.015988381,-1.491555336,1.299532795,0.425330757,97.71986971,0.632677444,-0.633666885,-1.001563895,2.001563895,0.667666667,0.971333333,0
0.01478081,0.440065741,0.858354661,-0.933098264,-0.072725332,-1.427849822,1.791452925,0.440313897,87.01957941,0.818010197,-0.923053565,-1.128413274,2.128413274,0.5645,0.8985,1
0.017458014,0.443014013,0.841198891,-0.940268682,-0.056834092,-1.434760712,1.781467573,0.443357867,76.97241822,0.825779348,-0.928330126,-1.124186658,2.124186658,0.4825,0.691,1
0.00412495,0.42440417,0.651830475,-0.649060294,-0.01454442,-1.49457476,1.300890769,0.424424215,80.53691275,0.638600799,-0.627761657,-0.983026732,1.983026732,0.881,1.167,0
0.013891891,0.444274,0.846538503,-0.932889665,-0.080621071,-1.426943554,1.779428168,0.444491138,100.7556675,0.781082494,-0.921575713,-1.179869885,2.179869885,0.7165,0.9005,1
0.016182743,0.4387363,0.840530046,-0.916818281,-0.075443111,-1.436301011,1.757348327,0.439034648,77.51937984,0.779737271,-0.911838103,-1.169417107,2.169417107,0.415,0.898,1
0.015890211,0.439910197,0.840668892,-0.930076373,-0.077536597,-1.423929736,1.770745265,0.440197093,86.20689655,0.807747059,-0.918397414,-1.136986392,2.136986392,0.499,0.6385,1
0.019871001,0.440252188,0.857065067,-0.931733685,-0.065859593,-1.422719643,1.788798752,0.440700404,82.58774948,0.827931185,-0.88762614,-1.072101348,2.072101348,0.8295,1.138,1
0.002810605,0.423951974,0.650677865,-0.64032433,-0.015401268,-1.491042533,1.291002195,0.42396129,103.8961039,0.63993211,-0.636737482,-0.995007865,1.995007865,0.7445,1.073,0
0.019673036,0.44366383,0.8369149,-0.950246186,-0.067049685,-1.425583174,1.787161086,0.444099789,71.25890736,0.811028943,-0.946277895,-1.166762177,2.166762177,0.531,1.077,1
0.002814009,0.424936485,0.645839238,-0.644716238,-0.011638423,-1.490590452,1.290555476,0.424945802,117.7240026,0.514386856,-0.640688528,-1.245538296,2.245538296,0.556,0.969,0
0.002212784,0.424657107,0.665733996,-0.662531893,-0.014479115,-1.494800721,1.328265889,0.424662872,97.24473258,0.634547791,-0.646938147,-1.019526278,2.019526278,0.666333333,0.892333333,0
0.014648002,0.439700477,0.835210248,-0.929134013,-0.065280417,-1.448281561,1.764344261,0.439944399,91.67303285,0.80510235,-0.898064714,-1.115466517,2.115466517,0.67,0.7935,1
0.016073983,0.440105296,0.836479238,-0.981700836,-0.064181001,-1.427097819,1.818180074,0.440398733,108.3032491,0.525908056,-0.920359911,-1.750039578,2.750039578,0.580333333,0.765,1
0.01603593,0.441734962,0.842061729,-0.90522763,-0.055393469,-1.451444271,1.747289359,0.442025936,79.10349374,0.815323854,-0.883762864,-1.08394089,2.08394089,0.5715,1.023,1
0.002833847,0.423898967,0.630260967,-0.630010202,-0.013378543,-1.494554621,1.260271169,0.42390844,97.45533297,0.515722128,-0.628809421,-1.219279506,2.219279506,0.559666667,0.763666667,0
0.017757896,0.43889886,0.825424563,-0.899978657,-0.052001816,-1.47182373,1.72540322,0.439257957,86.51766402,0.790698027,-0.892158235,-1.128317265,2.128317265,0.4895,0.808,1
0.00386328,0.424821153,0.652461631,-0.644307979,-0.011006667,-1.493219243,1.29676961,0.424838719,97.77294948,0.637661905,-0.640096882,-1.003818602,2.003818602,0.738,0.970666667,0
0.015857167,0.440665578,0.832056063,-0.960799457,-0.070532678,-1.448582086,1.79285552,0.440950793,107.5268817,0.56016811,-0.878971441,-1.569120816,2.569120816,0.578666667,0.64,1
0.017800838,0.444352678,0.820752714,-0.944546204,-0.0944604,-1.401538226,1.765298918,0.444709087,78.3801437,0.803909899,-0.930868339,-1.157926206,2.157926206,0.4075,0.491,1
0.003237901,0.42473825,0.652357648,-0.636901625,-0.010981965,-1.495015931,1.289259273,0.424750592,104.0763226,0.639650746,-0.632301604,-0.988510696,1.988510696,0.7465,1.1985,0
0.002154954,0.425042484,0.642680861,-0.654789299,-0.016031291,-1.492106992,1.29747016,0.425047947,108.4990958,0.628948207,-0.632584906,-1.005782192,2.005782192,0.803333333,1.126,0
0.003318075,0.423749954,0.637789039,-0.640473459,-0.011023221,-1.494986245,1.278262498,0.423762945,81.02633356,0.635318258,-0.634561554,-0.998808936,1.998808936,0.743,1.09,0
0.015382815,0.441055391,0.835449094,-0.927958151,-0.084860959,-1.428752437,1.763407245,0.441323564,66.00660066,0.828463761,-0.923697063,-1.114951681,2.114951681,0.4895,1.343,1
0.0037385,0.424145025,0.64049137,-0.652295904,-0.012209753,-1.489986463,1.292787274,0.424161501,97.2972973,0.632395505,-0.646515898,-1.022328421,2.022328421,0.666666667,1.011,0
0.003616989,0.424317277,0.640371695,-0.645557008,-0.012726922,-1.491068895,1.285928703,0.424332692,90.02250563,0.637241237,-0.634892733,-0.996314575,1.996314575,0.7425,1.302,0
0.003508497,0.425065074,0.653658538,-0.647649265,-0.011128813,-1.493882037,1.301307803,0.425079553,80.64516129,0.643193138,-0.643033734,-0.999752168,1.999752168,0.8835,1.382,0
0.003627333,0.424116302,0.659909308,-0.640761877,-0.008897076,-1.493585129,1.300671185,0.424131813,78.94736842,0.653991896,-0.636854221,-0.973795279,1.973795279,0.5245,1.1865,0
0.004015883,0.425004335,0.656688331,-0.647493353,-0.014640306,-1.493489765,1.304181684,0.425023308,97.61388286,0.635495245,-0.643632468,-1.012804538,2.012804538,0.737333333,1.131333333,0
0.015449327,0.439002166,0.843757271,-0.925689642,-0.085829943,-1.423791784,1.769446913,0.439273927,94.78672986,0.720850236,-0.903794676,-1.253789804,2.253789804,0.673333333,1.122333333,1
0.015132487,0.441465769,0.866298595,-0.944455081,-0.076019315,-1.415004623,1.810753676,0.441725047,106.3829787,0.57928514,-0.916068683,-1.58137784,2.58137784,0.579333333,0.887333333,1
0.013804284,0.441103335,0.836044181,-0.951006658,-0.059592876,-1.450797276,1.787050839,0.441319284,88.04108584,0.814640416,-0.871076028,-1.069276714,2.069276714,0.5685,0.979,1
0.016290689,0.440567526,0.833540086,-0.959144613,-0.082946053,-1.443913746,1.792684699,0.440868611,90.97801365,0.782733516,-0.898866514,-1.1483685,2.1483685,0.772,1.1275,1
0.017923849,0.436361159,0.821369463,-0.877479022,-0.049995086,-1.466802671,1.698848485,0.436729121,106.3829787,0.674199552,-0.875610675,-1.29874111,2.29874111,0.674333333,1.002333333,1
0.003582652,0.42502207,0.650711922,-0.658834848,-0.010831639,-1.489165588,1.30954677,0.42503717,97.4025974,0.636122659,-0.64576286,-1.015154626,2.015154626,0.669666667,0.900666667,0
0.0026497,0.425013338,0.643929039,-0.652279865,-0.013312434,-1.489883101,1.296208904,0.425021597,97.66684753,0.638098228,-0.640412205,-1.003626366,2.003626366,0.665,1.009,0
0.015991544,0.439759696,0.823213719,-0.934272777,-0.071946309,-1.426277297,1.757486496,0.44005036,87.33624454,0.811265414,-0.921358182,-1.135704994,2.135704994,0.491,0.7375,1
0.016834692,0.441221685,0.852419144,-0.923736936,-0.079812834,-1.446347224,1.77615608,0.44154273,87.01957941,0.826813356,-0.893954449,-1.081204655,2.081204655,0.569,0.739,1
0.013126832,0.439551883,0.841799659,-0.93920387,-0.054633008,-1.417602943,1.781003529,0.43974785,77.46933505,0.817227396,-0.91746933,-1.122661006,2.122661006,0.418,0.8345,1
0.003049485,0.423491952,0.64947423,-0.639955122,-0.01441402,-1.487749916,1.289429352,0.423502931,89.35219657,0.643761935,-0.637030757,-0.989543994,1.989543994,0.65,1.069,0
0.017053166,0.443808488,0.832278772,-0.946466623,-0.075750371,-1.415343289,1.778745395,0.444135997,99.33774834,0.799650953,-0.920184118,-1.150732223,2.150732223,0.7725,1.0135,1
0.01531969,0.44358748,0.823589942,-0.926922114,-0.066119553,-1.438224035,1.750512056,0.443851941,86.45533141,0.795963543,-0.921836537,-1.158139145,2.158139145,0.4895,0.891,1
0.003276762,0.425104569,0.640648736,-0.635106828,-0.013419048,-1.497448052,1.275755564,0.425117197,79.0513834,0.636804934,-0.628457565,-0.986891795,1.986891795,0.5225,1.185,0
0.003107361,0.424731913,0.642496204,-0.643404948,-0.012492502,-1.493472188,1.285901152,0.424743279,79.15567282,0.635948443,-0.636825159,-1.001378596,2.001378596,0.655,1.3025,0
0.003251971,0.424922615,0.651066056,-0.649119559,-0.015654054,-1.493261371,1.300185615,0.424935058,102.8277635,0.640977472,-0.645681308,-1.007338536,2.007338536,0.745,1.0745,0
0.002315833,0.424311063,0.64619309,-0.637682176,-0.012929419,-1.493097724,1.283875266,0.424317382,105.5718475,0.575817643,-0.632091775,-1.097729086,2.097729086,0.587666667,0.770666667,0
0.002628244,0.424207203,0.648840236,-0.646416107,-0.010734697,-1.492076709,1.295256343,0.424215345,108.4337349,0.635395321,-0.639720068,-1.006806387,2.006806387,0.802666667,1.000333333,0
0.014174497,0.444087769,0.850841691,-0.927573252,-0.065513646,-1.430304949,1.778414943,0.444313923,71.00591716,0.824098584,-0.927043516,-1.124918224,2.124918224,0.4805,0.806,1
0.004519293,0.423857306,0.650322112,-0.662627372,-0.014294417,-1.492895759,1.312949484,0.423881398,107.9784043,0.63707968,-0.644490341,-1.011632235,2.011632235,0.798333333,0.909666667,0
0.003325686,0.42421008,0.657438573,-0.64679324,-0.012101399,-1.494275043,1.304231813,0.424223116,72.07207207,0.650617454,-0.638578168,-0.981495598,1.981495598,0.6545,0.956,0
0.003222009,0.424664182,0.659574063,-0.633252083,-0.01333583,-1.494429221,1.292826146,0.424676405,108.0432173,0.634848862,-0.628317309,-0.989711642,1.989711642,0.795666667,1.131666667,0
0.003299505,0.424767447,0.662648696,-0.650904908,-0.009425756,-1.492444296,1.313553604,0.424780261,118.1877873,0.572800104,-0.640102262,-1.117496762,2.117496762,0.566,0.826333333,0
0.003010199,0.424052948,0.670713302,-0.645166284,-0.008688436,-1.49883645,1.315879586,0.424063633,80.86253369,0.644557333,-0.641667761,-0.995516965,1.995516965,0.883,1.2,0
0.003749732,0.42466497,0.652084115,-0.646785394,-0.012052751,-1.490292099,1.298869509,0.424681525,79.31262393,0.645244541,-0.636810562,-0.986929019,1.986929019,0.656,1.2965,0
0.01743487,0.43985763,0.833055788,-0.961738972,-0.085238671,-1.428560078,1.79479476,0.440203032,90.56603774,0.772875378,-0.9208977,-1.19152159,2.19152159,0.725,0.904,1
0.014075259,0.437705544,0.832410299,-0.915456602,-0.078853729,-1.456075482,1.747866901,0.437931794,101.7811705,0.757676754,-0.877507839,-1.158155946,2.158155946,0.72,1.011,1
0.015177492,0.439341426,0.843092468,-0.95914803,-0.061491785,-1.412192154,1.802240498,0.439603508,72.07207207,0.826436577,-0.908426208,-1.099208619,2.099208619,0.616,1.176,1
0.003990136,0.424512382,0.641642481,-0.642985853,-0.01274587,-1.495132184,1.284628334,0.424531134,72.42003621,0.636392359,-0.640373627,-1.006255995,2.006255995,0.6535,0.7665,0
0.003597866,0.425083092,0.65778276,-0.655926727,-0.01285255,-1.491726191,1.313709487,0.425098318,72.02881152,0.644992612,-0.651698215,-1.010396402,2.010396402,0.657,0.961,0
0.014224615,0.441789855,0.849745811,-0.949541019,-0.062862795,-1.424485638,1.79928683,0.442018795,105.3864169,0.556459433,-0.908771241,-1.633131164,2.633131164,0.564666667,0.849,1
0.01436672,0.443045833,0.816560614,-0.940606468,-0.074896746,-1.448478899,1.757167082,0.443278708,78.22685789,0.809890356,-0.91658099,-1.131734663,2.131734663,0.493,0.7335,1
0.016707869,0.440592954,0.836604611,-0.965425051,-0.067874533,-1.424199174,1.802029662,0.440909632,90.77155825,0.824467076,-0.892347911,-1.082332985,2.082332985,0.827,1.013,1
0.016042932,0.439748706,0.850906095,-0.900203776,-0.061196773,-1.439571211,1.751109871,0.440041248,79.78723404,0.834693971,-0.876034215,-1.049527426,2.049527426,0.498,0.6845,1
0.013938151,0.440227557,0.809793528,-0.958866555,-0.075840462,-1.416280923,1.768660083,0.440448152,91.53318078,0.786048768,-0.943148209,-1.199859662,2.199859662,0.719,1.0205,1
0.003449988,0.424343086,0.653898836,-0.641612257,-0.013711264,-1.489857774,1.295511093,0.42435711,90.29345372,0.648055506,-0.634237621,-0.97867793,1.97867793,0.742,0.961,0
0.017316855,0.440282209,0.85078775,-0.904440678,-0.073131251,-1.441186771,1.755228428,0.440622624,88.17046289,0.82988899,-0.89155332,-1.074304312,2.074304312,0.57,0.788,1
0.0032679,0.424805376,0.640049784,-0.655966394,-0.014190017,-1.494690899,1.296016178,0.424817945,97.13977334,0.637772179,-0.640110747,-1.003666777,2.003666777,0.735,1.063,0
0.017001192,0.439983975,0.832192412,-0.932494745,-0.072380422,-1.436009717,1.764687157,0.440312319,81.68822328,0.808341906,-0.925692738,-1.145174748,2.145174748,0.827,1.0035,1
0.003064759,0.424445426,0.642109834,-0.635552175,-0.012726227,-1.493128653,1.277662009,0.42445649,96.93053312,0.63252249,-0.634974138,-1.003875986,2.003875986,0.663666667,1.123333333,0
0.015118894,0.441612115,0.833881758,-0.920522495,-0.074700149,-1.441213346,1.754404253,0.441870842,82.36101579,0.808050863,-0.912864879,-1.129712151,2.129712151,0.8275,1.4485,1
0.003685599,0.424319451,0.645812435,-0.641753917,-0.012937692,-1.493070775,1.287566352,0.424335457,89.15304606,0.638300546,-0.633810215,-0.992965178,1.992965178,0.6505,0.9035,0
0.003600388,0.424402351,0.652306439,-0.645201346,-0.013408287,-1.492391415,1.297507785,0.424417623,78.48266841,0.637623988,-0.64200791,-1.006875402,2.006875402,0.322,0.626,0
0.003412127,0.425033231,0.65350694,-0.652186037,-0.013300753,-1.493545873,1.305692977,0.425046926,70.54673721,0.640834232,-0.65204195,-1.017489262,2.017489262,0.428,0.812,0
0.003622193,0.424711623,0.652026771,-0.636461587,-0.01283215,-1.493155789,1.288488358,0.424727068,81.3559322,0.639083818,-0.634162158,-0.992298881,1.992298881,0.8875,1.088,0
0.01428796,0.441108105,0.84570001,-0.915976634,-0.076632423,-1.428240397,1.761676644,0.441339446,77.31958763,0.830850599,-0.915256366,-1.101589584,2.101589584,0.4065,1.0075,1
0.003222104,0.424455217,0.656098672,-0.653257791,-0.012794011,-1.492326844,1.309356463,0.424467446,105.4481547,0.527197521,-0.631486682,-1.197818002,2.197818002,0.557333333,0.775333333,0
0.002673759,0.424811284,0.646241374,-0.640135005,-0.015441957,-1.494592646,1.286376379,0.424819699,81.13590264,0.637956503,-0.634966128,-0.995312573,1.995312573,0.7435,0.9625,0
0.002994585,0.424283722,0.645242498,-0.656260048,-0.014144193,-1.495813985,1.301502546,0.42429429,88.75739645,0.64155237,-0.639571842,-0.996912913,1.996912913,0.6465,0.859,0
0.002317655,0.425563695,0.649030802,-0.656819866,-0.013368386,-1.492758395,1.305850668,0.425570006,105.7579318,0.559994153,-0.64893734,-1.158828777,2.158828777,0.561666667,0.762333333,0
0.004055673,0.424291123,0.662081025,-0.642182969,-0.01400589,-1.492316041,1.304263994,0.424310506,97.13977334,0.641869353,-0.639194559,-0.995832806,1.995832806,0.740333333,1.03,0
0.017320441,0.440290122,0.812956384,-0.927765736,-0.05687336,-1.464844849,1.74072212,0.440630672,82.30452675,0.775739459,-0.869628268,-1.12103137,2.12103137,0.773,1.1825,1
0.019454746,0.442241972,0.843564045,-0.915834904,-0.064516827,-1.428375353,1.759398949,0.442669684,98.9010989,0.575138023,-0.87991621,-1.529921818,2.529921818,0.575,0.864666667,1
0.003624961,0.424742902,0.655443285,-0.652465545,-0.01102488,-1.492020807,1.30790883,0.42475837,70.71302298,0.640727609,-0.645072117,-1.006780585,2.006780585,0.436,0.7245,0
0.002814141,0.424504131,0.63735543,-0.63936551,-0.013581936,-1.492304831,1.27672094,0.424513459,79.26023778,0.630737256,-0.635911158,-1.008202944,2.008202944,0.6505,0.9535,0
0.00349435,0.424669582,0.645687476,-0.643014471,-0.011034556,-1.490611252,1.288701947,0.424683958,80.80808081,0.634526557,-0.634279678,-0.999610923,1.999610923,0.885,1.17,0
0.01535962,0.442856046,0.836129641,-0.950166503,-0.081329933,-1.419262568,1.786296144,0.443122325,89.35219657,0.808602571,-0.941849447,-1.164786609,2.164786609,0.661,0.794,1
0.016858834,0.440295369,0.843239566,-0.977820001,-0.073457101,-1.44653622,1.821059567,0.440618012,87.5273523,0.819082019,-0.938818395,-1.146183622,2.146183622,0.569,0.802,1
0.003406459,0.424382318,0.652318575,-0.641932273,-0.012747446,-1.492747182,1.294250848,0.424395989,108.4990958,0.641073617,-0.638371448,-0.995784932,1.995784932,0.801666667,1.066666667,0
0.013885528,0.441069342,0.826540459,-0.952334877,-0.059250057,-1.429585901,1.778875336,0.441287857,80.05336891,0.81668447,-0.943740467,-1.15557538,2.15557538,0.671,0.8955,1
0.016397049,0.439856113,0.838623111,-0.937773713,-0.061823163,-1.426668939,1.776396824,0.440161633,80,0.83360238,-0.908614328,-1.089985286,2.089985286,0.503,0.7415,1
0.018790395,0.439114893,0.881500926,-0.921098799,-0.060383559,-1.435782433,1.802599725,0.439516744,72.42003621,0.831475461,-0.920477124,-1.107040636,2.107040636,0.6665,1.339,1
0.013551887,0.441148252,0.817935228,-0.954302685,-0.102626482,-1.40477538,1.772237913,0.441356357,78.125,0.796030137,-0.94022571,-1.181143359,2.181143359,0.535,1.0225,1
0.003113844,0.424734425,0.644468327,-0.649797768,-0.010815198,-1.494935526,1.294266095,0.424745839,108.3684527,0.634686859,-0.644575142,-1.015579783,2.015579783,0.798333333,1.133333333,0
0.014680656,0.440435069,0.841317375,-0.942811087,-0.073153094,-1.44462811,1.784128462,0.44067967,102.8277635,0.770165282,-0.923460598,-1.199042101,2.199042101,0.676,0.8065,1
0.004014891,0.424782268,0.649356071,-0.644367583,-0.010843599,-1.491734358,1.293723654,0.424801241,80.80808081,0.638302947,-0.640419792,-1.003316363,2.003316363,0.875,1.5175,0
0.003421341,0.424066828,0.639996075,-0.64467823,-0.014149424,-1.492687502,1.284674305,0.424080629,81.13590264,0.633404039,-0.639243509,-1.009219186,2.009219186,0.7415,0.9875,0
0.003262074,0.424333985,0.652958604,-0.639755226,-0.01375841,-1.491542174,1.29271383,0.424346524,97.13977334,0.584965817,-0.635194152,-1.085865419,2.085865419,0.567333333,0.909666667,0
0.016036126,0.442891895,0.858707833,-0.927277759,-0.084086992,-1.422831742,1.785985592,0.443182116,70.38123167,0.817036012,-0.908260065,-1.111652426,2.111652426,0.532,1.1675,1
0.015744919,0.441738111,0.811702149,-0.908947788,-0.045989681,-1.443650243,1.720649937,0.442018621,65.32389766,0.794073009,-0.907541784,-1.142894637,2.142894637,0.479,0.6865,1
0.002556482,0.424221813,0.650763347,-0.659291048,-0.018017313,-1.490984503,1.310054395,0.424229516,78.63695937,0.64102893,-0.646428913,-1.008423929,2.008423929,0.428,0.7205,0
0.003130609,0.425046795,0.672871237,-0.652589272,-0.016991401,-1.494235784,1.325460509,0.425058324,103.4482759,0.642436686,-0.635513023,-0.989222809,1.989222809,0.7415,0.858,0
0.00354469,0.42399225,0.64681719,-0.645174355,-0.008131505,-1.495701276,1.291991545,0.424007067,107.9784043,0.630496991,-0.64085878,-1.01643432,2.01643432,0.802,1.127333333,0
0.017167218,0.438292594,0.842184083,-0.92165079,-0.059567957,-1.444806502,1.763834873,0.438628671,89.02077151,0.805404884,-0.908121099,-1.127533637,2.127533637,0.499,0.89,1
0.012227073,0.441543309,0.823563126,-0.932306446,-0.069768505,-1.418167962,1.755869572,0.441712571,108.1730769,0.719920398,-0.89388533,-1.241644677,2.241644677,0.735333333,0.962333333,1
0.00335565,0.425144522,0.648782121,-0.635110707,-0.009418961,-1.495312837,1.283892828,0.425157765,108.5645356,0.636906611,-0.631446446,-0.991427055,1.991427055,0.799,1.070333333,0
0.00287513,0.424337339,0.653721495,-0.646773585,-0.01653354,-1.492490092,1.30049508,0.424347079,78.43137255,0.640688481,-0.636507603,-0.993474398,1.993474398,0.328,0.5095,0
0.003154048,0.424186033,0.639689558,-0.643667331,-0.013427785,-1.493573212,1.283356889,0.424197759,108.5645356,0.633033089,-0.635628423,-1.00409984,2.00409984,0.798666667,1.121666667,0
0.014780543,0.43939459,0.817999619,-0.954624153,-0.077958654,-1.423646006,1.772623772,0.439643117,109.223301,0.702100097,-0.917532718,-1.306840323,2.306840323,0.739,0.842333333,1
0.003275555,0.4250509,0.662983297,-0.65448794,-0.012416011,-1.490983626,1.317471237,0.425063521,108.2381239,0.644211571,-0.640465664,-0.994185284,1.994185284,0.8,1.089,0
0.014556438,0.442120991,0.821006867,-0.933612161,-0.089771192,-1.40853328,1.754619028,0.442360555,71.21661721,0.80628077,-0.92382273,-1.145782913,2.145782913,0.4155,0.74,1
0.003247841,0.425097946,0.655043383,-0.645569299,-0.015934916,-1.493579307,1.300612682,0.425110353,89.15304606,0.641140784,-0.64396346,-1.004402584,2.004402584,0.521,1.0865,0
0.014465815,0.440514724,0.834009013,-0.930533345,-0.078999835,-1.429539391,1.764542358,0.440752178,89.41877794,0.763601971,-0.899617939,-1.178124172,2.178124172,0.8235,0.996,1
0.018565998,0.44246963,0.872593378,-0.93330029,-0.062127024,-1.42274356,1.805893668,0.442858973,78.32898172,0.852221535,-0.917101728,-1.076130666,2.076130666,0.415,0.7325,1
0.003354996,0.423568241,0.639121816,-0.655307002,-0.012597191,-1.491869811,1.294428818,0.423581528,97.2972973,0.631682247,-0.643068552,-1.018025368,2.018025368,0.665333333,1.003333333,0
0.013772273,0.443667814,0.827562932,-0.913229347,-0.080319611,-1.439619523,1.740792279,0.443881521,69.68641115,0.800270278,-0.905525885,-1.131525073,2.131525073,0.404,0.8555,1
0.01432101,0.440385269,0.820161443,-0.954396329,-0.071759368,-1.425357224,1.774557772,0.440618062,76.92307692,0.810988537,-0.897345647,-1.106483763,2.106483763,0.4075,0.9845,1
0.016084235,0.445754948,0.825882789,-0.926849775,-0.086417568,-1.433478813,1.752732564,0.446045038,87.8477306,0.793045129,-0.921919962,-1.162506304,2.162506304,0.564,0.905,1
0.003352238,0.424253388,0.648047413,-0.645711961,-0.015342154,-1.488268479,1.293759374,0.424266632,108.4990958,0.630539414,-0.638769724,-1.013052809,2.013052809,0.800333333,0.916,0
0.003781082,0.423970357,0.644756677,-0.646007976,-0.012799021,-1.493738031,1.290764653,0.423987217,79.47019868,0.636217113,-0.645737582,-1.014964183,2.014964183,0.5285,0.855,0
0.013840082,0.442129439,0.84066778,-0.906082984,-0.054269535,-1.43404885,1.746750764,0.442346005,91.53318078,0.824300771,-0.88961631,-1.079237508,2.079237508,0.672,0.883,1
0.003477249,0.424681784,0.649751837,-0.646102245,-0.012162589,-1.4898676,1.295854082,0.424696019,89.88764045,0.639149897,-0.638850998,-0.999532348,1.999532348,0.6565,0.774,0
0.00184161,0.425030409,0.650597033,-0.644389578,-0.015923922,-1.492588339,1.294986611,0.425034398,81.08108108,0.646242898,-0.64368184,-0.996037005,1.996037005,0.8805,1.1975,0
0.003221157,0.424690058,0.653418431,-0.63711882,-0.008174854,-1.491518078,1.290537251,0.424702273,106.3201418,0.512191471,-0.632952669,-1.235773543,2.235773543,0.558333333,0.898,0
0.017117752,0.440448132,0.857127075,-0.938623547,-0.073493715,-1.438950075,1.795750622,0.440780642,71.34363853,0.795986151,-0.930845417,-1.169424136,2.169424136,0.415,0.498,1
0.00392394,0.424635394,0.648063801,-0.670584523,-0.010802443,-1.495812675,1.318648324,0.424653523,105.8823529,0.585016982,-0.635004563,-1.085446377,2.085446377,0.587666667,1.037,0
0.002986147,0.425312559,0.649716191,-0.643029759,-0.013798805,-1.490368525,1.29274595,0.425323041,81.02633356,0.640756035,-0.6429553,-1.003432297,2.003432297,0.8825,1.2085,0
0.014188565,0.443707653,0.863602579,-0.983142523,-0.070935952,-1.435089481,1.846745102,0.44393445,99.17355372,0.732307337,-0.942861244,-1.28752123,2.28752123,0.684333333,0.785,1
0.003438267,0.423841643,0.640260988,-0.646925924,-0.013861739,-1.489316645,1.287186912,0.423855589,90.22556391,0.63266681,-0.643013689,-1.016354388,2.016354388,0.7415,1.3045,0
0.003055195,0.424517737,0.645995977,-0.635526828,-0.0121613,-1.494040896,1.281522805,0.424528731,97.71986971,0.635485693,-0.633683963,-0.997164799,1.997164799,0.736333333,0.977666667,0
0.002764406,0.425007628,0.649492003,-0.640902001,-0.012338055,-1.494773798,1.290394004,0.425016618,97.24473258,0.575710948,-0.63328052,-1.099997356,2.099997356,0.566333333,0.907666667,0
0.017738783,0.44303807,0.86295752,-0.945338278,-0.053238909,-1.440534632,1.808295798,0.443393049,108.1730769,0.721559532,-0.925106218,-1.282092713,2.282092713,0.734666667,1.173666667,1
0.004119284,0.423774994,0.641353471,-0.667803089,-0.012090907,-1.494137282,1.30915656,0.423795014,97.56097561,0.631563836,-0.644678055,-1.020764678,2.020764678,0.739666667,0.974666667,0
0.014439249,0.442278564,0.812940296,-0.916329642,-0.072436846,-1.451646884,1.729269938,0.442514204,82.75862069,0.79042213,-0.912137531,-1.153987846,2.153987846,0.834,1.0165,1
0.002385142,0.4251047,0.644603548,-0.653748361,-0.012080868,-1.490683909,1.298351909,0.425111391,81.02633356,0.637585025,-0.653071356,-1.024289045,2.024289045,0.882,1.5255,0
0.018456077,0.443133331,0.847441464,-0.89989561,-0.073875363,-1.437034692,1.747337074,0.443517504,102.915952,0.783764848,-0.894669814,-1.141502857,2.141502857,0.7165,1.0135,1
0.003597758,0.424849397,0.645828127,-0.64430955,-0.014021904,-1.493874369,1.290137677,0.42486463,78.43137255,0.6401239,-0.638478341,-0.997429312,1.997429312,0.326,0.418,0
0.013512291,0.442556623,0.812779977,-0.944918238,-0.070418735,-1.43229401,1.757698215,0.442762856,82.53094911,0.795502482,-0.926231868,-1.16433561,2.16433561,0.7655,1.34,1
0.003501124,0.42469521,0.645888012,-0.64921057,-0.00992802,-1.486808938,1.295098582,0.424709641,80.80808081,0.638766255,-0.640160723,-1.002183065,2.002183065,0.7465,1.307,0
0.015969062,0.439406343,0.859496467,-0.906255896,-0.064119925,-1.436574359,1.765752363,0.439696424,102.6518392,0.830119681,-0.889220145,-1.071195112,2.071195112,0.7175,1.17,1
0.00383708,0.424263785,0.649111287,-0.650844855,-0.010866996,-1.487809052,1.299956142,0.424281136,78.125,0.647734376,-0.637105196,-0.983590217,1.983590217,0.3235,0.6275,0
0.002936884,0.424412106,0.638426072,-0.642987314,-0.01230511,-1.493202849,1.281413386,0.424422268,79.41760424,0.631175324,-0.638116134,-1.010996643,2.010996643,0.656,0.993,0
0.014935193,0.439741378,0.840244245,-0.930178743,-0.064579151,-1.447538662,1.770422988,0.439994931,78.32898172,0.821572011,-0.912111688,-1.110202972,2.110202972,0.415,0.848,1
0.003240588,0.424512881,0.647261456,-0.656473328,-0.012012562,-1.492838034,1.303734784,0.424525249,79.36507937,0.642592524,-0.646966307,-1.006806464,2.006806464,0.526,0.9585,0
0.016759731,0.441232528,0.834642387,-0.937996519,-0.069348611,-1.447889822,1.772638906,0.441550713,89.28571429,0.81847726,-0.92815801,-1.134005861,2.134005861,0.76,1.121,1
0.016915745,0.44106775,0.839501105,-0.95203303,-0.075689691,-1.418406859,1.791534135,0.441392006,65.18196632,0.802993519,-0.947711415,-1.180222995,2.180222995,0.475,0.795,1
0.015429518,0.441338412,0.80071118,-0.921877088,-0.078966475,-1.436152357,1.722588268,0.441608043,91.18541033,0.790894279,-0.917423787,-1.159982834,2.159982834,0.6705,0.8865,1
0.002549833,0.424535229,0.647207519,-0.639128265,-0.014385282,-1.493640853,1.286335784,0.424542887,79.26023778,0.643809623,-0.638177865,-0.991252447,1.991252447,0.524,1.0925,0
0.002703614,0.424541394,0.647295869,-0.652657567,-0.014155019,-1.492294963,1.299953436,0.424550003,70.42253521,0.636802813,-0.648195966,-1.017891178,2.017891178,0.432,0.771,0
0.017629485,0.438468791,0.833223739,-0.919128647,-0.069090912,-1.450268422,1.752352386,0.438823062,79.47019868,0.818063507,-0.896000662,-1.095270299,2.095270299,0.669,0.858,1
0.002901361,0.424159647,0.638163593,-0.646903981,-0.016357634,-1.492067987,1.285067574,0.42416957,89.75317876,0.636108188,-0.644283164,-1.012851549,2.012851549,0.5275,0.961,0
0.003059947,0.424033993,0.637035422,-0.646589815,-0.012897554,-1.493541953,1.283625237,0.424045033,79.20792079,0.633275961,-0.644246775,-1.017323906,2.017323906,0.433,0.862,0
0.017548437,0.442435374,0.856031445,-0.955726166,-0.08698643,-1.397221168,1.811757611,0.442783252,78.94736842,0.840499975,-0.943530972,-1.122582986,2.122582986,0.5695,0.897,1
0.002765912,0.424531962,0.656328137,-0.64699267,-0.012234788,-1.493367208,1.303320807,0.424540972,108.6956522,0.639001756,-0.640558526,-1.002436254,2.002436254,0.799666667,1.129333333,0
0.003572236,0.424338494,0.643760628,-0.637933497,-0.01003738,-1.496588722,1.281694125,0.42435353,89.41877794,0.636031685,-0.624605047,-0.982034483,1.982034483,0.6535,1.207,0
0.003419367,0.424875997,0.651670061,-0.641305542,-0.011851018,-1.492654366,1.292975603,0.424889756,97.08737864,0.63612169,-0.63451075,-0.99746756,1.99746756,0.735333333,1.125,0
0.017073922,0.440935919,0.868355315,-0.915246432,-0.079820432,-1.423651163,1.783601747,0.441266363,87.20930233,0.829225881,-0.90315014,-1.089148518,2.089148518,0.495,0.744,1
0.014619302,0.442585112,0.835700556,-0.92466459,-0.056963725,-1.44827717,1.760365146,0.442826495,87.20930233,0.825845701,-0.90254239,-1.092870482,2.092870482,0.4925,0.8845,1
0.00343711,0.424237073,0.642715222,-0.660935255,-0.016434064,-1.4878555,1.303650477,0.424250997,97.45533297,0.632897469,-0.644960916,-1.019060667,2.019060667,0.735,1.007333333,0
0.012245544,0.442600741,0.864507658,-0.927327386,-0.067673629,-1.412938977,1.791835044,0.442770109,79.15567282,0.812663747,-0.896144384,-1.102724697,2.102724697,0.4185,0.6935,1
0.003303189,0.424486628,0.645936832,-0.649488122,-0.017957621,-1.494571023,1.295424954,0.42449948,105.3864169,0.593549389,-0.636034082,-1.07157735,2.07157735,0.583333333,0.900666667,0
0.013640069,0.442915981,0.818074232,-0.912306216,-0.076805963,-1.441477857,1.730380448,0.443125961,102.3890785,0.804399945,-0.867912973,-1.078957026,2.078957026,0.6595,0.785,1
0.00331191,0.424318543,0.644025351,-0.642915685,-0.016505983,-1.491893903,1.286941036,0.424331468,105.6338028,0.569639318,-0.6366884,-1.117704447,2.117704447,0.588666667,0.851666667,0
0.018220087,0.442279168,0.85641319,-0.916222435,-0.058701625,-1.424953548,1.772635625,0.442654305,70.62978222,0.83690863,-0.914863696,-1.093146448,2.093146448,0.53,0.7675,1
0.003940906,0.424066104,0.664305478,-0.636334052,-0.015570743,-1.494956256,1.30063953,0.424084415,89.55223881,0.648685717,-0.633336911,-0.97633861,1.97633861,0.7395,1.0915,0
0.003982228,0.425114671,0.681320914,-0.651295891,-0.014108553,-1.493533388,1.332616805,0.425133322,97.50812568,0.645761252,-0.643965268,-0.997218811,1.997218811,0.668,0.975333333,0
0.01672862,0.440214319,0.847284657,-0.926106174,-0.066314533,-1.42470991,1.773390831,0.440532057,103.1814273,0.820975917,-0.880358252,-1.072331397,2.072331397,0.6665,1.128,1
0.015844598,0.441130597,0.827117422,-0.918331833,-0.078655327,-1.431234937,1.745449255,0.441415059,78.2778865,0.823578302,-0.912498294,-1.107967866,2.107967866,0.4115,0.579,1
0.016573246,0.441338428,0.838298532,-0.942470131,-0.079788517,-1.42156971,1.780768663,0.4416495,90.49773756,0.801434646,-0.921233811,-1.14948089,2.14948089,0.828,1.0155,1
0.015564283,0.444479026,0.834206298,-0.942572369,-0.059308266,-1.437464355,1.776778667,0.444751449,71.77033493,0.824620695,-0.906016186,-1.098706583,2.098706583,0.5385,0.964,1
0.00249122,0.424799833,0.64022407,-0.650450345,-0.01216749,-1.493029005,1.290674415,0.424807138,97.50812568,0.631083884,-0.644128688,-1.020670476,2.020670476,0.665666667,0.969666667,0
0.015293011,0.443906514,0.835779191,-0.934012031,-0.07195415,-1.426419866,1.769791222,0.444169866,88.49557522,0.781079434,-0.904068171,-1.15745996,2.15745996,0.6215,1.007,1
0.002858388,0.424068606,0.640311298,-0.644540677,-0.01216746,-1.491973086,1.284851975,0.42407824,105.8823529,0.590641857,-0.642771368,-1.088259086,2.088259086,0.584666667,0.822,0
0.003478594,0.424349689,0.650932213,-0.63608405,-0.010235754,-1.498260747,1.287016263,0.424363947,97.13977334,0.633276629,-0.633570329,-1.000463777,2.000463777,0.664666667,1.122,0
0.003460293,0.424073541,0.63684022,-0.646014269,-0.014422023,-1.494137133,1.282854489,0.424087658,103.1814273,0.633759716,-0.639918121,-1.009717255,2.009717255,0.7375,1.1995,0
0.017827444,0.438535945,0.844613728,-0.941256449,-0.06251001,-1.439557875,1.785870177,0.438898158,91.39375476,0.826511367,-0.908619611,-1.099343151,2.099343151,0.7765,1.0025,1
0.003870753,0.424072084,0.654881854,-0.639315461,-0.012548051,-1.491625279,1.294197315,0.424089749,96.87836383,0.638111641,-0.636249396,-0.997081631,1.997081631,0.663333333,0.960333333,0
0.003009347,0.424037107,0.632625711,-0.657988568,-0.011301607,-1.493370857,1.290614279,0.424047785,79.57559682,0.629826142,-0.650682304,-1.033114157,2.033114157,0.5245,0.7185,0
0.003928405,0.424991888,0.650022411,-0.656377537,-0.009947339,-1.489115566,1.306399948,0.425010043,97.56097561,0.631720887,-0.644495315,-1.020221633,2.020221633,0.668,0.892,0
0.016970508,0.440748323,0.861563972,-0.938429409,-0.067403865,-1.422349389,1.799993381,0.441074917,103.7165082,0.805966013,-0.921421233,-1.143250731,2.143250731,0.7205,0.898,1
0.016664479,0.440589879,0.822588367,-0.945725702,-0.07620575,-1.430975086,1.768314069,0.440904918,78.32898172,0.787094708,-0.932783847,-1.185097342,2.185097342,0.8245,1.2255,1
0.003083833,0.424136133,0.644876842,-0.65620577,-0.013282311,-1.489335079,1.301082612,0.424147344,80.86253369,0.632353541,-0.648781527,-1.025979116,2.025979116,0.884,1.204,0
0.016569162,0.442329167,0.84394551,-0.952269876,-0.092093468,-1.43096249,1.796215386,0.442639389,100.8403361,0.814320858,-0.903273767,-1.109235701,2.109235701,0.6655,1.0125,1
0.01501082,0.441851299,0.838208627,-0.959216428,-0.058913106,-1.43661799,1.797425055,0.442106203,90.22556391,0.825518214,-0.908444807,-1.100453983,2.100453983,0.6685,1.0145,1
0.012893463,0.443292704,0.836948163,-0.915875689,-0.061745723,-1.44829717,1.752823852,0.443480172,117.8781925,0.713530615,-0.903085258,-1.265657337,2.265657337,0.738,0.855,1
0.003453322,0.424365388,0.667081505,-0.64224241,-0.011230087,-1.493985111,1.309323915,0.424379439,89.95502249,0.648093209,-0.632067216,-0.975272087,1.975272087,0.658,0.961,0
0.00323269,0.425048525,0.655530682,-0.643646607,-0.012402173,-1.492137121,1.299177289,0.425060818,108.5645356,0.634977969,-0.63549596,-1.000815762,2.000815762,0.795666667,1.181666667,0
0.012891904,0.441904764,0.824724964,-0.937276688,-0.061363403,-1.442950995,1.762001652,0.442092775,78.84362681,0.768907706,-0.910645839,-1.184336991,2.184336991,0.828,1.007,1
0.003438905,0.42354033,0.64271067,-0.655658501,-0.014492435,-1.49339503,1.298369171,0.423554291,80.91706001,0.63016785,-0.641039724,-1.017252345,2.017252345,0.879,1.519,0
0.00329076,0.424869976,0.641989231,-0.662346364,-0.012765166,-1.49364247,1.304335595,0.42488272,97.19222462,0.567056502,-0.646527459,-1.140146453,2.140146453,0.566,0.879333333,0
0.003184656,0.423941882,0.639756372,-0.656168031,-0.012956697,-1.491349933,1.295924403,0.423953843,97.45533297,0.628388239,-0.642034557,-1.021716381,2.021716381,0.667333333,0.943666667,0
0.015676178,0.441778922,0.850881369,-0.93004904,-0.084390159,-1.407766214,1.780930409,0.442056963,86.76789588,0.813010134,-0.912156981,-1.121950321,2.121950321,0.491,0.58,1
0.017426025,0.442322215,0.860566559,-0.913045275,-0.068652233,-1.445612503,1.773611834,0.442665346,77.87151201,0.847474792,-0.896437632,-1.05777498,2.05777498,0.488,0.8585,1
0.018816619,0.441378316,0.858687742,-0.952688983,-0.077838167,-1.431979681,1.811376725,0.441779224,83.33333333,0.805880666,-0.930461493,-1.15458967,2.15458967,0.8385,1.1375,1
0.003495158,0.424864131,0.655442475,-0.660403484,-0.013947411,-1.490762411,1.315845959,0.424878507,97.08737864,0.638924581,-0.647950951,-1.014127441,2.014127441,0.667,0.910333333,0
0.01971071,0.439864061,0.803206259,-0.895148676,-0.076437275,-1.44477748,1.698354935,0.440305467,77.7705768,0.799949694,-0.875415981,-1.094338791,2.094338791,0.531,0.6875,1
0.002884451,0.424808739,0.645097299,-0.660645818,-0.013597502,-1.49626518,1.305743117,0.424818532,102.915952,0.635591915,-0.639636918,-1.00636415,2.00636415,0.745,0.9575,0
0.002801052,0.424030218,0.654163425,-0.640857699,-0.015143219,-1.491112875,1.295021124,0.424039469,89.08685969,0.647203147,-0.633435989,-0.978728227,1.978728227,0.5215,0.8585,0
0.016569435,0.442796413,0.876630712,-0.965043299,-0.069064816,-1.431571588,1.841674011,0.443106319,78.32898172,0.849921833,-0.917359623,-1.079345872,2.079345872,0.413,1.013,1
0.01466083,0.444020653,0.834400314,-0.923693388,-0.070028657,-1.436891603,1.758093702,0.444262625,87.91208791,0.807475599,-0.899669277,-1.114175187,2.114175187,0.4905,0.7405,1
0.017677451,0.440494648,0.86061209,-0.926598736,-0.062552698,-1.42544697,1.787210826,0.440849212,108.0432173,0.696571588,-0.896443672,-1.286936889,2.286936889,0.729333333,1.059333333,1
0.013537742,0.44266141,0.818891264,-0.939591132,-0.069446174,-1.437620653,1.758482396,0.442868372,101.7811705,0.801875893,-0.930385096,-1.160260713,2.160260713,0.663,0.8525,1
0.019215974,0.44234863,0.846013707,-0.936411256,-0.078382863,-1.421634946,1.782424963,0.442765812,77.7705768,0.836960368,-0.901681199,-1.07732843,2.07732843,0.4175,0.846,1
0.003464906,0.424881983,0.652658149,-0.651638967,-0.015921011,-1.489197858,1.304297116,0.424896111,118.0327869,0.53673211,-0.641027329,-1.194315221,2.194315221,0.560333333,0.681333333,0
0.014904041,0.44314742,0.831514937,-0.913922821,-0.080084305,-1.445169389,1.745437758,0.443397977,93.24009324,0.761518617,-0.884451184,-1.16143081,2.16143081,0.7745,0.897,1
0.017115477,0.441541792,0.857333726,-0.938741646,-0.062811753,-1.427466227,1.796075372,0.441873391,89.08685969,0.815784815,-0.913579954,-1.119878597,2.119878597,0.4915,0.7965,1
0.015415154,0.444204428,0.816300667,-0.910658807,-0.084897723,-1.429269044,1.726959474,0.444471822,82.6446281,0.797494389,-0.89774305,-1.125704533,2.125704533,0.771,1.1815,1
0.003108488,0.425245464,0.638678184,-0.655551557,-0.009164506,-1.495931227,1.294229741,0.425256825,103.2702238,0.638191177,-0.636698137,-0.997660513,1.997660513,0.745,1.0675,0
0.004514883,0.424421902,0.64504388,-0.633284949,-0.017583631,-1.492304463,1.278328829,0.424445915,79.52286282,0.637071572,-0.62756007,-0.985069963,1.985069963,0.652,1.069,0
0.002340765,0.424537437,0.6373888,-0.652430494,-0.013915971,-1.492744357,1.289819294,0.42454389,97.03504043,0.539967855,-0.650005948,-1.203786377,2.203786377,0.561333333,0.895,0
0.003582557,0.425245248,0.642355171,-0.657782008,-0.015638067,-1.489848137,1.300137179,0.425260339,116.9590643,0.535423835,-0.644003749,-1.202792454,2.202792454,0.556333333,0.763,0
0.016821463,0.444090767,0.817015759,-0.965110621,-0.077852113,-1.414927341,1.78212638,0.444409239,94.68700684,0.546412915,-0.910968702,-1.667180034,2.667180034,0.801666667,1.161666667,1
0.002945288,0.424964409,0.647847969,-0.641380892,-0.012498634,-1.492678737,1.289228861,0.424974615,97.50812568,0.635161222,-0.63635595,-1.001880984,2.001880984,0.733333333,0.968666667,0
0.002651517,0.424350895,0.645197348,-0.636115846,-0.011712731,-1.492224688,1.281313194,0.424359179,78.43137255,0.62994432,-0.635782106,-1.009267145,2.009267145,0.322,0.723,0
0.012313039,0.445319765,0.845434075,-0.944372107,-0.087881555,-1.415417177,1.789806182,0.445489959,103.7463977,0.73376263,-0.919155122,-1.252660035,2.252660035,0.732666667,1.232333333,1
0.016791441,0.441747553,0.843529927,-0.957119632,-0.075094451,-1.413402872,1.800649559,0.442066571,62.89308176,0.824487919,-0.914716478,-1.109435877,2.109435877,0.532,0.858,1
0.014128935,0.442455457,0.865826173,-0.937964993,-0.073525009,-1.403474607,1.803791166,0.44268099,103.8961039,0.811298775,-0.917616269,-1.131046042,2.131046042,0.668,0.86,1
0.004234921,0.424699516,0.655719032,-0.650275866,-0.015262398,-1.493317673,1.305994898,0.42472063,97.50812568,0.64312735,-0.642103649,-0.998408246,1.998408246,0.665666667,0.952333333,0
0.00358892,0.424651361,0.65142437,-0.645843341,-0.012402856,-1.491849865,1.297267711,0.424666526,80.80808081,0.640382677,-0.636250619,-0.993547517,1.993547517,0.884,1.296,0
0.00293042,0.424309925,0.648553953,-0.651500777,-0.01358799,-1.49004822,1.30005473,0.424320044,72.37635706,0.635109145,-0.644825199,-1.015298243,2.015298243,0.6555,1.3045,0
0.020062416,0.442562214,0.86219689,-0.915384182,-0.082308454,-1.453992335,1.777581072,0.44301672,87.65522279,0.799415571,-0.906858836,-1.134402267,2.134402267,0.5735,0.8905,1
0.013411527,0.44298719,0.82677823,-0.936963041,-0.069535259,-1.42671067,1.763741271,0.443190161,87.01957941,0.814669752,-0.926685533,-1.137498392,2.137498392,0.4905,0.8905,1
0.017990151,0.440986484,0.853782298,-0.934870378,-0.076270403,-1.4404879,1.788652676,0.441353288,116.807268,0.715953807,-0.903787278,-1.262354177,2.262354177,0.731333333,0.995333333,1
0.015987931,0.439669873,0.81926409,-0.922425986,-0.06391516,-1.424935979,1.741690076,0.439960465,91.74311927,0.796457081,-0.913014277,-1.146344603,2.146344603,0.719,0.889,1
0.002955567,0.424976981,0.650491244,-0.650060945,-0.010636661,-1.491333787,1.300552189,0.424987259,97.19222462,0.528276888,-0.641746698,-1.214792305,2.214792305,0.558333333,0.894,0
0.01696354,0.43764357,0.862054229,-0.925375434,-0.060761898,-1.44910895,1.787429663,0.437972209,65.89785832,0.839972428,-0.924097056,-1.100151654,2.100151654,0.4835,0.6045,1
0.016905165,0.440563938,0.828383051,-0.949049288,-0.075554974,-1.402331473,1.777432339,0.440888158,87.59124088,0.811803417,-0.932437843,-1.14860054,2.14860054,0.494,0.5815,1
0.014807742,0.441026987,0.813334255,-0.976408859,-0.086799239,-1.431970327,1.789743114,0.441275506,77.07129094,0.778348425,-0.953614098,-1.225176369,2.225176369,0.7085,0.839,1
0.014995987,0.44134873,0.838224359,-0.920097509,-0.07782209,-1.422127958,1.758321868,0.441603421,77.92207792,0.829629205,-0.911700371,-1.098925116,2.098925116,0.716,0.9045,1
0.002660412,0.424077462,0.641220745,-0.647077361,-0.008434405,-1.491275386,1.288298106,0.424085807,118.1877873,0.54395304,-0.639689401,-1.176001151,2.176001151,0.561,0.807666667,0
0.003612774,0.424929875,0.645703369,-0.651401505,-0.013430657,-1.492530867,1.297104874,0.424945233,108.7613293,0.640466795,-0.644464404,-1.006241712,2.006241712,0.799333333,1.192333333,0
0.00303509,0.424433443,0.669940205,-0.646093333,-0.010564539,-1.493980508,1.316033538,0.424444295,108.3032491,0.646978186,-0.637816657,-0.985839508,1.985839508,0.802,0.904666667,0
0.019700437,0.437603496,0.838844506,-0.956093265,-0.05939234,-1.434519494,1.794937771,0.438046718,77.72020725,0.820720696,-0.930577382,-1.133853924,2.133853924,0.417,0.5845,1
0.003299972,0.424425843,0.646950254,-0.643585996,-0.009975658,-1.493426659,1.29053625,0.424438672,103.5375324,0.642112818,-0.63445474,-0.988073625,1.988073625,0.7435,1.206,0
0.011159569,0.440922983,0.825722834,-0.908057351,-0.068347389,-1.448764971,1.733780185,0.441064182,78.99934167,0.808853543,-0.904960231,-1.118818405,2.118818405,0.5045,0.585,1
0.002856923,0.424621193,0.644669672,-0.657053085,-0.010954641,-1.48964212,1.301722757,0.424630804,80.86253369,0.634550329,-0.638170291,-1.005704767,2.005704767,0.883,1.4385,0
0.00370621,0.424159481,0.636293293,-0.647837351,-0.012056031,-1.492007665,1.284130644,0.424175673,97.4025974,0.630696624,-0.635853865,-1.008177056,2.008177056,0.737333333,1.089,0
0.014526696,0.440180558,0.830493669,-0.930899993,-0.060204582,-1.436823612,1.761393662,0.440420196,71.13218731,0.764865829,-0.914996351,-1.196283473,2.196283473,0.4165,1.013,1
0.014993031,0.441496306,0.85242647,-0.910832293,-0.06198442,-1.45114381,1.763258763,0.441750811,118.4210526,0.715800289,-0.899679536,-1.256886244,2.256886244,0.730666667,1.021666667,1
0.013806531,0.441795322,0.836065018,-0.957454121,-0.050616909,-1.43761271,1.793519139,0.442011003,78.17589577,0.810063204,-0.926279454,-1.143465658,2.143465658,0.4885,0.8015,1
0.004034793,0.424663374,0.677576347,-0.641988638,-0.012944062,-1.491177092,1.319564985,0.424682541,97.50812568,0.652489945,-0.639459897,-0.98003027,1.98003027,0.666666667,1.026,0
0.00310285,0.424336636,0.644916236,-0.646184841,-0.015450903,-1.493614796,1.291101077,0.42434798,97.71986971,0.640986049,-0.640652137,-0.999479066,1.999479066,0.738333333,1.247666667,0
0.003140592,0.4240885,0.643830039,-0.635054243,-0.006965411,-1.493638606,1.278884282,0.424100129,78.32898172,0.635754575,-0.625501322,-0.983872309,1.983872309,0.327,0.6725,0
0.002645182,0.424521889,0.644542842,-0.670743655,-0.009568325,-1.493876006,1.315286497,0.42453013,97.13977334,0.634470766,-0.653241842,-1.029585407,2.029585407,0.734,0.941,0
0.016686544,0.442454701,0.835878219,-0.954269402,-0.059257879,-1.414958639,1.790147621,0.442769244,89.68609865,0.824196496,-0.939505261,-1.139904459,2.139904459,0.7595,1.1205,1
0.002837693,0.424557192,0.645291854,-0.645816868,-0.010629045,-1.492718781,1.291108722,0.424566676,78.125,0.633932839,-0.633094247,-0.998677158,1.998677158,0.3255,0.5445,0
0.004139209,0.424786483,0.663715949,-0.649269551,-0.007354479,-1.491538332,1.3129855,0.424806649,72.11538462,0.648528446,-0.647922257,-0.999065285,1.999065285,0.6565,1.084,0
0.01677032,0.440678675,0.877088679,-0.925607817,-0.077468424,-1.441373692,1.802696496,0.440997662,79.73421927,0.81197153,-0.915301134,-1.127257668,2.127257668,0.672,0.8545,1
0.002658021,0.424322103,0.642173205,-0.652325573,-0.015493193,-1.492005893,1.294498778,0.424330428,108.1730769,0.63479073,-0.638618133,-1.006029394,2.006029394,0.802666667,1.072333333,0
0.002613992,0.424645253,0.643063195,-0.648512719,-0.011019461,-1.491978597,1.291575914,0.424653298,81.02633356,0.633681304,-0.643866454,-1.016072984,2.016072984,0.885,1.5185,0
0.00272154,0.42487197,0.647279554,-0.668926475,-0.016924676,-1.490541485,1.316206029,0.424880687,97.2972973,0.631081599,-0.652751216,-1.034337267,2.034337267,0.735,1.032,0
0.015907051,0.442055173,0.804306308,-0.940128499,-0.081065087,-1.413791096,1.744434807,0.442341282,94.98680739,0.688900595,-0.900499762,-1.307154861,2.307154861,0.696333333,1.038666667,1
0.014490628,0.442110005,0.872644088,-0.913752167,-0.052403786,-1.434500291,1.786396255,0.442347415,86.89355539,0.83817927,-0.90950425,-1.085095137,2.085095137,0.569,1.014,1
0.00298253,0.425027259,0.643423821,-0.651873449,-0.011975489,-1.489269315,1.29529727,0.425037724,97.56097561,0.638671975,-0.636758785,-0.997004425,1.997004425,0.668,0.91,0
0.003435592,0.424371996,0.637498975,-0.647675468,-0.013900465,-1.491203488,1.285174443,0.424385903,103.1814273,0.634570967,-0.637355699,-1.00438837,2.00438837,0.7425,0.955,0
0.02203236,0.44161656,0.84546307,-0.951618517,-0.054497805,-1.457008319,1.797081587,0.442165819,108.3032491,0.677452152,-0.891166357,-1.3154676,2.3154676,0.727,0.904,1
0.018471537,0.441469917,0.866338456,-0.941701134,-0.056699591,-1.444539857,1.80803959,0.441856182,77.66990291,0.832650204,-0.929550515,-1.116375772,2.116375772,0.482,0.8965,1
0.015044845,0.440092783,0.84972659,-0.922700707,-0.05377047,-1.428597414,1.772427297,0.440349867,78.53403141,0.830562826,-0.875034695,-1.053544257,2.053544257,0.5695,1.118,1
0.016770293,0.442037842,0.870244756,-0.959859616,-0.085308236,-1.439555665,1.830104372,0.442355848,89.61911875,0.810886018,-0.940175964,-1.159442811,2.159442811,0.8295,1.242,1
0.003668684,0.424709609,0.640153918,-0.638367359,-0.011099831,-1.493690759,1.278521277,0.424725454,89.48545861,0.631875623,-0.63731853,-1.008613889,2.008613889,0.7365,1.0865,0
0.002509936,0.424804908,0.643145732,-0.654553984,-0.010732662,-1.488301654,1.297699716,0.424812323,78.48266841,0.637755676,-0.646513569,-1.013732364,2.013732364,0.4345,0.6795,0
0.015933993,0.438408888,0.843983629,-0.921394007,-0.077884402,-1.426696939,1.765377636,0.438698353,82.93020041,0.781134334,-0.882422447,-1.129667982,2.129667982,0.827,1.122,1
0.002832715,0.42442646,0.653480493,-0.6508579,-0.015215009,-1.492755494,1.304338393,0.424435913,97.61388286,0.627268329,-0.643902154,-1.026517878,2.026517878,0.666666667,0.978,0
0.003127921,0.423836119,0.663188561,-0.652298912,-0.012836302,-1.495245742,1.315487473,0.42384766,79.0513834,0.641652595,-0.639379308,-0.996457137,1.996457137,0.521,0.9605,0
0.015991076,0.444291129,0.824586882,-0.919068361,-0.082103148,-1.42381635,1.743655243,0.444578814,98.57612267,0.669306237,-0.907010679,-1.355150497,2.355150497,0.676333333,0.955,1
0.002825275,0.423857883,0.652455063,-0.654522737,-0.015246777,-1.491085748,1.3069778,0.423867299,97.4025974,0.641478733,-0.647136175,-1.008819376,2.008819376,0.668,1.067,0
0.003444146,0.424658976,0.648129177,-0.642159048,-0.008944784,-1.493252555,1.290288225,0.424672942,108.6956522,0.639582248,-0.637894494,-0.997361161,1.997361161,0.802,0.907333333,0
0.016579358,0.441077625,0.848305228,-0.94636901,-0.07182766,-1.424210863,1.794674238,0.44138911,72.11538462,0.827911176,-0.937539181,-1.132415177,2.132415177,0.567,0.7405,1
0.015509336,0.444065298,0.835549699,-0.948456748,-0.082854052,-1.429986953,1.784006447,0.444336054,87.8477306,0.810327754,-0.904465039,-1.116171864,2.116171864,0.62,0.835,1
0.003306107,0.424383302,0.641140905,-0.638950373,-0.015553332,-1.493660259,1.280091278,0.42439618,108.4337349,0.625915677,-0.632467067,-1.01046689,2.01046689,0.795333333,0.973,0
0.002821425,0.424943613,0.643972553,-0.646392615,-0.009139402,-1.491445158,1.290365168,0.42495298,105.6958309,0.541520974,-0.640840567,-1.18340858,2.18340858,0.562,0.962666667,0
0.003894283,0.424925725,0.681590701,-0.639026029,-0.012113249,-1.492376566,1.32061673,0.424943569,97.61388286,0.646915094,-0.636588033,-0.98403645,1.98403645,0.739,1.129,0
0.003470582,0.424459432,0.640606432,-0.651265889,-0.011169996,-1.494981215,1.291872321,0.424473621,78.74015748,0.63916623,-0.647987597,-1.013801366,2.013801366,0.648,1.0715,0
0.003202051,0.425004505,0.637299436,-0.656782818,-0.012254652,-1.49121166,1.294082254,0.425016567,108.3684527,0.633149328,-0.638722723,-1.008802655,2.008802655,0.798,1.036,0
0.016146675,0.440388303,0.845447883,-0.915486862,-0.078020677,-1.428729012,1.760934745,0.440684209,77.51937984,0.7875624,-0.90263339,-1.146110314,2.146110314,0.4025,0.6535,1
0.017429108,0.439210551,0.84759252,-0.893333695,-0.071423104,-1.422885483,1.740926215,0.439556233,70.79646018,0.832456031,-0.891921964,-1.071434323,2.071434323,0.4065,0.9015,1
0.012841868,0.441935049,0.829815604,-0.949199675,-0.091154383,-1.421745776,1.779015279,0.442121591,91.53318078,0.820384888,-0.936469512,-1.141500197,2.141500197,0.769,1.0185,1
0.004051422,0.424273705,0.641578751,-0.639451602,-0.014291084,-1.49197161,1.281030353,0.424293049,78.58546169,0.636289787,-0.629222621,-0.988893164,1.988893164,0.324,0.544,0
0.002822195,0.424721414,0.643711659,-0.646117549,-0.012384816,-1.489558294,1.289829208,0.42473079,80.75370121,0.639309647,-0.641640965,-1.003646617,2.003646617,0.7395,0.9605,0
0.003114723,0.424069729,0.640767311,-0.648955694,-0.013134947,-1.498017901,1.289723005,0.424081167,78.43137255,0.63376976,-0.641672237,-1.012469003,2.012469003,0.432,0.818,0
0.018179322,0.442307743,0.803929879,-0.877571174,-0.071406251,-1.478895154,1.681501053,0.44268118,90.77155825,0.780863963,-0.876131933,-1.122003286,2.122003286,0.7185,0.988,1
0.002479377,0.424577392,0.646147924,-0.657609482,-0.010482295,-1.492721546,1.303757406,0.424584631,117.7240026,0.551039503,-0.644297632,-1.169240369,2.169240369,0.562333333,0.804333333,0
0.01604338,0.438604297,0.846143764,-0.974764953,-0.060357143,-1.4460116,1.820908717,0.438897618,81.9112628,0.820063274,-0.910689628,-1.110511415,2.110511415,0.8245,1.223,1
0.017549799,0.440141098,0.854678331,-0.927116448,-0.062122595,-1.404173502,1.781794779,0.440490841,77.17041801,0.836604689,-0.926526907,-1.107484716,2.107484716,0.4885,0.893,1
0.014970324,0.440450203,0.83270986,-0.970854821,-0.079928709,-1.407488269,1.803564681,0.44070454,87.59124088,0.805694918,-0.881406456,-1.09397048,2.09397048,0.496,1.0125,1
0.003547156,0.425208361,0.648667856,-0.646068521,-0.013830791,-1.49142426,1.294736377,0.425223157,97.45533297,0.634615408,-0.641567503,-1.010954816,2.010954816,0.737,1.245333333,0
0.018764006,0.44236796,0.837588263,-0.932231089,-0.056820594,-1.443803899,1.769819352,0.44276574,71.17437722,0.829726658,-0.911292917,-1.098304975,2.098304975,0.5355,0.8415,1
0.016806175,0.446467383,0.865239523,-0.928313156,-0.066546393,-1.429017559,1.793552679,0.446783584,98.63013699,0.570369436,-0.905638339,-1.587810078,2.587810078,0.575666667,0.917333333,1
0.003174274,0.424962166,0.643230295,-0.654402671,-0.013535572,-1.489331714,1.297632966,0.424974021,79.57559682,0.641010627,-0.64920129,-1.012777734,2.012777734,0.6525,1.0825,0
0.003106147,0.424466005,0.657616397,-0.636118245,-0.01147386,-1.488839119,1.293734642,0.42447737,97.4025974,0.640172518,-0.628872912,-0.982349124,1.982349124,0.734,0.971333333,0
0.019111464,0.439677734,0.86338965,-0.930352218,-0.052759797,-1.457044357,1.793741868,0.440092897,78.58546169,0.81303084,-0.916270675,-1.126981449,2.126981449,0.492,0.7475,1
0.017882467,0.437934812,0.800475001,-0.930038703,-0.041417061,-1.468093832,1.730513704,0.438299763,101.5228426,0.787672836,-0.88758156,-1.126840383,2.126840383,0.6525,1.007,1
0.003270701,0.424883798,0.639017131,-0.643473002,-0.009123521,-1.491992723,1.282490133,0.424896387,89.28571429,0.637932487,-0.633319427,-0.992768733,1.992768733,0.5235,0.775,0
0.003166422,0.424201268,0.645811468,-0.647230174,-0.012430075,-1.491824445,1.293041642,0.424213086,90.09009009,0.636558425,-0.637305726,-1.00117397,2.00117397,0.746,1.307,0
0.003736038,0.424395624,0.65174221,-0.649182808,-0.012811903,-1.493885404,1.300925018,0.424412068,90.02250563,0.640280259,-0.6392728,-0.998426533,1.998426533,0.7385,0.8615,0
0.018344103,0.441443,0.826354393,-0.931894028,-0.066724458,-1.439701263,1.758248421,0.441823979,103.926097,0.539788757,-0.884421527,-1.638458593,2.638458593,0.857333333,1.165,1
0.003258665,0.424366111,0.651258352,-0.639854173,-0.010708681,-1.490149015,1.291112525,0.424378623,72.15874925,0.641565366,-0.639036463,-0.99605823,1.99605823,0.658,0.9855,0
0.002536717,0.424974696,0.659523065,-0.664352452,-0.015552975,-1.488869535,1.323875517,0.424982267,78.17589577,0.638644469,-0.650947181,-1.019263787,2.019263787,0.426,0.6785,0
0.015281503,0.444178165,0.827766812,-0.930740379,-0.075153997,-1.438854,1.758507191,0.444440959,70.42253521,0.80769349,-0.916846753,-1.135141937,2.135141937,0.4085,0.579,1
0.017901257,0.438860378,0.889344855,-0.9153415,-0.057015608,-1.436859951,1.804686355,0.439225325,79.31262393,0.847735916,-0.914311786,-1.078533738,2.078533738,0.4985,0.744,1
0.00339521,0.424957708,0.655026631,-0.64128106,-0.013060243,-1.491367397,1.296307691,0.424971271,89.88764045,0.648367768,-0.629549417,-0.970975808,1.970975808,0.74,0.991,0
0.003058604,0.424009674,0.660090958,-0.646363147,-0.014350676,-1.490281608,1.306454105,0.424020705,108.4337349,0.632145835,-0.638420872,-1.009926566,2.009926566,0.800666667,1.000333333,0
0.003222017,0.424695683,0.652565833,-0.653074659,-0.010657455,-1.493502193,1.305640492,0.424707905,81.41112619,0.640283894,-0.63859814,-0.997367176,1.997367176,0.886,1.186,0
0.014893073,0.445761576,0.824874528,-0.955271963,-0.084965994,-1.415108163,1.780146491,0.446010298,71.68458781,0.811152323,-0.939387592,-1.158090243,2.158090243,0.5355,0.8475,1
0.003515904,0.424662361,0.640467682,-0.648369502,-0.01106417,-1.492572536,1.288837184,0.424676915,107.9784043,0.634244582,-0.642488684,-1.012998301,2.012998301,0.797333333,1.246,0
0.003280232,0.424684055,0.649033875,-0.649754695,-0.007518496,-1.492848965,1.29878857,0.424696723,108.4990958,0.633822829,-0.634858956,-1.001634726,2.001634726,0.8,1.073666667,0
0.002969398,0.42475691,0.646830175,-0.65484468,-0.012106487,-1.490538454,1.301674855,0.42476729,106.0695345,0.583742461,-0.644156229,-1.103493872,2.103493872,0.589333333,0.854666667,0
0.003456401,0.424569867,0.652884719,-0.651614171,-0.015078363,-1.493360989,1.30449889,0.424583936,107.9784043,0.642936509,-0.640286728,-0.995878627,1.995878627,0.795333333,1.123666667,0
0.003411278,0.424109826,0.644980737,-0.655218247,-0.015664151,-1.491294526,1.300198984,0.424123545,97.24473258,0.634804417,-0.64301249,-1.012930082,2.012930082,0.669333333,1.120333333,0
0.003117339,0.424052105,0.652663464,-0.639699227,-0.00911203,-1.495257707,1.292362691,0.424063563,108.3684527,0.637450696,-0.629989498,-0.988295255,1.988295255,0.799,1.006,0
0.017876096,0.443872154,0.887194305,-0.92811294,-0.072439171,-1.425726941,1.815307245,0.444231971,104.1666667,0.837210298,-0.891687354,-1.06506974,2.06506974,0.724,0.903,1
0.002880369,0.424595278,0.646866003,-0.64303571,-0.013394925,-1.488394754,1.289901713,0.424605047,97.77294948,0.639430812,-0.639641794,-1.000329953,2.000329953,0.737,1.123,0
0.014775996,0.445006584,0.853078349,-0.947087758,-0.094679034,-1.419378287,1.800166107,0.445251827,88.23529412,0.820776213,-0.922730814,-1.124217295,2.124217295,0.4965,0.7375,1
0.01497813,0.441019951,0.833669868,-0.908631264,-0.088619714,-1.451987205,1.742301132,0.441274225,89.02077151,0.783547491,-0.901599629,-1.150663667,2.150663667,0.828,1.0065,1
0.019860208,0.43938459,0.815756413,-0.953985506,-0.079057842,-1.434804096,1.769741919,0.439833202,94.38909282,0.532212438,-0.923060344,-1.734383261,2.734383261,0.580333333,0.695666667,1
0.003753337,0.424165257,0.647797704,-0.644423873,-0.012834789,-1.492316011,1.292221577,0.424181863,105.3247513,0.560533918,-0.644398141,-1.149614894,2.149614894,0.562333333,1.037333333,0
0.017352235,0.439544155,0.843218461,-0.94692923,-0.080483964,-1.441719669,1.790147691,0.439886536,78.02340702,0.812179252,-0.921790891,-1.134959909,2.134959909,0.417,0.7985,1
0.003137291,0.424304624,0.65279139,-0.654262834,-0.010714383,-1.493081644,1.307054224,0.424316223,103.8062284,0.642487178,-0.634594488,-0.987715412,1.987715412,0.739,0.9565,0
0.015111652,0.441857835,0.822136961,-0.96436509,-0.074275522,-1.458726669,1.786502051,0.442116171,89.55223881,0.812329713,-0.880834663,-1.084331459,2.084331459,0.764,1.141,1
0.00348933,0.424637898,0.660246483,-0.656749508,-0.012413675,-1.492560973,1.316995991,0.424652234,97.66684753,0.64094097,-0.643788417,-1.004442604,2.004442604,0.738,1.153,0
0.003102876,0.424160208,0.642282088,-0.64890749,-0.012637808,-1.490431879,1.291189578,0.424171557,97.45533297,0.629282109,-0.63506173,-1.009184467,2.009184467,0.669333333,0.942666667,0
0.003584248,0.424713751,0.656667604,-0.639895608,-0.011625233,-1.492656402,1.296563212,0.424728874,97.45533297,0.644078369,-0.63434878,-0.984893781,1.984893781,0.667,0.770666667,0
0.002998752,0.425253706,0.642322399,-0.643150333,-0.013295348,-1.491960638,1.285472732,0.425264279,118.1102362,0.540377112,-0.633896158,-1.173062559,2.173062559,0.562333333,0.688666667,0
0.012746465,0.437456016,0.841394875,-0.901255585,-0.080142051,-1.451315984,1.74265046,0.437641678,108.4990958,0.700791837,-0.875823658,-1.249762929,2.249762929,0.749,1.098333333,1
0.016303828,0.442716215,0.842680924,-0.931353044,-0.076303171,-1.440124825,1.774033968,0.443016322,101.6949153,0.820103072,-0.913991813,-1.114484074,2.114484074,0.661,0.8085,1
0.014159745,0.445003375,0.829300318,-0.900137087,-0.071323655,-1.437752973,1.729437405,0.445228595,116.354234,0.667838666,-0.884643006,-1.324635801,2.324635801,0.728,1.017666667,1
0.01213064,0.444399647,0.828148811,-0.960795905,-0.078746174,-1.406293504,1.788944716,0.444565179,81.3559322,0.820958224,-0.927800001,-1.130142769,2.130142769,0.7115,1.072,1
0.002970137,0.42431354,0.640873727,-0.656838982,-0.012509578,-1.491726811,1.297712709,0.424323935,97.24473258,0.631643819,-0.638285953,-1.010515632,2.010515632,0.668,0.967333333,0
0.003375404,0.424509176,0.653033803,-0.654088029,-0.013892971,-1.492153431,1.307121832,0.424522596,117.1875,0.531730239,-0.639700914,-1.203055359,2.203055359,0.558,0.808666667,0
0.015639797,0.442764061,0.839762135,-0.979684023,-0.074087181,-1.415079868,1.819446158,0.443040198,100.41841,0.812512375,-0.925792577,-1.139419664,2.139419664,0.6735,0.803,1
0.003540046,0.424417588,0.64908109,-0.658707668,-0.011472642,-1.495534004,1.307788758,0.424432351,81.13590264,0.643008503,-0.647554194,-1.007069411,2.007069411,0.8815,1.381,0
0.003032876,0.424236849,0.633179366,-0.656641896,-0.014025081,-1.491840158,1.289821262,0.42424769,70.58823529,0.630924929,-0.650232442,-1.030601918,2.030601918,0.4325,0.9505,0
0.003385483,0.42470952,0.652609039,-0.646499979,-0.010982682,-1.494235442,1.299109018,0.424723013,78.89546351,0.647523236,-0.630436641,-0.973612383,1.973612383,0.654,1.088,0
0.003212938,0.424087178,0.648989562,-0.6507513,-0.010466636,-1.48878512,1.299740862,0.424099349,97.24473258,0.633912367,-0.633788498,-0.999804597,1.999804597,0.667666667,0.959666667,0
0.003057334,0.425490093,0.637201199,-0.656451619,-0.013487819,-1.494377461,1.293652818,0.425501077,89.75317876,0.634213358,-0.647386045,-1.020770118,2.020770118,0.7395,0.959,0
0.016984155,0.439310269,0.846082716,-0.946393967,-0.086417571,-1.431108091,1.792476683,0.439638459,84.74576271,0.807266318,-0.922279245,-1.142472098,2.142472098,0.6675,0.732,1
0.015135333,0.441359842,0.831701996,-0.94240281,-0.079243305,-1.449958469,1.774104806,0.44161928,78.53403141,0.822912234,-0.921928264,-1.120323925,2.120323925,0.49,1.014,1
0.003017213,0.424845768,0.651903228,-0.647692788,-0.01353351,-1.489754943,1.299596016,0.424856482,108.1081081,0.642128307,-0.636699269,-0.991545244,1.991545244,0.8,0.911666667,0
0.00326149,0.42447052,0.64694878,-0.639580235,-0.01550459,-1.494691455,1.286529015,0.424483049,97.08737864,0.635147199,-0.63335965,-0.997185614,1.997185614,0.666333333,0.773333333,0
0.002590354,0.424201824,0.642008704,-0.651561871,-0.011925124,-1.493117095,1.293570575,0.424209733,108.3032491,0.633863401,-0.644653815,-1.017023248,2.017023248,0.800333333,1.127666667,0
0.018687453,0.441981753,0.868664601,-0.922994296,-0.070248153,-1.428898589,1.791658897,0.442376639,86.70520231,0.823459017,-0.901179641,-1.094383111,2.094383111,0.495,0.843,1
0.003383412,0.424455948,0.663704578,-0.64155115,-0.009372917,-1.492827567,1.305255728,0.424469433,97.61388286,0.642456811,-0.634242437,-0.987214123,1.987214123,0.735666667,1.088333333,0
0.016226902,0.43940381,0.835784614,-0.958098925,-0.061175278,-1.443382151,1.793883539,0.439703333,78.89546351,0.810685783,-0.933460048,-1.151444946,2.151444946,0.4965,0.5805,1
0.003393222,0.424365755,0.639880515,-0.654645111,-0.012249219,-1.495705314,1.294525626,0.42437932,96.87836383,0.560752684,-0.642918941,-1.146528512,2.146528512,0.564333333,1.088333333,0
0.002781262,0.424888773,0.644845493,-0.650150096,-0.013392738,-1.490664676,1.294995589,0.424897876,96.98275862,0.632751127,-0.641229584,-1.013399355,2.013399355,0.739,1.005666667,0
0.003570582,0.425745501,0.642819569,-0.650286677,-0.01511625,-1.491442806,1.293106246,0.425760474,108.4990958,0.633303408,-0.636121802,-1.004450306,2.004450306,0.801333333,1.160333333,0
0.015089361,0.43854255,0.815026622,-0.909302784,-0.073515669,-1.429088123,1.724329406,0.43880207,77.87151201,0.796358192,-0.885968312,-1.112524891,2.112524891,0.4975,0.776,1
0.016829256,0.438047485,0.816055162,-0.956838141,-0.054464631,-1.420306673,1.772893303,0.438370645,103.1814273,0.806271627,-0.932545937,-1.156615098,2.156615098,0.7185,1.016,1
0.003200142,0.424110709,0.655874967,-0.649329309,-0.011321987,-1.496212056,1.305204276,0.424122782,90.02250563,0.644824546,-0.634364278,-0.983778117,1.983778117,0.7465,1.088,0
0.003217773,0.424950487,0.642578383,-0.646884869,-0.014789366,-1.49360934,1.289463252,0.42496267,96.93053312,0.632251141,-0.644387357,-1.019195247,2.019195247,0.666666667,0.900333333,0
0.019483151,0.439426162,0.842028627,-0.936253094,-0.060303588,-1.444318414,1.778281721,0.439857869,78.79185817,0.809130815,-0.896867923,-1.108433773,2.108433773,0.409,0.9095,1
0.002398767,0.425539322,0.652039043,-0.661557194,-0.012482003,-1.488051914,1.313596237,0.425546083,105.5718475,0.566946184,-0.645208139,-1.138041242,2.138041242,0.563,0.773666667,0
0.017545414,0.439877589,0.829339976,-0.953238947,-0.062376349,-1.438339701,1.782578923,0.440227367,101.8675722,0.778276582,-0.921892835,-1.184531124,2.184531124,0.673,0.8505,1
0.003101474,0.424336359,0.645993885,-0.650345617,-0.012030993,-1.489575169,1.296339502,0.424347694,97.24473258,0.632001499,-0.642607054,-1.016780902,2.016780902,0.737333333,1.156,0
0.003135276,0.424636786,0.646356548,-0.638743183,-0.012179434,-1.491592315,1.285099731,0.42464836,108.5645356,0.632869456,-0.63302987,-1.000253471,2.000253471,0.802666667,0.971333333,0
0.003194558,0.424407701,0.656647578,-0.652972662,-0.013138345,-1.493285992,1.30962024,0.424419724,90.02250563,0.646296285,-0.643399822,-0.995518367,1.995518367,0.5245,0.989,0
0.016807184,0.439837603,0.846731829,-0.963669572,-0.043363,-1.461634624,1.810401401,0.440158606,89.68609865,0.824981931,-0.917863486,-1.112586168,2.112586168,0.7115,0.8295,1
0.003384658,0.424839341,0.640818004,-0.648434972,-0.01284099,-1.488176453,1.289252976,0.424852824,78.48266841,0.639177456,-0.643534993,-1.006817414,2.006817414,0.3265,0.807,0
0.019157775,0.440151102,0.796497821,-0.946122922,-0.078652652,-1.441280486,1.742620743,0.44056783,90.09009009,0.783631619,-0.901917271,-1.15094548,2.15094548,0.82,1.007,1
0.0042125,0.424295305,0.645212324,-0.659303605,-0.009077705,-1.489754107,1.304515929,0.424316215,102.6518392,0.639359001,-0.648031176,-1.013563858,2.013563858,0.7405,1.0775,0
0.002688934,0.424808034,0.655214418,-0.644555348,-0.014821085,-1.490630919,1.299769766,0.424816544,97.19222462,0.641490126,-0.638342336,-0.995093002,1.995093002,0.665,0.773333333,0
0.015258753,0.440898214,0.816595352,-0.946885919,-0.060479693,-1.439988596,1.763481271,0.441162175,82.13552361,0.807562972,-0.923564803,-1.143644317,2.143644317,0.8275,0.979,1
0.003668734,0.424608901,0.649223455,-0.637822674,-0.014415015,-1.492097778,1.287046129,0.42462475,89.35219657,0.640884941,-0.627154326,-0.978575539,1.978575539,0.655,1.091,0
0.018281902,0.43860065,0.818601009,-0.897961311,-0.054993877,-1.463392963,1.71656232,0.438981501,106.257379,0.553694391,-0.871906067,-1.574706338,2.574706338,0.575,0.762333333,1
0.003185956,0.42446533,0.649715387,-0.648835615,-0.011270852,-1.486877564,1.298551002,0.424477286,97.61388286,0.63600042,-0.63887075,-1.004513094,2.004513094,0.734333333,1.027666667,0
0.014535938,0.441159397,0.830396198,-0.924989801,-0.087563127,-1.425592198,1.755385999,0.441398807,82.13552361,0.813317787,-0.860545589,-1.058068079,2.058068079,0.8305,1.2355,1
0.002983969,0.424304949,0.645913033,-0.647050913,-0.016266006,-1.490337598,1.292963946,0.424315442,105.6338028,0.590175394,-0.641704025,-1.087310708,2.087310708,0.584333333,0.747333333,0
0.003370036,0.425141756,0.660060428,-0.640593144,-0.011498497,-1.493056898,1.300653572,0.425155113,105.6338028,0.549489513,-0.636716554,-1.158741958,2.158741958,0.562,0.969333333,0
0.017706323,0.438611196,0.821825524,-0.952763021,-0.058515775,-1.454105252,1.774588545,0.438968444,80.59100067,0.79905312,-0.946933169,-1.185069109,2.185069109,0.4975,0.641,1
0.019845741,0.442721867,0.833064153,-0.906678316,-0.069271388,-1.428688745,1.739742469,0.443166453,72.50755287,0.823680712,-0.89965447,-1.092236903,2.092236903,0.6675,0.887,1
0.014412415,0.444111629,0.817488666,-0.928309449,-0.08222553,-1.437668707,1.745798115,0.444345425,65.39509537,0.806523618,-0.908495378,-1.126433694,2.126433694,0.5305,1.0235,1
0.003751372,0.4244761,0.65505815,-0.640599601,-0.015447289,-1.492760454,1.295657751,0.424492677,72.24563516,0.644534431,-0.64038164,-0.993556914,1.993556914,0.6555,1.08,0
0.002837835,0.425301555,0.648236237,-0.654513694,-0.012842519,-1.490249736,1.302749931,0.425311022,89.82035928,0.633952519,-0.645649351,-1.018450643,2.018450643,0.738,1.202,0
0.003317722,0.423893686,0.645186452,-0.639645726,-0.010039181,-1.487874721,1.284832178,0.42390667,96.87836383,0.635034456,-0.636012434,-1.00154004,2.00154004,0.663,0.976333333,0
0.014197207,0.443811335,0.847018897,-0.931453465,-0.067874248,-1.441645392,1.778472362,0.444038356,117.7240026,0.557882084,-0.888161753,-1.592024154,2.592024154,0.931,1.301666667,1
0.01724299,0.440569285,0.839902142,-0.918305044,-0.065292912,-1.450760221,1.758207186,0.440906584,87.1459695,0.769551202,-0.914174785,-1.187932372,2.187932372,0.4925,0.639,1
0.015530994,0.442897619,0.82212883,-0.904121692,-0.068795536,-1.44656592,1.726250522,0.443169846,104.7120419,0.645277557,-0.884218738,-1.370292098,2.370292098,0.764333333,1.058333333,1
0.017339897,0.440169474,0.81580543,-0.929446871,-0.091872555,-1.445082945,1.745252301,0.440510883,78.68852459,0.791603461,-0.920739954,-1.163132804,2.163132804,0.422,0.6405,1
0.016428973,0.439765703,0.846861387,-0.923296292,-0.065563578,-1.423767955,1.770157679,0.440072477,80.37508372,0.797059938,-0.914050535,-1.146777665,2.146777665,0.505,0.744,1
0.015644525,0.439163826,0.845329969,-0.922724163,-0.06076765,-1.446718487,1.768054132,0.439442393,78.58546169,0.810918811,-0.911471225,-1.123998127,2.123998127,0.668,1.014,1
0.002317412,0.425012777,0.638013356,-0.640071398,-0.01261764,-1.488558038,1.278084754,0.425019095,97.2972973,0.632212566,-0.638025068,-1.009193904,2.009193904,0.737333333,1.063333333,0
0.018597352,0.438173096,0.839979435,-0.90673696,-0.057620469,-1.454845662,1.746716395,0.438567581,78.43137255,0.830188103,-0.901126556,-1.08544865,2.08544865,0.6655,0.86,1
0.015261892,0.441917014,0.837207596,-0.925680141,-0.077765311,-1.433826251,1.762887737,0.442180475,77.26980039,0.784478819,-0.919240296,-1.171784724,2.171784724,0.539,0.8895,1
0.016367479,0.439933616,0.848971006,-0.973079379,-0.082530243,-1.399504865,1.822050385,0.440237982,71.51370679,0.838229979,-0.948736012,-1.131832594,2.131832594,0.4825,0.7995,1
0.015836774,0.43849357,0.828290569,-0.958925083,-0.060245394,-1.444796234,1.787215652,0.43877946,105.8823529,0.685039689,-0.90914261,-1.327138595,2.327138595,0.676,0.862333333,1
0.018380861,0.440428102,0.838759293,-0.949455329,-0.084019005,-1.398598964,1.788214622,0.440811489,70.21650088,0.813943647,-0.934718142,-1.148381887,2.148381887,0.413,0.7395,1
0.018864096,0.44076005,0.841304747,-0.876059429,-0.055652616,-1.434977097,1.717364176,0.441163548,103.5077631,0.692535628,-0.866087329,-1.250603282,2.250603282,0.727333333,0.951333333,1
0.015793897,0.440089324,0.838061379,-0.932444517,-0.061457493,-1.444186105,1.770505896,0.440372638,77.97270955,0.804751555,-0.928478043,-1.153744951,2.153744951,0.4915,0.743,1
0.002405758,0.424303318,0.645364648,-0.640957088,-0.018229674,-1.489888858,1.286321736,0.424310138,88.823094,0.638656366,-0.63173393,-0.989160937,1.989160937,0.5245,0.956,0
0.01457419,0.444202556,0.858605867,-0.957498078,-0.092851105,-1.4185245,1.816103945,0.44444158,88.69179601,0.813271485,-0.880369776,-1.082504173,2.082504173,0.6585,1.0165,1
0.012132494,0.44567094,0.842423039,-0.905013606,-0.060457019,-1.430381063,1.747436645,0.445836051,91.53318078,0.818936697,-0.893428599,-1.090961733,2.090961733,0.7665,1.0185,1
0.003896964,0.424348929,0.659419312,-0.648515594,-0.011369372,-1.49137328,1.307934906,0.424366822,78.94736842,0.647768229,-0.636888348,-0.983204053,1.983204053,0.5205,0.72,0
0.016176382,0.440207851,0.839530174,-0.921689393,-0.073397085,-1.429506147,1.761219567,0.440504969,99.42004971,0.804207045,-0.914453999,-1.137087774,2.137087774,0.771,0.9895,1
0.003661519,0.425461497,0.644995521,-0.640448185,-0.011635066,-1.492233348,1.285443706,0.425477252,102.739726,0.639466624,-0.633227374,-0.99024304,1.99024304,0.7385,1.0815,0
0.016681721,0.440270078,0.801337292,-0.940006677,-0.06869468,-1.453614694,1.741343969,0.440585998,108.4337349,0.717232619,-0.906803184,-1.264308344,2.264308344,0.736333333,1.163333333,1
0.015735738,0.439539185,0.810318664,-0.901340099,-0.052905268,-1.4571406,1.711658763,0.439820768,79.20792079,0.806747394,-0.887161301,-1.099676686,2.099676686,0.503,0.8485,1
0.014271628,0.44010998,0.848035557,-0.949724959,-0.077363224,-1.436855014,1.797760516,0.440341315,86.83068017,0.779282131,-0.926766715,-1.189256982,2.189256982,0.4865,0.806,1
0.002571805,0.42497641,0.645966495,-0.658959583,-0.015214392,-1.49440963,1.304926078,0.424984192,78.32898172,0.634647614,-0.649992548,-1.024178669,2.024178669,0.323,0.68,0
0.003567912,0.423910312,0.651596372,-0.643719752,-0.014334833,-1.493293853,1.295316124,0.423925327,97.03504043,0.635682349,-0.632835708,-0.995521914,1.995521914,0.665,1.187,0
0.018541283,0.442072093,0.843192867,-0.945205862,-0.072193644,-1.438519667,1.788398729,0.442460749,83.10249307,0.802701668,-0.933767484,-1.163280856,2.163280856,0.7735,1.12,1
0.004042909,0.423699608,0.641119134,-0.637398632,-0.013277608,-1.495279279,1.278517766,0.423718897,103.5375324,0.633829433,-0.636312657,-1.003917812,2.003917812,0.7465,0.958,0
0.016173591,0.44101313,0.847624224,-0.953092904,-0.071711574,-1.438939494,1.800717128,0.441309603,108.4337349,0.733220708,-0.912204828,-1.244106745,2.244106745,0.729,1.069666667,1
0.015981778,0.440493723,0.843505198,-0.937175372,-0.067751974,-1.432732202,1.78068057,0.440783549,87.08272859,0.833419399,-0.927292994,-1.112636681,2.112636681,0.6185,1.0765,1
0.003902739,0.424830203,0.648720221,-0.64814138,-0.009576969,-1.494487985,1.296861601,0.424848129,97.61388286,0.644015847,-0.639780988,-0.993424294,1.993424294,0.735333333,1.123,0
0.017463258,0.440624879,0.84423441,-0.910219465,-0.069624889,-1.438390655,1.754453875,0.440970803,78.63695937,0.828054655,-0.87926968,-1.061849812,2.061849812,0.6645,1.0295,1
0.002932569,0.424042556,0.648450255,-0.659446282,-0.013518848,-1.494894193,1.307896537,0.424052696,79.31262393,0.635704726,-0.652635081,-1.026632419,2.026632419,0.5235,0.722,0
0.003134889,0.423445461,0.644457486,-0.640635523,-0.013003064,-1.49368643,1.285093009,0.423457065,81.13590264,0.633690266,-0.636841215,-1.00497238,2.00497238,0.883,1.2685,0
0.003836888,0.424684747,0.656596604,-0.639945056,-0.008914102,-1.493832311,1.29654166,0.424702079,80.97165992,0.644051685,-0.635160273,-0.986194568,1.986194568,0.738,1.0835,0
0.003402249,0.424646803,0.641049156,-0.634705006,-0.012808125,-1.494714373,1.275754162,0.424660432,89.82035928,0.639083152,-0.633683213,-0.99155049,1.99155049,0.6535,0.9555,0
0.003802889,0.424495245,0.640141111,-0.646795814,-0.011119418,-1.495506429,1.286936925,0.424512279,108.5645356,0.62967413,-0.636491111,-1.010826205,2.010826205,0.805666667,1.031666667,0
0.003576527,0.423506437,0.659037463,-0.643316162,-0.010337375,-1.494564588,1.302353625,0.423521539,78.43137255,0.640771581,-0.63689909,-0.993956519,1.993956519,0.323,0.7215,0
0.014021668,0.438807746,0.844880261,-0.900503297,-0.070761637,-1.444699006,1.745383558,0.439031713,78.3801437,0.760576547,-0.898154025,-1.180885775,2.180885775,0.4225,0.999,1
0.004047589,0.423440593,0.641246639,-0.639730834,-0.014044663,-1.492714563,1.280977473,0.423459937,97.13977334,0.55873006,-0.631655988,-1.130520859,2.130520859,0.562666667,0.851,0
0.003702899,0.424050965,0.639211515,-0.64312604,-0.014007784,-1.492204905,1.282337555,0.424067132,78.63695937,0.636360164,-0.639697281,-1.005244068,2.005244068,0.436,0.5435,0
0.003649042,0.424659823,0.639395295,-0.6467705,-0.011344733,-1.490500872,1.286165795,0.424675501,89.41877794,0.637036228,-0.645636836,-1.013500971,2.013500971,0.525,0.8975,0
0.012754431,0.441689764,0.809402681,-0.936272974,-0.064820727,-1.447228326,1.745675655,0.441873877,99.11894273,0.720522137,-0.892854963,-1.239177697,2.239177697,0.700333333,1.171,1
0.003439956,0.424950253,0.652245065,-0.638644434,-0.011343639,-1.492779091,1.290889499,0.424964176,108.7613293,0.638745404,-0.634001922,-0.992573752,1.992573752,0.803666667,1.039333333,0
0.015662199,0.440706085,0.82322331,-0.968471083,-0.066236132,-1.437739157,1.791694393,0.440984306,116.7315175,0.743797072,-0.904067194,-1.215475602,2.215475602,0.733333333,1.054666667,1
0.016640214,0.442941018,0.837658406,-0.934845991,-0.084895144,-1.434415077,1.772504397,0.443253474,104.0763226,0.784854538,-0.9319404,-1.187405251,2.187405251,0.72,0.8455,1
0.002886175,0.424249618,0.646421474,-0.649856438,-0.011667421,-1.490152286,1.296277912,0.424259435,97.2972973,0.634113637,-0.641754911,-1.012050322,2.012050322,0.661333333,0.838666667,0
0.002782842,0.424052766,0.668865788,-0.644812477,-0.012862119,-1.492509282,1.313678265,0.424061897,97.2972973,0.641092482,-0.635300586,-0.990965584,1.990965584,0.664333333,1.090333333,0
0.014985462,0.443509207,0.825900072,-0.959317522,-0.05918502,-1.444404043,1.785217594,0.443762302,77.72020725,0.811897427,-0.913851749,-1.125575372,2.125575372,0.537,1.0055,1
0.002509612,0.424749801,0.635863982,-0.650364506,-0.01585994,-1.495865263,1.286228488,0.424757215,108.2381239,0.622878176,-0.637799379,-1.023955251,2.023955251,0.801666667,1.18,0
0.003172201,0.425024125,0.659702349,-0.656169436,-0.011075145,-1.494749512,1.315871785,0.425035962,71.89934092,0.653390347,-0.646874885,-0.990028224,1.990028224,0.649,0.9915,0
0.002626858,0.424950846,0.664221348,-0.67730342,-0.011837191,-1.491054456,1.341524768,0.424958965,90.02250563,0.645958345,-0.659416471,-1.020834355,2.020834355,0.5295,1.0905,0
0.003034439,0.425171961,0.642947633,-0.65152966,-0.014679742,-1.488760354,1.294477293,0.425182789,89.88764045,0.635229175,-0.625397678,-0.984522913,1.984522913,0.735,0.8625,0
0.015914954,0.440479169,0.86307327,-0.920821124,-0.057077832,-1.447184687,1.783894394,0.440766587,100.2506266,0.832988175,-0.897618467,-1.077588487,2.077588487,0.7175,1.0065,1
0.016219492,0.443119707,0.829755303,-0.947243732,-0.086916798,-1.413664734,1.776999035,0.443416449,106.6350711,0.691397973,-0.913023547,-1.320547041,2.320547041,0.677666667,0.95,1
0.016394615,0.439323374,0.832319732,-0.949583426,-0.048086022,-1.436191898,1.781903158,0.439629174,78.48266841,0.815642042,-0.93913285,-1.151403191,2.151403191,0.491,0.6375,1
0.003455667,0.425310043,0.653019543,-0.673098674,-0.013423873,-1.489593736,1.326118217,0.425324081,80.53691275,0.639930253,-0.661811922,-1.034193835,2.034193835,0.7415,1.1875,0
0.003106835,0.424942411,0.64230949,-0.660807366,-0.015745015,-1.48914404,1.303116856,0.424953768,72.15874925,0.638284659,-0.645144652,-1.010747544,2.010747544,0.649,1.2965,0
0.00297915,0.425518157,0.644532959,-0.650845645,-0.010870408,-1.492764925,1.295378604,0.425528585,97.45533297,0.631791034,-0.644388367,-1.019939082,2.019939082,0.668333333,0.975333333,0
0.015534137,0.440085344,0.799816026,-0.924094879,-0.062041838,-1.448923155,1.723910905,0.440359421,104.5296167,0.752707709,-0.869548221,-1.155226936,2.155226936,0.7255,1.001,1
0.017508029,0.443782629,0.821910562,-0.916870802,-0.08422837,-1.440471687,1.738781364,0.444127857,78.74015748,0.815569244,-0.892507483,-1.094336856,2.094336856,0.8395,1.1785,1
0.003251746,0.424849283,0.645917897,-0.645606148,-0.014428672,-1.493579546,1.291524045,0.424861727,80.69939475,0.639093621,-0.642404273,-1.005180229,2.005180229,0.8825,1.3025,0
0.003149581,0.424568716,0.659633914,-0.645381631,-0.013039276,-1.490700609,1.305015545,0.424580398,103.2702238,0.643688643,-0.643778763,-1.000140006,2.000140006,0.7425,0.988,0
0.016733765,0.441134955,0.827230753,-0.918989821,-0.063403761,-1.43342295,1.746220574,0.441452226,95.13742072,0.660011095,-0.89425152,-1.354903768,2.354903768,0.669333333,0.991333333,1
0.003721175,0.424382022,0.661603922,-0.645645496,-0.011767329,-1.490820667,1.307249418,0.424398336,70.42253521,0.641058498,-0.641351411,-1.000456921,2.000456921,0.428,0.955,0
0.014348173,0.44271861,0.818106782,-0.912203119,-0.065841424,-1.446968583,1.730309901,0.442951056,89.41877794,0.808270353,-0.896655795,-1.109351335,2.109351335,0.619,1.0045,1
0.003346978,0.423926847,0.637863724,-0.65174404,-0.010568352,-1.48695953,1.289607764,0.423940059,105.6958309,0.582701676,-0.639974605,-1.098288596,2.098288596,0.587333333,0.882,0
0.013443592,0.442707479,0.850946854,-0.930935431,-0.061512769,-1.428384139,1.781882285,0.442911551,90.97801365,0.820012143,-0.904091313,-1.102534054,2.102534054,0.717,1.008,1
0.003019759,0.425076362,0.653926592,-0.647587184,-0.009500882,-1.494778195,1.301513776,0.425087088,78.43137255,0.635304359,-0.644080256,-1.013813689,2.013813689,0.325,0.5355,0
0.012174571,0.441539801,0.844254422,-0.950389108,-0.066429647,-1.421476918,1.79464353,0.441707614,72.24563516,0.833394798,-0.919895083,-1.103792686,2.103792686,0.5655,0.9055,1
0.004477236,0.425172687,0.643595319,-0.643711689,-0.013161483,-1.493866279,1.287307008,0.42519626,108.1081081,0.636330538,-0.637690541,-1.00213726,2.00213726,0.800333333,1.004,0
0.017822984,0.439690277,0.845934878,-0.925438235,-0.075311463,-1.447238372,1.771373113,0.440051359,70.92198582,0.82404302,-0.906827691,-1.100461588,2.100461588,0.487,0.841,1
0.014484715,0.440556357,0.800529186,-0.96504398,-0.068261312,-1.43895309,1.765573166,0.440794408,97.98584649,0.678420709,-0.920661915,-1.35706635,2.35706635,0.674333333,0.986666667,1
0.016653745,0.443046889,0.836698921,-0.954479989,-0.068841176,-1.425627846,1.79117891,0.443359778,82.75862069,0.820289264,-0.925197194,-1.127891385,2.127891385,0.7225,1.0145,1
0.015964768,0.442196039,0.822240396,-0.954471833,-0.072782685,-1.423853525,1.776712229,0.442484136,78.89546351,0.782680043,-0.93185444,-1.190594354,2.190594354,0.503,0.8405,1
0.018054882,0.442550833,0.820482649,-0.952528522,-0.070979703,-1.440716645,1.773011171,0.442918975,71.13218731,0.809259308,-0.925856608,-1.144079035,2.144079035,0.5395,0.6515,1
0.003759717,0.425196238,0.641587472,-0.654787343,-0.014446937,-1.493768381,1.296374815,0.42521286,78.84362681,0.63696753,-0.649323561,-1.019398211,2.019398211,0.436,0.671,0
0.003231569,0.42437879,0.640940867,-0.650301511,-0.013862654,-1.489650303,1.291242378,0.424391094,78.3801437,0.635678851,-0.643730452,-1.012666145,2.012666145,0.3225,0.424,0
0.002957062,0.423478857,0.634656545,-0.648197282,-0.014643645,-1.49409155,1.282853827,0.423489181,117.7240026,0.496394961,-0.640719274,-1.29074492,2.29074492,0.557,0.913666667,0
0.016165545,0.441888464,0.828611236,-0.933605474,-0.068525125,-1.433581275,1.76221671,0.442184056,91.46341463,0.811670144,-0.903015878,-1.112540464,2.112540464,0.67,0.85,1
0.003326918,0.424746524,0.642564211,-0.643490462,-0.017554244,-1.492466111,1.286054673,0.424759553,71.85628743,0.638216347,-0.635135857,-0.995173281,1.995173281,0.6495,1.077,0
0.014618389,0.440945359,0.855498934,-0.932976762,-0.064370656,-1.416431275,1.788475696,0.441187609,90.63444109,0.812961044,-0.908845305,-1.117944471,2.117944471,0.713,1.0755,1
0.015879738,0.444065796,0.83907766,-0.903755234,-0.082798009,-1.428493654,1.742832894,0.444349634,82.24811515,0.808096021,-0.890219465,-1.101625848,2.101625848,0.8275,0.995,1
0.014770343,0.443526745,0.835339997,-0.979735112,-0.076110443,-1.443619927,1.815075109,0.443772618,63.29113924,0.806921504,-0.938666232,-1.163268332,2.163268332,0.5415,0.7415,1
0.003912966,0.4245377,0.647957559,-0.665510313,-0.015147647,-1.49197021,1.313467872,0.424555732,97.2972973,0.631457377,-0.656920549,-1.040324452,2.040324452,0.664333333,0.951333333,1
0.019185624,0.440455794,0.818297644,-0.933391259,-0.075149919,-1.462885989,1.751688903,0.440873445,76.92307692,0.80781659,-0.891439762,-1.103517522,2.103517522,0.4145,1.003,0
0.003230623,0.425487074,0.651711266,-0.642407557,-0.015818928,-1.492061484,1.294118823,0.425499338,108.8270859,0.635325857,-0.63491944,-0.999360301,1.999360301,0.798333333,0.967333333,1
0.002577892,0.423648324,0.650680201,-0.642736318,-0.01229687,-1.490567445,1.293416519,0.423656167,97.71986971,0.529632401,-0.636027032,-1.200883917,2.200883917,0.564,0.847,1
0.01797135,0.44111727,0.835832542,-0.926271092,-0.07806143,-1.433174459,1.762103634,0.441483199,105.6338028,0.509497301,-0.897267103,-1.761083135,2.761083135,0.576,0.792,0
0.003780842,0.424542368,0.647240495,-0.637027317,-0.010933383,-1.495328256,1.284267812,0.424559203,97.56097561,0.544363033,-0.628544555,-1.154642247,2.154642247,0.562,0.761666667,1
0.003514465,0.424554192,0.640203083,-0.671663602,-0.014178361,-1.492171917,1.311866685,0.424568739,79.0513834,0.636827209,-0.651262739,-1.022667893,2.022667893,0.3275,0.632,1
0.015317991,0.441980781,0.814525873,-0.941528876,-0.070038308,-1.400057179,1.756054749,0.442246143,87.5273523,0.797076991,-0.919236678,-1.153259582,2.153259582,0.485,0.791,0
0.002568826,0.423754391,0.642198421,-0.645862199,-0.012926981,-1.492052394,1.28806062,0.423762178,78.74015748,0.636978255,-0.644807332,-1.012290964,2.012290964,0.431,0.7195,1
0.004313555,0.424981494,0.644507044,-0.656395263,-0.012593993,-1.492344519,1.300902307,0.425003385,97.45533297,0.529445393,-0.641230339,-1.211135932,2.211135932,0.56,1.034666667,1
0.00324811,0.425740559,0.635229593,-0.652007603,-0.016688833,-1.494015684,1.287237196,0.425752949,78.48266841,0.630762996,-0.644082927,-1.021117172,2.021117172,0.426,0.8985,1
0.00282735,0.424300042,0.653770577,-0.64818292,-0.016929237,-1.493504686,1.301953497,0.424309462,89.61911875,0.638589903,-0.639096837,-1.000793833,2.000793833,0.738,1.0915,1
0.01609976,0.437400018,0.835185299,-0.932983999,-0.056138048,-1.464879658,1.768169298,0.437696217,77.87151201,0.795482209,-0.931809864,-1.171377378,2.171377378,0.486,0.851,0
0.01656198,0.442803603,0.826175205,-0.926849239,-0.073155339,-1.411653933,1.753024444,0.443113225,102.4765158,0.8006569,-0.91952248,-1.14846007,2.14846007,0.655,1.0105,0
0.014525817,0.440230212,0.842570941,-0.938314092,-0.057847639,-1.443114183,1.780885033,0.440469794,87.01957941,0.813597247,-0.908258927,-1.116349557,2.116349557,0.503,0.7375,0
0.002248736,0.424182366,0.659892273,-0.65997862,-0.01330939,-1.492208001,1.319870893,0.424188327,78.89546351,0.64211818,-0.645919676,-1.005920244,2.005920244,0.434,0.959,1
0.003687999,0.424330099,0.645658932,-0.636346316,-0.012190061,-1.493837538,1.282005248,0.424346126,108.2381239,0.62904002,-0.634850063,-1.009236365,2.009236365,0.796,1.027,1
0.003752316,0.423618914,0.634090157,-0.655540504,-0.011713198,-1.495262953,1.289630661,0.423635532,103.2702238,0.630552106,-0.629267575,-0.997962848,1.997962848,0.7385,0.9555,1
0.002408618,0.425039519,0.64301052,-0.652025911,-0.013320499,-1.4909227,1.295036431,0.425046344,108.2381239,0.633678744,-0.639541591,-1.009252082,2.009252082,0.8,1.155333333,1
0.019676657,0.439897483,0.814207071,-0.985140433,-0.083444032,-1.41812445,1.799347504,0.440337333,78.17589577,0.802028626,-0.934077128,-1.164643129,2.164643129,0.41,0.5515,0
0.017600456,0.442533487,0.842792055,-0.930994388,-0.080236621,-1.445344891,1.773786443,0.442883351,103.0927835,0.832493139,-0.903801079,-1.085655889,2.085655889,0.7205,1.0725,0
0.015453687,0.437786101,0.857199841,-0.956531487,-0.083828296,-1.42766342,1.813731328,0.438058771,82.07934337,0.832700031,-0.91318593,-1.096656533,2.096656533,0.664,0.9625,0
0.002651099,0.424812662,0.65087496,-0.640277671,-0.009893321,-1.493979371,1.291152631,0.424820934,106.257379,0.598849043,-0.63481863,-1.06006453,2.06006453,0.585666667,0.969,1
0.003099286,0.424374035,0.648564471,-0.646538467,-0.009883672,-1.495063964,1.295102938,0.424385352,97.61388286,0.632945882,-0.637757358,-1.007601719,2.007601719,0.667333333,1.011,1
0.003610747,0.425353833,0.647510368,-0.64755814,-0.010225582,-1.490096002,1.295068508,0.425369159,97.4025974,0.553905459,-0.646288067,-1.166784074,2.166784074,0.564666667,0.761666667,1
0.003557909,0.425212507,0.650242111,-0.646054262,-0.008420392,-1.495445859,1.296296373,0.425227392,70.71302298,0.641532109,-0.632682374,-0.986205313,1.986205313,0.4385,0.9625,1
0.015755589,0.440582609,0.843815261,-0.911483276,-0.070200121,-1.452512479,1.755298537,0.440864236,72.37635706,0.813624043,-0.895122084,-1.100166707,2.100166707,0.6155,0.9915,0
0.003357669,0.424691506,0.630375128,-0.650592832,-0.014781706,-1.492668905,1.28096796,0.424704779,97.19222462,0.628943813,-0.64081674,-1.018877563,2.018877563,0.739,1.248666667,1
0.01376477,0.443742576,0.87291568,-0.943734531,-0.062079339,-1.433131107,1.816650211,0.443956015,103.6866359,0.69639923,-0.918324892,-1.318675916,2.318675916,0.754,0.954666667,0
0.003556535,0.424942547,0.652133479,-0.643275979,-0.011972402,-1.489803987,1.295409458,0.424957429,105.2631579,0.618357368,-0.637864801,-1.031547183,2.031547183,0.577666667,0.882666667,1
0.003045799,0.425020436,0.675585273,-0.654133215,-0.013735314,-1.495325459,1.329718488,0.42503135,96.72219237,0.641025118,-0.644184937,-1.004929322,2.004929322,0.663,0.959666667,1
0.016305236,0.442380244,0.839153728,-0.927579612,-0.075917666,-1.440544571,1.76673334,0.442680631,82.87292818,0.811216209,-0.911338163,-1.123422033,2.123422033,0.7215,1.0235,0
0.003011057,0.425608086,0.664404821,-0.660907783,-0.013102023,-1.491711424,1.325312604,0.425618737,103.8062284,0.654467058,-0.64957182,-0.992520268,1.992520268,0.744,1.2,1
0.002925475,0.424687064,0.638064526,-0.646287796,-0.01445297,-1.498754356,1.284352322,0.42469714,97.71986971,0.635102912,-0.636814549,-1.002695054,2.002695054,0.669666667,1.012333333,1
0.003106282,0.424418347,0.654175562,-0.651710001,-0.011713145,-1.492335192,1.305885563,0.424429714,89.55223881,0.649514422,-0.63490576,-0.977508332,1.977508332,0.7385,0.9925,1
0.00364176,0.423903568,0.649969641,-0.647910835,-0.011323384,-1.49488561,1.297880476,0.423919211,81.24576845,0.636970694,-0.631700712,-0.991726492,1.991726492,0.8845,1.263,1
0.013844102,0.443358025,0.848742025,-0.934314108,-0.073092633,-1.419924156,1.783056133,0.443574117,78.63695937,0.816049151,-0.912445888,-1.118126141,2.118126141,0.41,0.845,0
0.002650756,0.423944258,0.645054244,-0.671689972,-0.013672042,-1.489357654,1.316744216,0.423952545,97.50812568,0.634102543,-0.656230259,-1.034896117,2.034896117,0.737666667,0.916666667,1
0.00384418,0.425170285,0.641356862,-0.663579379,-0.005903423,-1.494366643,1.304936241,0.425187663,79.36507937,0.638083591,-0.649884443,-1.01849421,2.01849421,0.5225,0.9,1
0.00299687,0.424612383,0.652284884,-0.644681822,-0.013841736,-1.492494703,1.296966706,0.424622959,106.1320755,0.577702056,-0.633417814,-1.09644376,2.09644376,0.589666667,0.805666667,1
0.018945569,0.439729228,0.837539298,-0.953237571,-0.064375963,-1.425269371,1.790776869,0.44013717,88.30022075,0.82574326,-0.896108005,-1.085213828,2.085213828,0.624,1.183,1
0.010573064,0.444505232,0.803529802,-0.948895441,-0.071561748,-1.420308545,1.752425243,0.444630961,117.9554391,0.651097149,-0.925090613,-1.420818098,2.420818098,0.730666667,0.950666667,1
0.019270702,0.442332793,0.887097554,-0.944422722,-0.061682943,-1.440362394,1.831520276,0.442752368,98.95547004,0.671834909,-0.919828431,-1.369128663,2.369128663,0.703666667,0.996,1
0.00360783,0.425083031,0.656270753,-0.632603167,-0.009039709,-1.492406793,1.28887392,0.425098342,97.87928222,0.644033445,-0.628915566,-0.976526253,1.976526253,0.669333333,0.941666667,0
0.017751124,0.438494617,0.874677737,-0.893628515,-0.05334284,-1.444275,1.768306252,0.43885377,101.9541206,0.834384133,-0.882562378,-1.057741085,2.057741085,0.669,0.8875,1
0.015052038,0.440086603,0.834904996,-0.897049081,-0.045534915,-1.44217339,1.731954077,0.440343936,91.18541033,0.822508978,-0.891996412,-1.08448228,2.08448228,0.7275,1.0065,1
0.00351836,0.425304033,0.641928147,-0.650862924,-0.01066061,-1.488012513,1.292791071,0.425318586,107.6555024,0.636567346,-0.643988259,-1.011657702,2.011657702,0.797333333,1.032,0
0.016861737,0.441716533,0.838845385,-0.943642025,-0.070558702,-1.429406981,1.78248741,0.442038249,66.15214994,0.829039737,-0.931209776,-1.123239012,2.123239012,0.4895,1.017,1
0.021891474,0.444067463,0.83528968,-0.912606811,-0.050866942,-1.444559102,1.747896491,0.444606735,78.48266841,0.830020813,-0.908804277,-1.094917455,2.094917455,0.7215,1.011,1
0.016064531,0.440226731,0.838873482,-0.918788279,-0.066730117,-1.432655173,1.757661761,0.440519743,88.56088561,0.824263544,-0.873907204,-1.060227897,2.060227897,0.816,0.995,1
0.00316431,0.424665136,0.664849486,-0.647291285,-0.009757489,-1.495217678,1.312140771,0.424676925,70.5052879,0.648207312,-0.645955419,-0.996525968,1.996525968,0.431,0.6305,0
0.015199666,0.440780615,0.835834803,-0.937310998,-0.075235541,-1.407789754,1.773145801,0.441042606,104.6207498,0.8019891,-0.909457038,-1.134001744,2.134001744,0.732,1.027,1
0.018465636,0.438802846,0.80605397,-0.92393879,-0.079790519,-1.428431999,1.72999276,0.439191208,77.97270955,0.799898222,-0.908877421,-1.136241332,2.136241332,0.5365,0.845,1
0.021466925,0.441455675,0.837025612,-0.946367833,-0.060070602,-1.436622759,1.783393445,0.441977309,87.33624454,0.826186322,-0.910037782,-1.101492191,2.101492191,0.5015,0.6855,1
0.003691493,0.424731966,0.646353825,-0.645010809,-0.014691184,-1.493005141,1.291364634,0.424748008,80.97165992,0.638962068,-0.634630379,-0.993220742,1.993220742,0.882,0.9895,0
0.017538735,0.442993578,0.847350199,-0.913820521,-0.063920634,-1.442450178,1.76117072,0.443340633,77.97270955,0.837822167,-0.897695048,-1.071462518,2.071462518,0.5355,0.8615,1
0.00391982,0.425444256,0.664972316,-0.650922421,-0.012535278,-1.491266757,1.315894737,0.425462313,89.55223881,0.649114316,-0.636838528,-0.981088403,1.981088403,0.745,1.2035,0
