mean,std,max,peak_to_peak,rms,Label
0.015579,0.43901,0.795916,0.748664,0.439286,1
0.017504,0.437568,0.853141,0.879335,0.437918,1
0.014927,0.441476,0.828718,0.837009,0.441728,1
0.0185,0.440927,0.892738,0.972505,0.441315,1
0.014503,0.440144,0.865031,0.957837,0.440383,1
0.013201,0.44049,0.832635,0.87462,0.440688,1
0.015007,0.441404,0.838878,0.812908,0.441659,1
0.003612,0.425175,0.656645,0.09473,0.425191,1
0.0032,0.425446,0.651285,0.062037,0.425458,1
0.003057,0.425419,0.652456,0.068637,0.42543,1
0.003702,0.424496,0.64595,0.060874,0.424512,1
0.017289,0.445824,0.831679,0.861617,0.446159,0
0.002833,0.424333,0.665069,0.086506,0.424342,1
0.015438,0.439171,0.815731,0.827466,0.439443,0
0.003043,0.424513,0.664057,0.063753,0.424524,1
0.002979,0.424553,0.650597,0.061699,0.424563,1
0.017131,0.444577,0.885126,0.972049,0.444907,0
0.018371,0.439518,0.843087,0.85474,0.439902,0
0.003603,0.423965,0.63832,0.047428,0.423981,1
0.003087,0.424999,0.655361,0.066056,0.42501,1
0.003307,0.424185,0.650599,0.072164,0.424198,1
0.003024,0.423777,0.656926,0.06359,0.423788,1
0.016844,0.442285,0.863564,0.91511,0.442606,0
0.002841,0.42386,0.644194,0.085127,0.42387,1
0.003012,0.424943,0.642109,0.046068,0.424953,1
0.018383,0.444106,0.85996,0.887939,0.444486,0
0.003019,0.424771,0.647322,0.058416,0.424782,1
0.00382,0.424587,0.654479,0.066932,0.424604,1
0.003037,0.425079,0.648676,0.096512,0.42509,1
0.014784,0.44111,0.855934,0.909991,0.441358,0
0.003247,0.424624,0.659943,0.068582,0.424637,1
0.003354,0.424784,0.656452,0.094576,0.424797,1
0.016583,0.437603,0.819748,0.752851,0.437917,0
0.003391,0.425506,0.642442,0.046823,0.425519,1
0.002194,0.424021,0.649784,0.060599,0.424027,1
0.013966,0.444513,0.829516,0.865141,0.444732,0
0.003076,0.424706,0.660092,0.08297,0.424717,1
0.002956,0.424395,0.645677,0.047562,0.424405,1
0.003261,0.424348,0.650114,0.0853,0.42436,1
0.012866,0.442438,0.798901,0.773945,0.442625,0
0.003599,0.42445,0.648402,0.05331,0.424465,1
0.003575,0.423575,0.653504,0.070001,0.42359,1
0.017156,0.443634,0.839648,0.778866,0.443966,0
0.012736,0.44098,0.814575,0.838086,0.441164,0
0.014864,0.442081,0.863249,0.927015,0.442331,0
0.015447,0.440911,0.837635,0.877638,0.441181,0
0.016612,0.441416,0.845368,0.859315,0.441729,0
0.003864,0.424124,0.660219,0.065088,0.424142,1
0.003022,0.424282,0.649502,0.05725,0.424293,1
0.002597,0.424666,0.659467,0.076277,0.424674,1
0.003471,0.425501,0.642852,0.063709,0.425516,1
0.013189,0.4419,0.855504,0.908348,0.442097,0
0.004323,0.42489,0.647654,0.057648,0.424912,1
0.01579,0.439215,0.828186,0.846626,0.439499,0
0.01955,0.44102,0.865631,0.959335,0.441453,0
0.016222,0.442757,0.827084,0.86047,0.443054,0
0.015417,0.440338,0.829587,0.87214,0.440608,0
0.003014,0.424757,0.642197,0.060606,0.424768,1
0.016094,0.438856,0.831785,0.857949,0.439151,0
0.002199,0.4241,0.643545,0.05068,0.424105,0
0.003837,0.425125,0.656899,0.06615,0.425142,0
0.002821,0.424258,0.647958,0.038135,0.424268,0
0.00332,0.424377,0.640859,0.030557,0.42439,0
0.003281,0.424512,0.661458,0.069369,0.424525,0
0.003413,0.424825,0.646457,0.055879,0.424839,0
0.003288,0.424794,0.656325,0.059768,0.424807,0
0.011705,0.443703,0.861712,0.878891,0.443858,1
0.013912,0.442036,0.850062,0.913669,0.442255,1
0.013784,0.4389,0.822061,0.843405,0.439116,1
0.016452,0.440786,0.846265,0.856196,0.441093,1
0.002775,0.424763,0.646624,0.076094,0.424772,0
0.016429,0.439907,0.812667,0.825778,0.440214,1
0.002985,0.424234,0.648035,0.058157,0.424245,0
0.014656,0.444109,0.834728,0.823719,0.444351,1
0.003033,0.424595,0.659497,0.118079,0.424606,0
0.019528,0.440396,0.8303,0.894057,0.440829,1
0.015516,0.437631,0.814868,0.826403,0.437906,1
0.017979,0.442221,0.836522,0.799663,0.442586,1
0.015329,0.441096,0.822169,0.833207,0.441363,1
0.002746,0.424625,0.636032,0.064907,0.424634,0
0.00319,0.423993,0.639207,0.029749,0.424005,0
0.017054,0.442721,0.826376,0.846319,0.443049,1
0.018706,0.440186,0.830266,0.837004,0.440584,1
0.017571,0.440263,0.845615,0.841587,0.440613,1
0.003266,0.424662,0.651028,0.086578,0.424675,0
0.01764,0.443105,0.860543,0.916031,0.443456,1
0.003074,0.424539,0.64752,0.050861,0.42455,0
0.014993,0.444434,0.846682,0.906551,0.444687,1
0.013227,0.44078,0.851387,0.853514,0.440978,1
0.00293,0.425147,0.643168,0.061247,0.425157,0
0.003477,0.424479,0.644781,0.060874,0.424493,0
0.003647,0.424918,0.636115,0.02442,0.424934,0
0.002755,0.424914,0.658106,0.064517,0.424923,0
0.003895,0.424044,0.63252,0.011028,0.424062,0
0.003184,0.424598,0.640437,0.037112,0.42461,0
0.002291,0.425246,0.639669,0.031071,0.425252,0
0.017687,0.438482,0.842724,0.789887,0.438839,1
0.017407,0.441732,0.823911,0.900945,0.442075,1
0.003099,0.424445,0.639828,0.036452,0.424456,0
0.016002,0.437759,0.870908,0.925029,0.438052,1
0.003237,0.425064,0.644519,0.042373,0.425076,0
0.015722,0.44246,0.871073,0.924724,0.44274,1
0.017467,0.439758,0.845177,0.870059,0.440104,1
0.004084,0.424637,0.651509,0.056274,0.424657,0
0.013858,0.439905,0.796508,0.813304,0.440123,1
0.015576,0.440468,0.858993,0.876906,0.440743,1
0.017219,0.442106,0.852671,0.926039,0.442441,1
0.016016,0.437522,0.859388,0.838685,0.437815,1
0.002752,0.425071,0.653535,0.065291,0.42508,0
0.004137,0.424069,0.64646,0.05161,0.424089,0
0.004118,0.42478,0.64427,0.074176,0.4248,0
0.002704,0.424512,0.662968,0.096662,0.42452,0
0.01663,0.439409,0.814105,0.829421,0.439723,1
0.013886,0.440657,0.884059,0.925154,0.440876,1
0.017803,0.435681,0.844355,0.848957,0.436045,1
0.003293,0.424605,0.643697,0.051427,0.424618,0
0.016216,0.439729,0.842088,0.86476,0.440028,1
0.004234,0.425296,0.662287,0.085303,0.425317,0
0.015641,0.438924,0.873094,0.911612,0.439203,1
0.016579,0.442799,0.856103,0.869642,0.44311,1
0.003382,0.424455,0.642488,0.043812,0.424469,0
0.017631,0.444261,0.848176,0.899304,0.444611,1
0.002989,0.425035,0.650571,0.074112,0.425045,0
0.014011,0.43825,0.851583,0.848198,0.438474,1
0.013163,0.440592,0.841815,0.888708,0.440788,1
0.018645,0.440746,0.822694,0.791198,0.44114,1
0.003763,0.424374,0.646362,0.047685,0.424391,0
0.003639,0.424968,0.660893,0.090562,0.424983,0
0.003097,0.42428,0.648742,0.077896,0.424291,0
0.003199,0.42435,0.642672,0.057515,0.424362,0
0.015367,0.441381,0.842768,0.879872,0.441649,1
0.015907,0.440363,0.839515,0.868115,0.44065,1
0.016502,0.442094,0.873097,0.973081,0.442402,1
0.015704,0.441431,0.82652,0.839296,0.441711,1
0.003722,0.424607,0.645886,0.052483,0.424623,0
0.002911,0.424811,0.631605,0.032354,0.424821,0
0.002849,0.424788,0.641519,0.038904,0.424798,0
0.003078,0.424411,0.667523,0.099146,0.424422,0
0.003744,0.424441,0.650912,0.070935,0.424457,0
0.003349,0.423766,0.643504,0.038202,0.423779,0
0.00379,0.424033,0.660316,0.081003,0.42405,0
0.003873,0.424087,0.639183,0.030067,0.424105,0
0.014816,0.443325,0.839391,0.932184,0.443573,1
0.003726,0.424868,0.64649,0.047769,0.424884,0
0.002206,0.424212,0.641089,0.043159,0.424218,0
0.015511,0.442446,0.868576,0.925404,0.442717,1
0.003283,0.423584,0.643384,0.091559,0.423596,0
0.002808,0.424342,0.655223,0.075804,0.424351,0
0.014959,0.43795,0.811084,0.774161,0.438205,1
0.015617,0.442078,0.840388,0.8433,0.442354,1
0.014366,0.439926,0.838497,0.809529,0.44016,1
0.00372,0.424475,0.660462,0.081512,0.424491,0
0.003239,0.424995,0.668824,0.100519,0.425007,0
0.016146,0.441399,0.842072,0.852773,0.441694,1
0.003354,0.424796,0.649014,0.080972,0.424809,0
0.003099,0.424637,0.650154,0.053505,0.424648,0
0.003621,0.424374,0.644941,0.079557,0.42439,0
0.003303,0.424765,0.660323,0.081403,0.424778,0
0.019469,0.441792,0.805967,0.801212,0.442221,1
0.004298,0.4254,0.653307,0.062451,0.425422,0
0.015241,0.440475,0.825026,0.859283,0.440739,1
0.016324,0.443031,0.836966,0.86456,0.443331,1
0.00324,0.424135,0.644326,0.044852,0.424148,0
0.004705,0.424384,0.657468,0.116913,0.42441,0
0.013661,0.438367,0.8,0.81672,0.43858,1
0.003228,0.424562,0.648021,0.053365,0.424574,0
0.018415,0.440143,0.859012,0.8687,0.440528,1
0.01459,0.439971,0.833282,0.85042,0.440212,1
0.014469,0.444783,0.839801,0.858203,0.445018,1
0.015495,0.439479,0.83572,0.879909,0.439752,1
0.00315,0.424223,0.653981,0.070199,0.424235,0
0.019338,0.436784,0.823127,0.76003,0.437212,1
0.003196,0.424628,0.643434,0.040473,0.42464,0
0.00392,0.424324,0.651742,0.067381,0.424342,0
0.002573,0.424299,0.637893,0.032774,0.424307,0
0.002774,0.42429,0.648402,0.064411,0.424299,0
0.012881,0.441863,0.853582,0.835825,0.44205,1
0.01521,0.441133,0.822334,0.846256,0.441396,1
0.0181,0.445745,0.854215,0.854328,0.446112,1
0.003058,0.424365,0.649537,0.070206,0.424376,0
0.017474,0.439352,0.872668,0.922937,0.439699,1
0.018581,0.444045,0.846356,0.822896,0.444433,1
0.003296,0.42488,0.647254,0.06113,0.424893,0
0.003013,0.424576,0.64392,0.035997,0.424587,0
0.016423,0.441118,0.845376,0.899432,0.441424,1
0.019209,0.440296,0.843648,0.881159,0.440714,1
0.003344,0.424584,0.647221,0.083358,0.424597,0
0.002873,0.42502,0.641497,0.067416,0.42503,0
0.018515,0.443833,0.866488,0.848463,0.444219,1
0.017414,0.443123,0.817193,0.814401,0.443465,1
0.003072,0.424263,0.639415,0.048585,0.424274,0
0.003833,0.425037,0.65057,0.069613,0.425054,0
0.003252,0.4245,0.647355,0.061862,0.424512,0
0.015392,0.440637,0.833056,0.807159,0.440906,1
0.003351,0.424218,0.640511,0.042623,0.424231,0
0.002884,0.424826,0.643059,0.069472,0.424836,0
0.003135,0.42421,0.645837,0.042581,0.424222,0
0.003138,0.42426,0.641768,0.057436,0.424272,0
0.003216,0.424895,0.643108,0.071435,0.424907,0
0.002685,0.424427,0.6403,0.032237,0.424435,0
0.016415,0.442307,0.826853,0.807728,0.442611,1
0.017193,0.443284,0.831334,0.849364,0.443618,1
0.015285,0.442302,0.846943,0.853231,0.442566,1
0.017026,0.444059,0.834161,0.838374,0.444385,1
0.003615,0.424615,0.681495,0.13069,0.424631,0
0.003652,0.424494,0.640049,0.028349,0.42451,0
0.003412,0.424864,0.65416,0.073269,0.424878,0
0.016306,0.437866,0.842089,0.838253,0.438169,1
0.003146,0.424815,0.66225,0.069411,0.424827,0
0.003075,0.425437,0.646073,0.062068,0.425449,0
0.017332,0.44489,0.842068,0.885519,0.445227,1
0.013243,0.439864,0.820688,0.830472,0.440063,1
0.019514,0.440401,0.862208,0.952073,0.440833,1
0.004268,0.425074,0.64536,0.07008,0.425096,0
0.003273,0.424332,0.659799,0.070545,0.424345,0
0.003103,0.42487,0.641302,0.064541,0.424882,0
0.003334,0.423664,0.639387,0.034786,0.423677,0
0.003489,0.424747,0.652748,0.091292,0.424761,0
0.020056,0.442565,0.879775,0.925567,0.443019,1
0.00321,0.425084,0.648713,0.045303,0.425096,0
0.015081,0.440991,0.861963,0.883407,0.441249,1
0.003579,0.424852,0.643728,0.045671,0.424867,0
0.014557,0.441235,0.822883,0.830009,0.441475,1
0.003401,0.425403,0.648289,0.056474,0.425417,0
0.003284,0.424737,0.645597,0.04501,0.424749,0
0.004129,0.424365,0.642982,0.048095,0.424386,0
0.003328,0.424804,0.645145,0.049695,0.424817,0
0.016675,0.444932,0.837301,0.882228,0.445244,1
0.018952,0.44054,0.813298,0.796611,0.440948,1
0.016855,0.439438,0.856171,0.929311,0.439761,1
0.002979,0.425199,0.646822,0.05486,0.42521,0
0.016694,0.441287,0.846973,0.899469,0.441602,1
0.017995,0.437885,0.808153,0.851668,0.438255,1
0.003335,0.425104,0.644858,0.059776,0.425117,0
0.003154,0.424259,0.663488,0.070829,0.424271,0
0.015741,0.442735,0.849571,0.880806,0.443015,1
0.002885,0.424514,0.653128,0.06752,0.424524,0
0.016473,0.442073,0.829522,0.837615,0.44238,1
0.003015,0.424462,0.639663,0.033379,0.424473,0
0.015818,0.441644,0.847935,0.964206,0.441927,1
0.002897,0.424745,0.64324,0.030268,0.424755,0
0.014895,0.442292,0.836264,0.827851,0.442543,1
0.002666,0.424221,0.640128,0.05136,0.42423,0
0.014703,0.44148,0.809145,0.792389,0.441725,1
0.004138,0.424363,0.649082,0.047794,0.424384,0
0.003072,0.424695,0.651578,0.064569,0.424706,0
0.019922,0.443795,0.832522,0.835454,0.444242,1
0.003356,0.424856,0.653583,0.070745,0.424869,0
0.004062,0.424127,0.639588,0.065147,0.424147,0
0.013823,0.440325,0.834593,0.861179,0.440542,1
0.017079,0.438594,0.803867,0.792762,0.438927,1
0.015409,0.437708,0.830799,0.82391,0.437979,1
0.018335,0.441185,0.837434,0.872652,0.441565,1
0.01818,0.440588,0.841156,0.87431,0.440963,1
0.003182,0.424866,0.634474,0.045058,0.424878,0
0.015718,0.443939,0.847286,0.866752,0.444217,1
0.014379,0.442374,0.83447,0.867613,0.442607,1
0.002871,0.425242,0.639538,0.05033,0.425251,0
0.003356,0.424412,0.645672,0.044145,0.424425,0
0.00309,0.424635,0.645773,0.047468,0.424646,0
0.002975,0.424424,0.646962,0.055848,0.424435,0
0.01568,0.443425,0.843132,0.831173,0.443702,1
0.00394,0.424515,0.644608,0.053296,0.424533,0
0.014622,0.442534,0.801483,0.807224,0.442776,1
0.003144,0.424121,0.649518,0.062005,0.424133,0
0.015909,0.438217,0.836232,0.813613,0.438505,1
0.003375,0.424503,0.638891,0.03284,0.424516,0
0.014768,0.438444,0.789349,0.787754,0.438692,1
0.015723,0.440673,0.824768,0.876246,0.440953,1
0.002456,0.424671,0.643336,0.039249,0.424678,0
0.014995,0.444034,0.833651,0.857304,0.444287,1
0.003585,0.42525,0.641198,0.059376,0.425265,0
0.016218,0.438577,0.840825,0.889813,0.438877,1
0.019438,0.439213,0.830947,0.805499,0.439643,1
0.003571,0.424966,0.65015,0.072399,0.424981,0
0.00275,0.423246,0.634242,0.033103,0.423255,0
0.003101,0.424198,0.647047,0.072979,0.42421,0
0.014248,0.441604,0.847334,0.905985,0.441834,1
0.002929,0.424356,0.657423,0.055073,0.424366,0
0.016712,0.442119,0.818115,0.788968,0.442434,1
0.002792,0.424383,0.640789,0.056739,0.424392,0
0.01715,0.442469,0.833201,0.809715,0.442802,1
0.016679,0.440728,0.840264,0.822535,0.441043,1
0.002461,0.424772,0.642492,0.053395,0.424779,0
0.004106,0.424855,0.659422,0.066704,0.424874,0
0.013411,0.443664,0.816359,0.865156,0.443866,1
0.003608,0.425374,0.657391,0.076025,0.425389,0
0.020834,0.438872,0.870704,0.893595,0.439366,1
0.00289,0.424121,0.646246,0.037878,0.424131,0
0.003716,0.424739,0.646561,0.047314,0.424755,0
0.015686,0.442643,0.833255,0.866167,0.442921,1
0.003088,0.424607,0.6705,0.095958,0.424619,0
0.002837,0.424728,0.640195,0.041671,0.424738,0
0.004102,0.424622,0.65336,0.097846,0.424642,0
0.016758,0.438374,0.817084,0.815496,0.438694,1
0.014127,0.439529,0.841973,0.829058,0.439756,1
0.003274,0.423911,0.649115,0.058073,0.423924,0
0.003298,0.424499,0.637132,0.040003,0.424512,0
0.018734,0.441193,0.859116,0.871797,0.441591,1
0.014711,0.442561,0.794392,0.743716,0.442805,1
0.01692,0.437801,0.838449,0.920283,0.438127,1
0.015908,0.440818,0.834944,0.882334,0.441105,1
0.002857,0.425177,0.650879,0.052321,0.425186,0
0.01536,0.439845,0.855095,0.891323,0.440113,1
0.015758,0.441083,0.848357,0.977387,0.441364,1
0.015409,0.436646,0.832434,0.876899,0.436918,1
0.017831,0.442394,0.855024,0.850695,0.442754,1
0.018016,0.437966,0.825383,0.824686,0.438336,1
0.018928,0.440933,0.819103,0.747914,0.441339,1
0.013783,0.438722,0.802643,0.75163,0.438939,1
0.003373,0.424938,0.651421,0.059358,0.424951,0
0.017034,0.44344,0.84442,0.878077,0.443767,1
0.017986,0.44329,0.837079,0.879234,0.443655,1
0.003642,0.424311,0.64637,0.072245,0.424327,0
0.002915,0.424506,0.646905,0.053804,0.424516,0
0.021436,0.442682,0.836888,0.87823,0.443201,1
0.002245,0.424664,0.648596,0.063251,0.42467,0
0.018118,0.439587,0.86141,0.949991,0.43996,1
0.019024,0.441823,0.840898,0.882292,0.442232,1
0.003423,0.42523,0.640027,0.060124,0.425244,0
0.01865,0.440804,0.8206,0.799144,0.441198,1
0.00381,0.42446,0.641465,0.044146,0.424478,0
0.003371,0.423851,0.632212,0.054939,0.423865,0
0.003163,0.424795,0.638606,0.026411,0.424807,0
0.017186,0.442631,0.829921,0.851213,0.442965,1
0.003668,0.424744,0.657549,0.066012,0.42476,0
0.003528,0.424203,0.641336,0.056595,0.424217,0
0.002944,0.424035,0.656069,0.073477,0.424046,0
0.016533,0.44079,0.832625,0.879526,0.4411,1
0.002989,0.424304,0.659475,0.080221,0.424315,0
0.016518,0.439316,0.797251,0.796435,0.439626,1
0.00339,0.424739,0.645231,0.073308,0.424752,0
0.019161,0.439276,0.848157,0.870855,0.439693,1
0.013891,0.444737,0.842609,0.829115,0.444954,1
0.017003,0.438362,0.801896,0.799792,0.438691,1
0.019178,0.44017,0.81927,0.840393,0.440588,1
0.015246,0.441463,0.834908,0.847875,0.441727,1
0.014572,0.441096,0.823664,0.865435,0.441337,1
0.003375,0.424807,0.650105,0.080076,0.424821,0
0.002464,0.423904,0.642217,0.029838,0.423911,0
0.016978,0.444308,0.841975,0.903461,0.444632,1
0.017643,0.438973,0.826552,0.865561,0.439328,1
0.018015,0.440416,0.831426,0.836576,0.440784,1
0.013943,0.441535,0.821041,0.82802,0.441755,1
0.017215,0.443235,0.837505,0.88049,0.443569,1
0.015742,0.441075,0.844093,0.778686,0.441356,1
0.0152,0.441544,0.841398,0.899417,0.441805,1
0.019759,0.439722,0.818711,0.882415,0.440165,1
0.003484,0.424554,0.655959,0.079577,0.424568,0
0.003762,0.424494,0.644325,0.045507,0.424511,0
0.013498,0.443224,0.835243,0.887862,0.44343,1
0.017025,0.44246,0.830377,0.831876,0.442788,1
0.002885,0.425346,0.645807,0.055678,0.425356,0
0.003851,0.424707,0.667996,0.099985,0.424725,0
0.002284,0.424701,0.647978,0.072969,0.424707,0
0.013943,0.441416,0.827286,0.89614,0.441636,1
0.016818,0.439845,0.853308,0.861925,0.440166,1
0.014124,0.439979,0.85079,0.900117,0.440206,1
0.016905,0.438735,0.843559,0.864845,0.439061,1
0.00336,0.423508,0.649906,0.065391,0.423521,0
0.004104,0.424927,0.648475,0.080385,0.424947,0
0.013591,0.444666,0.815778,0.828697,0.444874,1
0.016543,0.440037,0.814562,0.847775,0.440348,1
0.003585,0.424868,0.6493,0.047539,0.424883,0
0.017252,0.442062,0.848631,0.87225,0.442399,1
0.003246,0.424362,0.647736,0.061432,0.424374,0
0.013081,0.438478,0.86171,0.906553,0.438673,1
0.004054,0.424384,0.649449,0.073414,0.424404,0
0.003183,0.423945,0.636663,0.037734,0.423957,0
0.01789,0.442343,0.826431,0.825882,0.442704,1
0.018214,0.440381,0.824025,0.83384,0.440757,1
0.015817,0.441916,0.851952,0.878401,0.442199,1
0.015111,0.435364,0.824741,0.847667,0.435626,1
0.003665,0.424705,0.642837,0.040829,0.424721,0
0.00319,0.424577,0.644997,0.062796,0.424589,0
0.003965,0.425381,0.651506,0.049828,0.4254,0
0.018777,0.442587,0.835313,0.832677,0.442985,1
0.015707,0.440782,0.826332,0.803306,0.441061,1
0.003747,0.425319,0.652212,0.077896,0.425336,0
0.003353,0.425115,0.647622,0.047826,0.425128,0
0.017066,0.439306,0.834527,0.84569,0.439637,1
0.002835,0.424349,0.654134,0.053071,0.424359,0
0.019772,0.439973,0.834379,0.879484,0.440417,1
0.003988,0.424166,0.653946,0.07055,0.424185,0
0.002692,0.424645,0.640956,0.054494,0.424654,0
0.003213,0.423939,0.638229,0.037077,0.423951,0
0.012303,0.443298,0.838978,0.862971,0.443468,1
0.003708,0.424893,0.653242,0.06746,0.42491,0
0.003433,0.423571,0.649689,0.053454,0.423585,0
0.002863,0.424394,0.641283,0.0588,0.424404,0
0.016125,0.441412,0.876128,0.904962,0.441707,1
0.015513,0.44269,0.858168,0.883624,0.442962,1
0.003654,0.424826,0.642201,0.053449,0.424842,0
0.015272,0.439709,0.80944,0.78399,0.439975,1
0.002961,0.424293,0.647013,0.069156,0.424303,0
0.013447,0.442,0.845125,0.929986,0.442204,1
0.003456,0.424948,0.667988,0.084851,0.424962,0
0.01708,0.441811,0.806935,0.795009,0.442141,1
0.003463,0.423872,0.653558,0.0551,0.423886,0
0.003667,0.424248,0.647777,0.068323,0.424264,0
0.015403,0.440652,0.82153,0.843195,0.440921,1
0.013919,0.441406,0.828434,0.855517,0.441625,1
0.014447,0.440584,0.83454,0.838801,0.44082,1
0.003095,0.424491,0.662817,0.082866,0.424502,0
0.003257,0.424985,0.649972,0.064947,0.424997,0
0.00281,0.424457,0.660024,0.07141,0.424466,0
0.003211,0.424308,0.635649,0.037364,0.42432,0
0.018006,0.438963,0.805997,0.785978,0.439332,1
0.014306,0.440949,0.839746,0.843855,0.441181,1
0.003917,0.424699,0.650961,0.097375,0.424717,0
0.004041,0.425355,0.651352,0.057732,0.425374,0
0.003514,0.424793,0.64772,0.050809,0.424808,0
0.013077,0.443157,0.857603,0.924573,0.44335,1
0.013546,0.441376,0.820585,0.83559,0.441584,1
0.018824,0.444383,0.83861,0.844938,0.444781,1
0.004256,0.424041,0.650577,0.052156,0.424062,0
0.014617,0.442679,0.846608,0.871943,0.44292,1
0.013268,0.440685,0.831411,0.828944,0.440884,1
0.016333,0.440909,0.856163,0.880692,0.441211,1
0.003304,0.424678,0.647863,0.046333,0.424691,0
0.017524,0.442997,0.840388,0.890127,0.443343,1
0.003553,0.425477,0.642751,0.056133,0.425491,0
0.016546,0.441119,0.843795,0.912,0.441429,1
0.003753,0.424245,0.654398,0.061024,0.424262,0
0.003699,0.424179,0.648662,0.047043,0.424195,0
0.002954,0.424241,0.639981,0.087234,0.424251,0
0.016834,0.438875,0.859652,0.871614,0.439197,1
0.014916,0.441058,0.823988,0.843364,0.44131,1
0.002962,0.423594,0.653476,0.064853,0.423605,0
0.012124,0.440923,0.855146,0.85565,0.44109,1
0.01463,0.43861,0.827123,0.844328,0.438854,1
0.012443,0.442068,0.847222,0.909297,0.442243,1
0.01922,0.440151,0.86089,0.854688,0.440571,1
0.004149,0.425753,0.659342,0.083309,0.425773,0
0.01525,0.440596,0.855951,0.91254,0.44086,1
0.002435,0.424656,0.654309,0.061156,0.424662,0
0.015458,0.438891,0.847841,0.895413,0.439164,1
0.002706,0.424599,0.650014,0.076737,0.424608,0
0.019246,0.442355,0.825149,0.852912,0.442773,1
0.003692,0.424568,0.651801,0.069633,0.424584,0
0.015901,0.44034,0.846011,0.879785,0.440627,1
0.00355,0.425254,0.648657,0.053489,0.425269,0
0.003719,0.424763,0.640572,0.060841,0.424779,0
0.002942,0.424303,0.646045,0.049348,0.424313,0
0.015246,0.43854,0.81307,0.805827,0.438805,1
0.014713,0.440988,0.825062,0.809954,0.441233,1
0.004015,0.425143,0.642495,0.059665,0.425162,0
0.017032,0.440297,0.840432,0.849172,0.440626,1
0.002775,0.425053,0.64326,0.046402,0.425062,0
0.003674,0.424684,0.650885,0.065567,0.4247,0
0.015061,0.441663,0.866885,0.88654,0.44192,1
0.015142,0.443967,0.874808,0.934767,0.444225,1
0.003483,0.425527,0.648056,0.11011,0.425542,0
0.003354,0.424675,0.644232,0.071936,0.424688,0
0.003318,0.424742,0.636387,0.028145,0.424755,0
0.003003,0.4247,0.645406,0.049237,0.424711,0
0.014408,0.442179,0.838871,0.795333,0.442414,1
0.002184,0.42433,0.637026,0.040183,0.424335,0
0.00319,0.424169,0.6432,0.065587,0.424181,0
0.003109,0.424077,0.638534,0.037203,0.424088,0
0.002093,0.425252,0.640523,0.055708,0.425257,0
0.003415,0.423812,0.63904,0.037361,0.423826,0
0.00355,0.424413,0.652972,0.080755,0.424428,0
0.013468,0.439375,0.85295,0.923283,0.439581,1
0.003648,0.424216,0.649606,0.058115,0.424232,0
0.019508,0.440211,0.83506,0.844869,0.440643,1
0.010869,0.439977,0.826869,0.843887,0.440111,1
0.015359,0.439301,0.836039,0.855986,0.43957,1
0.016328,0.442101,0.826765,0.896041,0.442402,1
0.00344,0.424421,0.651074,0.093106,0.424435,0
0.016551,0.43934,0.825753,0.841992,0.439652,1
0.016731,0.440812,0.861183,0.894682,0.441129,1
0.014746,0.443903,0.829689,0.783031,0.444148,1
0.003372,0.424216,0.633723,0.029392,0.42423,0
0.017847,0.44382,0.839823,0.913839,0.444179,1
0.003483,0.424233,0.640961,0.059766,0.424247,0
0.016044,0.441919,0.850616,0.859604,0.44221,1
0.013344,0.44311,0.855821,0.907767,0.44331,1
0.016355,0.443712,0.842984,0.83715,0.444013,1
0.002924,0.4251,0.650305,0.072648,0.42511,0
0.017003,0.4463,0.846042,0.893093,0.446624,1
0.003345,0.42497,0.650195,0.05403,0.424983,0
0.003296,0.424364,0.653259,0.06056,0.424377,0
0.01773,0.442495,0.842451,0.842111,0.44285,1
0.020746,0.43875,0.845474,0.815009,0.43924,1
0.003364,0.424614,0.641867,0.031234,0.424627,0
0.003341,0.424844,0.64658,0.072258,0.424857,0
0.003456,0.423894,0.649763,0.078202,0.423908,0
0.003301,0.424695,0.641398,0.07968,0.424708,0
0.015725,0.438636,0.835366,0.903275,0.438918,1
0.002655,0.424932,0.652464,0.051793,0.424941,0
0.003952,0.424116,0.652984,0.068778,0.424134,0
0.003502,0.424185,0.641873,0.042302,0.424199,0
0.017031,0.441052,0.841206,0.914838,0.441381,1
0.012528,0.440669,0.82144,0.799161,0.440847,1
0.002436,0.424411,0.665641,0.08345,0.424418,0
0.016856,0.43977,0.787619,0.757858,0.440093,1
0.0139,0.439961,0.823417,0.876511,0.44018,1
0.003009,0.424543,0.655375,0.07789,0.424554,0
0.015269,0.4409,0.835592,0.831456,0.441165,1
0.003743,0.425221,0.640848,0.063289,0.425237,0
0.016682,0.439784,0.837574,0.857716,0.4401,1
0.020738,0.442684,0.833541,0.866118,0.44317,1
0.015187,0.441446,0.821195,0.848415,0.441707,1
0.017753,0.443788,0.841574,0.868036,0.444143,1
0.015942,0.441627,0.862763,0.877601,0.441915,1
0.002795,0.423945,0.652195,0.089379,0.423955,0
0.003431,0.424762,0.646593,0.051333,0.424776,0
0.003471,0.424767,0.644473,0.069588,0.424781,0
0.003501,0.42456,0.657909,0.06308,0.424574,0
0.003086,0.424448,0.654766,0.060841,0.424459,0
0.014937,0.440067,0.823007,0.805157,0.440321,1
0.002923,0.424909,0.651181,0.062839,0.424919,0
0.016306,0.438425,0.839861,0.789022,0.438728,1
0.016263,0.441818,0.84408,0.844797,0.442117,1
0.002991,0.423985,0.640009,0.045868,0.423996,0
0.014575,0.442694,0.854001,0.798808,0.442934,1
0.003227,0.42325,0.643266,0.075523,0.423262,0
0.013703,0.44339,0.832096,0.792792,0.443602,1
0.015272,0.441479,0.838389,0.934057,0.441743,1
0.003363,0.424367,0.641513,0.073331,0.42438,0
0.016892,0.440604,0.85499,0.909055,0.440928,1
0.002908,0.424564,0.652968,0.074908,0.424574,0
0.003007,0.424479,0.638645,0.024249,0.424489,0
0.015764,0.443288,0.840308,0.852155,0.443569,1
0.017465,0.441688,0.857621,0.874351,0.442034,1
0.019444,0.442054,0.885334,0.941287,0.442482,1
0.014338,0.437629,0.842427,0.828408,0.437864,1
0.003007,0.424188,0.64584,0.043632,0.424199,0
0.012525,0.441972,0.808121,0.868912,0.44215,1
0.002662,0.424678,0.640559,0.05905,0.424687,0
0.003256,0.424962,0.652874,0.069084,0.424975,0
0.016105,0.439748,0.82535,0.750424,0.440042,1
0.003076,0.424484,0.641015,0.046185,0.424495,0
0.003021,0.425234,0.651802,0.105353,0.425245,0
0.003095,0.423836,0.644597,0.059344,0.423847,0
0.003454,0.424043,0.648184,0.042408,0.424057,0
0.019412,0.438528,0.810045,0.783209,0.438957,1
0.003541,0.425384,0.656873,0.077508,0.425399,0
0.014026,0.446075,0.875306,0.984396,0.446296,1
0.002879,0.424886,0.662969,0.104534,0.424896,0
0.015687,0.438022,0.831567,0.817955,0.438303,1
0.002838,0.423924,0.630175,0.043735,0.423934,0
0.015817,0.442043,0.81552,0.841008,0.442326,1
0.015739,0.442015,0.859161,0.901577,0.442295,1
0.018465,0.438021,0.836044,0.870022,0.43841,1
0.003688,0.424087,0.639954,0.04204,0.424103,0
0.015898,0.443238,0.821458,0.847617,0.443524,1
0.014838,0.439982,0.865801,0.874058,0.440232,1
0.003115,0.424123,0.646581,0.047265,0.424134,0
0.017933,0.440882,0.867294,0.892875,0.441247,1
0.003093,0.424995,0.641561,0.037238,0.425006,0
0.016911,0.439955,0.86117,0.848525,0.44028,1
0.003351,0.424497,0.642581,0.050429,0.42451,0
0.004245,0.424705,0.650702,0.052309,0.424727,0
0.003607,0.42479,0.644546,0.077416,0.424805,0
0.02117,0.443391,0.849808,0.93665,0.443896,1
0.017625,0.439834,0.821962,0.896227,0.440187,1
0.00342,0.425036,0.635132,0.056571,0.425049,0
0.018939,0.438755,0.818074,0.773153,0.439164,1
0.015469,0.443232,0.837561,0.828153,0.443501,1
0.017693,0.438993,0.827542,0.911529,0.439349,1
0.002326,0.42424,0.644095,0.057467,0.424247,0
0.003286,0.424898,0.662219,0.101428,0.42491,0
0.014495,0.444622,0.81549,0.810924,0.444858,1
0.002955,0.425517,0.645203,0.03481,0.425527,0
0.003444,0.424628,0.644837,0.058101,0.424642,0
0.015803,0.438862,0.86456,0.924104,0.439147,1
0.015183,0.4443,0.852433,0.850259,0.44456,1
0.00462,0.424832,0.651191,0.042033,0.424857,0
0.01605,0.441339,0.84272,0.925794,0.441631,1
0.002952,0.424295,0.64499,0.052364,0.424305,0
0.002717,0.424412,0.649049,0.051912,0.424421,0
0.015365,0.441768,0.831863,0.927759,0.442035,1
0.002807,0.424397,6.30E-01,0.035767,0.424406,0
0.003572,0.423926,0.643873,0.060253,0.423941,0
0.016992,0.44123,0.849251,0.848633,0.441557,1
0.004446,0.424824,0.651303,0.071082,0.424847,0
0.011443,0.444524,0.814415,0.865003,0.444672,1
0.002896,0.42488,0.649258,0.058011,0.42489,0
0.015139,0.4411,0.831128,0.864869,0.441359,1
0.003444,0.424362,0.652022,0.059403,0.424376,0
0.003611,0.424688,0.643191,0.040797,0.424704,0
0.012813,0.440988,0.827772,0.879971,0.441174,1
0.003593,0.425246,0.63857,0.046595,0.425262,0
0.002572,0.42482,0.644796,0.058478,0.424827,0
0.00349,0.425242,0.653348,0.072241,0.425257,0
0.016949,0.442314,0.803819,0.754963,0.442638,1
0.002877,0.424619,0.665957,0.114508,0.424629,0
0.003617,0.424961,0.649618,0.084011,0.424977,0
0.014199,0.443983,0.833315,0.852007,0.44421,1
0.002788,0.425054,0.649154,0.049647,0.425063,0
0.003472,0.424651,0.642551,0.063405,0.424665,0
0.014681,0.439859,0.843909,0.885094,0.440104,1
0.017728,0.438165,0.824382,0.844142,0.438523,1
0.015387,0.442754,0.881556,0.901901,0.443021,1
0.018551,0.443009,0.825543,0.845952,0.443397,1
0.01295,0.441135,0.820329,0.858671,0.441325,1
0.003154,0.424749,0.658381,0.06464,0.424761,0
0.017489,0.442102,0.855923,0.879592,0.442448,1
0.003244,0.423871,0.63709,0.039294,0.423884,0
0.017807,0.443981,0.864118,0.861493,0.444338,1
0.014335,0.437429,0.857868,0.867553,0.437664,1
0.003531,0.42464,0.666652,0.082764,0.424655,0
0.003034,0.424009,0.644195,0.04702,0.424019,0
0.015892,0.439118,0.835829,0.850774,0.439406,1
0.01572,0.440369,0.859464,0.925323,0.44065,1
0.013778,0.439546,0.802272,0.789892,0.439762,1
0.002775,0.42506,0.647533,0.033785,0.425069,0
0.003021,0.424433,0.647361,0.053978,0.424444,0
0.002529,0.423785,0.635272,0.044952,0.423793,0
0.019864,0.437285,0.84624,0.835036,0.437736,1
0.016405,0.441489,0.851118,0.907275,0.441794,1
0.003193,0.424251,0.634699,0.039947,0.424263,0
0.018002,0.441385,0.867909,0.889022,0.441752,1
0.002977,0.423981,0.638242,0.052883,0.423992,0
0.019659,0.439569,0.846178,0.882193,0.440009,1
0.003008,0.424977,0.643442,0.062072,0.424988,0
0.017972,0.440514,0.811443,0.789243,0.440881,1
0.003849,0.424651,0.65934,0.072191,0.424668,0
0.018532,0.441783,0.831924,0.847627,0.442171,1
0.004095,0.423483,0.64443,0.035037,0.423503,0
0.003288,0.424142,0.650068,0.044951,0.424155,0
0.003211,0.424509,0.648441,0.062754,0.424521,0
0.003641,0.424829,0.654147,0.061798,0.424845,0
0.015039,0.439759,0.86962,0.872208,0.440016,1
0.003383,0.424104,0.640913,0.066759,0.424117,0
0.003409,0.42428,0.636679,0.046701,0.424294,0
0.002643,0.424412,0.646118,0.060125,0.42442,0
0.002572,0.424991,0.656665,0.08812,0.424999,0
0.015265,0.44066,0.890797,0.935884,0.440924,1
0.002976,0.425333,0.658299,0.093343,0.425343,0
0.002898,0.42422,0.648402,0.082211,0.42423,0
0.003261,0.424724,0.641661,0.051259,0.424737,0
0.003825,0.424203,0.653149,0.062529,0.42422,0
0.016347,0.44155,0.807363,0.750414,0.441852,1
0.017696,0.443803,0.803692,0.790399,0.444156,1
0.013052,0.441466,0.799728,0.803937,0.441658,1
0.016276,0.441356,0.848034,0.896486,0.441656,1
0.018559,0.438815,0.839569,0.861537,0.439208,1
0.003019,0.424935,0.667611,0.087374,0.424945,0
0.014539,0.440653,0.845904,0.874845,0.440893,1
0.01313,0.44201,0.855106,0.878821,0.442205,1
0.00286,0.423779,0.656769,0.076717,0.423788,0
0.014522,0.439572,0.826839,0.796007,0.439811,1
0.016085,0.44127,0.84359,0.912415,0.441563,1
0.002768,0.424132,0.638308,0.027126,0.424141,0
0.016424,0.445361,0.812746,0.865682,0.445664,1
0.015688,0.441646,0.836514,0.828736,0.441924,1
0.015457,0.443047,0.866409,0.892045,0.443317,1
0.016004,0.443022,0.807601,0.781798,0.443311,1
0.003386,0.424868,0.644057,0.028973,0.424881,0
0.00359,0.424262,0.656145,0.086863,0.424277,0
0.020319,0.438954,0.861799,0.858104,0.439425,1
0.014944,0.441468,0.824708,0.834278,0.44172,1
0.017776,0.443381,0.836481,0.829767,0.443737,1
0.003173,0.424978,0.652379,0.092194,0.42499,0
0.01591,0.443907,0.828924,0.842949,0.444192,1
0.01451,0.443546,0.845659,0.914991,0.443783,1
0.016149,0.443707,0.83435,0.82847,0.444001,1
0.016992,0.440074,0.858818,0.888713,0.440402,1
0.017992,0.442587,0.830733,0.836814,0.442953,1
0.014567,0.440407,0.848762,0.899442,0.440648,1
0.003469,0.424048,0.668682,0.122813,0.424063,0
0.003259,0.423963,0.640889,0.046602,0.423976,0
0.003429,0.424224,0.653243,0.073985,0.424237,0
0.015216,0.442006,0.830781,0.83132,0.442268,1
0.015987,0.436975,0.8215,0.85608,0.437267,1
0.016252,0.438135,0.833286,0.785908,0.438436,1
0.01522,0.439823,0.8738,0.891407,0.440086,1
0.02146,0.441171,0.848345,0.931885,0.441693,1
0.013708,0.441495,0.822043,0.802478,0.441708,1
0.004092,0.424984,0.667933,0.086158,0.425004,0
0.014996,0.439134,0.849514,0.861821,0.43939,1
0.015796,0.443169,0.854903,0.89856,0.443451,1
0.016697,0.441405,0.846914,0.846094,0.44172,1
0.002587,0.424959,0.641841,0.046993,0.424967,0
0.002662,0.424307,0.646252,0.067282,0.424315,0
0.002892,0.424691,0.642982,0.040485,0.424701,0
0.002664,0.424482,0.644177,0.054427,0.42449,0
0.011483,0.444888,0.832066,0.90893,0.445036,1
0.004019,0.424266,0.641449,0.034195,0.424285,0
0.002491,0.425206,0.647509,0.075402,0.425214,0
0.00317,0.4246,0.644119,0.069897,0.424612,0
0.017866,0.439857,0.856652,0.907218,0.44022,1
0.003264,0.42414,0.656722,0.071205,0.424153,0
0.015658,0.442453,0.838033,0.838984,0.44273,1
0.002479,0.42421,0.649095,0.065501,0.424218,0
0.003033,0.424197,0.666387,0.078666,0.424208,0
0.004475,0.424208,0.643887,0.04442,0.424232,0
0.003081,0.423877,0.647569,0.090829,0.423889,0
0.003131,0.424304,0.637201,0.031135,0.424315,0
0.002796,0.424469,0.636378,0.033357,0.424478,0
0.016371,0.440179,0.834054,0.927733,0.440483,1
0.003978,0.42366,0.637344,0.033476,0.423678,0
0.016466,0.438997,0.824435,0.813509,0.439306,1
0.003443,0.424875,0.649442,0.052596,0.424889,0
0.016494,0.444709,0.831571,0.900381,0.445015,1
0.020341,0.437647,0.817404,0.774838,0.438119,1
0.00313,0.424806,0.648662,0.066195,0.424818,0
0.01733,0.439897,0.839163,0.889298,0.440238,1
0.013391,0.440416,0.826978,0.783254,0.44062,1
0.004149,0.424882,0.641012,0.049811,0.424902,0
0.003053,0.424692,0.650031,0.060847,0.424703,0
0.013463,0.442542,0.854754,0.863634,0.442746,1
0.002587,0.423319,0.634877,0.022427,0.423327,0
0.015649,0.442837,0.807051,0.824544,0.443113,1
0.017441,0.440132,0.837436,0.829105,0.440478,1
0.01634,0.444517,0.837055,0.83253,0.444817,1
0.003685,0.424655,0.653984,0.07144,0.424671,0
0.00295,0.424821,0.654937,0.073335,0.424831,0
0.019767,0.438878,0.852731,0.895398,0.439323,1
0.019572,0.43976,0.833649,0.831037,0.440195,1
0.015104,0.439359,0.809445,0.818828,0.439619,1
0.015359,0.438347,0.86616,0.824992,0.438616,1
0.002904,0.423901,0.639984,0.065147,0.423911,0
0.015319,0.442529,0.816146,0.859659,0.442795,1
0.016402,0.442602,0.836291,0.871061,0.442906,1
0.003006,0.425047,0.644568,0.055505,0.425057,0
0.003278,0.424915,0.656254,0.106532,0.424928,0
0.004067,0.424324,0.652279,0.062325,0.424343,0
0.002984,0.424285,0.644652,0.055058,0.424295,0
0.003528,0.424503,0.643932,0.037613,0.424518,0
0.003151,0.424838,0.652815,0.06752,0.424849,0
0.003203,0.424547,0.63887,0.0427,0.424559,0
0.012865,0.438009,0.819715,0.742467,0.438198,1
0.003745,0.424372,0.652828,0.056276,0.424388,0
0.003501,0.424114,0.64684,0.071769,0.424129,0
0.002958,0.424581,0.64086,0.038169,0.424591,0
0.002993,0.424609,0.636813,0.04573,0.42462,0
0.017999,0.440929,0.841348,0.837394,0.441296,1
0.003087,0.424476,0.651942,0.084235,0.424487,0
0.004112,0.424428,0.656753,0.083756,0.424448,0
0.017694,0.440853,0.849606,0.854474,0.441208,1
0.013572,0.440237,0.852215,0.896803,0.440446,1
0.003816,0.424549,0.641752,0.038716,0.424567,0
0.002837,0.424511,0.647799,0.072979,0.424521,0
0.003258,0.424433,0.639507,0.043505,0.424446,0
0.002595,0.424623,0.645973,0.090755,0.424631,0
0.015952,0.44169,0.842157,0.847985,0.441978,1
0.003248,0.424569,0.639218,0.056276,0.424582,0
0.018344,0.443953,0.834179,0.786795,0.444332,1
0.018215,0.441078,0.861674,0.843349,0.441454,1
0.00359,0.425086,0.637854,0.054138,0.425101,0
0.003543,0.42448,0.654588,0.077423,0.424494,0
0.021048,0.437763,0.850489,0.852755,0.438269,1
0.002897,0.424714,0.644228,0.044539,0.424723,0
0.003047,0.424428,0.641104,0.07667,0.424439,0
0.014555,0.439296,0.826779,0.844132,0.439537,1
0.003974,0.424664,0.642282,0.051434,0.424682,0
0.015538,0.441256,0.822348,0.846381,0.441529,1
0.003165,0.424814,0.642736,0.044618,0.424826,0
0.003047,0.424153,0.64102,0.051016,0.424164,0
0.017858,0.441472,0.819113,0.815353,0.441833,1
0.017522,0.441045,0.855612,0.840094,0.441393,1
0.003601,0.424885,0.66046,0.083056,0.424901,0
0.003234,0.424824,0.656405,0.087978,0.424836,0
0.015152,0.438767,0.860443,0.841786,0.439028,1
0.017073,0.441609,0.855266,0.853863,0.441939,1
0.016582,0.438279,0.820628,0.806999,0.438592,1
0.003008,0.424164,0.667607,0.094477,0.424175,0
0.004263,0.424568,0.648369,0.056948,0.42459,0
0.018368,0.439855,0.812277,0.816442,0.440239,1
0.00324,0.42475,0.655949,0.094744,0.424762,0
0.003146,0.424167,0.64716,0.070832,0.424178,0
0.014379,0.444261,0.841434,0.850784,0.444494,1
0.012191,0.445045,0.827563,0.840523,0.445211,1
0.018366,0.438226,0.861101,0.936586,0.43861,1
0.004154,0.42472,0.664317,0.107095,0.42474,0
0.003301,0.42425,0.653243,0.06419,0.424262,0
0.003295,0.424522,0.649111,0.063968,0.424534,0
0.013492,0.441042,0.85501,0.882863,0.441248,1
0.012411,0.440858,0.823351,0.863223,0.441032,1
0.00367,0.425063,0.683014,0.138136,0.425079,0
0.016244,0.440121,0.824797,0.874582,0.44042,1
0.003274,0.425353,0.648176,0.065659,0.425365,0
0.018065,0.440073,0.826406,0.828113,0.440443,1
0.013473,0.43655,0.818952,0.756526,0.436758,1
0.016125,0.440441,0.8505,0.89532,0.440736,1
0.014955,0.442395,0.811274,0.870835,0.442648,1
0.003833,0.424524,0.655054,0.06112,0.424541,0
0.003222,0.424517,0.641925,0.046399,0.424529,0
0.016267,0.441557,0.846478,0.838398,0.441856,1
0.0181,0.440916,0.815341,0.780537,0.441287,1
0.018951,0.436975,0.85612,0.928113,0.437385,1
0.018065,0.440543,0.831424,0.841345,0.440914,1
0.016245,0.443299,0.878587,0.949898,0.443597,1
0.013223,0.438265,0.817719,0.825434,0.438464,1
0.002554,0.424241,0.650765,0.070659,0.424249,0
0.015656,0.44249,0.851284,0.89393,0.442767,1
0.01738,0.440727,0.834193,0.895828,0.44107,1
0.018719,0.440706,0.834487,0.873377,0.441104,1
0.017853,0.440402,0.827531,0.798778,0.440764,1
0.014854,0.443498,0.860499,0.99134,0.443746,1
0.021626,0.438598,0.805244,0.845432,0.439131,1
0.012612,0.440245,0.824132,0.854011,0.440426,1
0.00356,0.424923,0.657187,0.08558,0.424937,0
0.019932,0.441234,0.828495,0.851161,0.441684,1
0.018535,0.442568,0.851139,0.836908,0.442956,1
0.002865,0.424925,0.651955,0.045003,0.424935,0
0.003487,0.425171,0.64977,0.084826,0.425186,0
0.003458,0.423786,0.644988,0.02894,0.4238,0
0.015435,0.441155,0.798734,0.774079,0.441425,1
0.016953,0.444775,0.815715,0.805882,0.445098,1
0.003102,0.424935,0.646167,0.076776,0.424946,0
0.003216,0.424526,0.646986,0.07531,0.424538,0
0.019023,0.440065,0.863249,0.89398,0.440476,1
0.003176,0.424205,0.64457,0.053834,0.424217,0
0.016487,0.44108,0.850539,0.979569,0.441388,1
0.016571,0.440594,0.83801,0.811119,0.440906,1
0.003528,0.425152,0.645566,0.06162,0.425167,0
0.017519,0.439386,0.811465,0.90263,0.439735,1
0.003459,0.424685,0.647459,0.058447,0.424699,0
0.015555,0.43967,0.838016,0.85612,0.439946,1
0.003346,0.424607,0.631659,0.031839,0.42462,0
0.016769,0.443787,0.834187,0.872301,0.444104,1
0.003618,0.424479,0.640756,0.042919,0.424494,0
0.003523,0.423567,0.638329,0.026713,0.423582,0
0.003618,0.424665,0.653791,0.065881,0.424681,0
0.003481,0.424102,0.635708,0.044136,0.424116,0
0.003461,0.425157,0.665036,0.104394,0.425171,0
0.002505,0.424873,0.646266,0.072478,0.424881,0
0.003461,0.425515,0.646694,0.049815,0.425529,0
0.019537,0.441345,0.814933,0.808899,0.441777,1
0.016001,0.437459,0.854162,0.888559,0.437752,1
0.018062,0.4397,0.86082,0.885636,0.44007,1
0.003819,0.424851,0.657869,0.076988,0.424869,0
0.018446,0.44036,0.828887,0.844039,0.440746,1
0.015351,0.43958,0.849531,0.924364,0.439848,1
0.003412,0.424068,0.632137,0.039566,0.424082,0
0.00374,0.424821,0.645041,0.097886,0.424837,0
0.012587,0.442692,0.826977,0.892527,0.442871,1
0.015966,0.443883,0.853862,0.889321,0.44417,1
0.002385,0.42434,0.654891,0.105026,0.424347,0
0.016635,0.440627,0.824301,0.808167,0.440941,1
0.003861,0.424763,0.643065,0.054245,0.424781,0
0.015048,0.439553,0.840548,0.827316,0.439811,1
0.002661,0.424447,0.661662,0.075911,0.424455,0
0.003351,0.424469,0.661717,0.078103,0.424482,0
0.002938,0.425038,0.642799,0.056168,0.425049,0
0.014521,0.439304,0.868328,0.92275,0.439544,1
0.017842,0.440842,0.819287,0.841423,0.441203,1
0.002266,0.424795,0.645832,0.035972,0.424801,0
0.003159,0.424007,0.63494,0.032482,0.424019,0
0.016963,0.439275,0.841064,0.850514,0.439603,1
0.003051,0.42465,0.657645,0.071842,0.424661,0
0.015219,0.43891,0.829587,0.800793,0.439174,1
0.002876,0.424312,0.653177,0.053746,0.424321,0
0.004018,0.425236,0.637973,0.051855,0.425255,0
0.002899,0.42485,0.631658,0.028371,0.42486,0
0.00374,0.424337,0.646779,0.056566,0.424353,0
0.015424,0.440144,0.848907,0.866354,0.440414,1
0.003349,0.425048,0.635935,0.043068,0.425061,0
0.003867,0.424381,0.65461,0.067562,0.424399,0
0.015437,0.443537,0.834314,0.82468,0.443806,1
0.017232,0.440147,0.828079,0.863762,0.440484,1
0.013214,0.440115,0.832767,0.753028,0.440313,1
0.01512,0.44311,0.821008,0.868619,0.443368,1
0.016367,0.439859,0.843133,0.874269,0.440164,1
0.018966,0.440286,0.831486,0.816012,0.440695,1
0.016693,0.43741,0.799413,0.80627,0.437728,1
0.002093,0.424005,0.646662,0.053704,0.42401,0
0.003245,0.423746,0.634962,0.038488,0.423758,0
0.002587,0.424142,0.654749,0.13892,0.42415,0
0.003852,0.424505,0.653221,0.078007,0.424523,0
0.016397,0.442545,0.818907,0.855964,0.442849,1
0.01686,0.44233,0.827938,0.876861,0.442652,1
0.013818,0.439613,0.855656,0.822353,0.43983,1
0.017567,0.442286,0.825259,0.801655,0.442635,1
0.017527,0.443312,0.85138,0.872366,0.443658,1
0.013143,0.443074,0.843191,0.836282,0.443269,1
0.015577,0.443934,0.815314,0.774794,0.444207,1
0.017391,0.438642,0.834837,0.835193,0.438987,1
0.003183,0.424918,0.646898,0.075347,0.42493,0
0.014943,0.439882,0.835126,0.871993,0.440136,1
0.003725,0.424007,0.651708,0.054015,0.424023,0
0.020598,0.439374,0.813882,0.802263,0.439856,1
0.002663,0.424667,0.657376,0.062992,0.424675,0
0.017628,0.445487,0.828917,0.846792,0.445835,1
0.016746,0.441193,0.837936,0.85258,0.44151,1
0.002559,0.424789,0.655759,0.082009,0.424797,0
0.003771,0.424988,0.658014,0.077975,0.425005,0
0.016856,0.440936,0.835751,0.812997,0.441258,1
0.015942,0.440823,0.854927,0.824891,0.441111,1
0.003807,0.425041,0.661132,0.093209,0.425058,0
0.020067,0.439779,0.845776,0.880008,0.440236,1
0.003471,0.424895,0.647071,0.084331,0.424909,0
0.002066,0.424952,0.647376,0.08812,0.424957,0
0.02137,0.440475,0.820124,0.852583,0.440993,1
0.003406,0.424135,0.646118,0.044914,0.424148,0
0.003424,0.42425,0.638155,0.035169,0.424264,0
0.003004,0.424467,0.651108,0.056508,0.424478,0
0.015564,0.442862,0.827245,0.834201,0.443136,1
0.002573,0.423981,0.639167,0.043422,0.423989,0
0.015664,0.440349,0.812233,0.792391,0.440628,1
0.00368,0.424896,0.639606,0.039963,0.424912,0
0.002884,0.424931,0.651538,0.057525,0.42494,0
0.017715,0.441259,0.850004,0.845623,0.441614,1
0.003216,0.424927,0.64317,0.049257,0.42494,0
0.017931,0.442963,0.832497,0.870247,0.443325,1
0.002764,0.424663,0.641702,0.083073,0.424672,0
0.018653,0.442818,0.884443,0.905955,0.44321,1
0.014019,0.443043,0.830731,0.825634,0.443264,1
0.013512,0.442541,0.856624,0.860275,0.442747,1
0.014812,0.442847,0.828281,0.858875,0.443094,1
0.003356,0.424274,0.640129,0.032487,0.424287,0
0.003608,0.424722,0.652721,0.07452,0.424737,0
0.013857,0.44592,0.831556,0.865348,0.446135,1
0.0178,0.437551,0.852541,0.818212,0.437913,1
0.016298,0.437294,0.834079,0.795459,0.437597,1
0.014636,0.441821,0.886717,0.978502,0.442063,1
0.002359,0.424128,0.640915,0.053698,0.424134,0
0.013502,0.442192,0.820922,0.79363,0.442398,1
0.017362,0.442187,0.822508,0.810417,0.442527,1
0.003735,0.423816,0.647552,0.058491,0.423832,0
0.00279,0.424261,0.645339,0.110697,0.42427,0
0.014852,0.43987,0.839318,0.868042,0.44012,1
0.003439,0.424879,0.642403,0.072656,0.424893,0
0.014935,0.442581,0.851093,0.851628,0.442833,1
0.00302,0.424509,0.641827,0.053538,0.42452,0
0.013885,0.44062,0.852709,0.832212,0.440839,1
0.004054,0.424025,0.653091,0.059316,0.424044,0
0.015352,0.440206,0.833751,0.814915,0.440474,1
0.015935,0.440449,0.827921,0.860233,0.440737,1
0.002494,0.424574,0.662373,0.066329,0.424581,0
0.017038,0.440349,0.846399,0.904873,0.440678,1
0.003085,0.424577,0.641928,0.039729,0.424588,0
0.017198,0.443136,0.838415,0.910839,0.443469,1
0.003759,0.424237,0.65283,0.062419,0.424254,0
0.003072,0.424715,0.658588,0.091754,0.424726,0
0.012176,0.444767,0.840656,0.836796,0.444934,1
0.015143,0.440521,0.848598,0.844701,0.440781,1
0.013048,0.445582,0.84146,0.887994,0.445773,1
0.002857,0.424579,0.651166,0.072725,0.424588,0
0.018784,0.442145,0.830463,0.835049,0.442544,1
0.017421,0.442596,0.845004,0.890907,0.442938,1
0.017997,0.438319,0.812889,0.775149,0.438688,1
0.014821,0.440121,0.837617,0.870129,0.44037,1
0.002847,0.4247,0.657111,0.071768,0.424709,0
0.018792,0.43804,0.887137,0.930214,0.438442,1
0.015194,0.441334,0.835611,0.870616,0.441595,1
0.017613,0.440426,0.828901,0.832993,0.440778,1
0.003338,0.424526,0.663051,0.08844,0.424539,0
0.019538,0.435507,0.879386,0.947696,0.435945,1
0.003036,0.424857,0.648245,0.076791,0.424867,0
0.016054,0.440095,0.834203,0.820096,0.440388,1
0.017509,0.44167,0.827174,0.858885,0.442017,1
0.016034,0.442905,0.842723,0.858006,0.443195,1
0.003361,0.424725,0.646186,0.037505,0.424738,0
0.014921,0.440879,0.820055,0.794818,0.441131,1
0.003181,0.424629,0.646373,0.066434,0.42464,0
0.014379,0.444734,0.822031,0.885591,0.444966,1
0.018635,0.441141,0.804019,0.831408,0.441535,1
0.00326,0.424458,0.646787,0.048829,0.42447,0
0.020357,0.436306,0.840341,0.832452,0.436781,1
0.002365,0.425044,0.649365,0.043392,0.42505,0
0.003821,0.424479,0.643881,0.051219,0.424496,0
0.003251,0.425155,0.64931,0.103005,0.425167,0
0.015666,0.436961,0.826446,0.794005,0.437242,1
0.003806,0.425351,0.642055,0.084682,0.425368,0
0.003183,0.425328,0.663164,0.096657,0.42534,0
0.019935,0.443935,0.873555,0.904667,0.444382,1
0.003536,0.42459,0.654281,0.0627,0.424604,0
0.003433,0.424609,0.633559,0.021921,0.424622,0
0.00343,0.424435,0.6471,0.05491,0.424448,0
0.003253,0.424009,0.6542,0.077814,0.424022,0
0.003428,0.424162,0.65915,0.06072,0.424176,0
0.014032,0.443512,0.872739,0.891862,0.443734,1
0.004115,0.424591,0.647836,0.057137,0.424611,0
0.014992,0.443975,0.854454,0.860564,0.444228,1
0.015462,0.439134,0.831668,0.820948,0.439406,1
0.016849,0.440453,0.828875,0.839375,0.440775,1
0.003434,0.424406,0.659682,0.060323,0.424419,0
0.016171,0.439999,0.833799,0.810511,0.440296,1
0.016276,0.438899,0.824275,0.813667,0.439201,1
0.016355,0.440498,0.838924,0.832429,0.440801,1
0.003345,0.424056,0.664222,0.094268,0.42407,0
0.018465,0.44093,0.848201,0.822382,0.441317,1
0.015695,0.444571,0.835343,0.894687,0.444848,1
0.016198,0.443843,0.84661,0.925469,0.444138,1
0.003811,0.424904,0.655456,0.071556,0.424921,0
0.016371,0.439883,0.810253,0.758572,0.440188,1
0.002213,0.424678,0.642394,0.062052,0.424684,0
0.016257,0.441271,0.87142,0.934609,0.44157,1
0.018563,0.44032,0.836622,0.792935,0.440711,1
0.015694,0.439458,0.849219,0.853682,0.439739,1
0.015637,0.439718,0.843575,0.852343,0.439996,1
0.015218,0.441044,0.845798,0.839725,0.441306,1
0.00373,0.425985,0.643547,0.062257,0.426001,0
0.002678,0.424672,0.659733,0.111651,0.42468,0
0.00277,0.424404,0.643927,0.04638,0.424413,0
0.002939,0.424435,0.646187,0.064961,0.424445,0
0.002578,0.424683,0.63177,0.025747,0.42469,0
0.015887,0.443645,0.861819,0.8718,0.443929,1
0.017915,0.444093,0.828188,0.818892,0.444454,1
0.004338,0.424851,0.641137,0.037786,0.424873,0
0.016446,0.441158,0.833137,0.859953,0.441464,1
0.003609,0.424447,0.647488,0.057094,0.424463,0
0.017504,0.442262,0.849617,0.884914,0.442608,1
0.003408,0.424432,0.649628,0.077238,0.424445,0
0.018033,0.443198,0.823745,0.874657,0.443565,1
0.003422,0.42503,0.650064,0.054475,0.425044,0
0.003459,0.424475,0.661487,0.070202,0.424489,0
0.003256,0.424085,0.63785,0.038523,0.424098,0
0.002832,0.424537,0.658009,0.057839,0.424547,0
0.00347,0.424611,0.65267,0.065925,0.424626,0
0.016605,0.437728,0.842095,0.905314,0.438043,1
0.015351,0.440674,0.858868,0.924248,0.440941,1
0.017831,0.444309,0.847757,0.875509,0.444667,1
0.01794,0.441202,0.871659,0.93124,0.441567,1
0.015539,0.440978,0.866046,0.935328,0.441252,1
0.002879,0.424271,0.635813,0.045765,0.424281,0
0.003263,0.424447,0.640389,0.055617,0.424459,0
0.016957,0.440219,0.878068,0.980538,0.440545,1
0.003429,0.424258,0.658687,0.07944,0.424272,0
0.015421,0.43956,0.830933,0.883977,0.43983,1
0.018492,0.440638,0.838716,0.843588,0.441026,1
0.00259,0.425085,0.655281,0.064092,0.425093,0
0.003392,0.424757,0.64994,0.065775,0.42477,0
0.01665,0.44086,0.831178,0.842422,0.441175,1
0.002806,0.424032,0.644233,0.055493,0.424041,0
0.002411,0.424238,0.63633,0.042762,0.424245,0
0.017063,0.440257,0.805515,0.816351,0.440587,1
0.018127,0.442162,0.839206,0.873772,0.442533,1
0.016352,0.440482,0.856502,0.876877,0.440786,1
0.019049,0.440924,0.825503,0.898238,0.441335,1
0.015415,0.442806,0.804838,0.837253,0.443074,1
0.003709,0.424359,0.637264,0.043669,0.424376,0
0.01626,0.443049,0.82567,0.760379,0.443347,1
0.003079,0.424469,0.643813,0.05024,0.42448,0
0.002355,0.425258,0.640652,0.041001,0.425265,0
0.002783,0.424239,0.636024,0.033263,0.424248,0
0.016168,0.443001,0.856427,0.896782,0.443296,1
0.001985,0.424733,0.642109,0.066219,0.424738,0
0.003485,0.425323,0.64038,0.061098,0.425337,0
0.002774,0.425103,0.633832,0.024049,0.425112,0
0.017291,0.43903,0.830265,0.875237,0.43937,1
0.016748,0.445131,0.832592,0.88456,0.445446,1
0.004209,0.424515,0.647092,0.056783,0.424536,0
0.003071,0.424091,0.644607,0.039256,0.424102,0
0.002552,0.42419,0.637168,0.037186,0.424198,0
0.015524,0.44381,0.798551,0.769551,0.444081,1
0.002802,0.42349,0.643725,0.036289,0.4235,0
0.017861,0.440218,0.836246,0.878838,0.44058,1
0.003107,0.424697,0.657419,0.069912,0.424709,0
0.003203,0.424426,0.647197,0.042143,0.424438,0
0.003337,0.425145,0.643067,0.068204,0.425158,0
0.003851,0.424394,0.643567,0.071306,0.424411,0
0.002548,0.424297,0.654003,0.086396,0.424304,0
0.013687,0.43782,0.831218,0.844609,0.438034,1
0.016939,0.437907,0.8247,0.817466,0.438234,1
0.016563,0.43991,0.839536,0.854953,0.440222,1
0.003207,0.425234,0.646489,0.06601,0.425246,0
0.003171,0.424898,0.63804,0.061304,0.42491,0
0.003113,0.424818,0.65042,0.065503,0.424829,0
0.002815,0.42509,0.649652,0.053409,0.4251,0
0.003058,0.424754,0.638861,0.058011,0.424765,0
0.015113,0.443123,0.866375,0.874357,0.443381,1
0.015909,0.441075,0.813485,0.78592,0.441362,1
0.016945,0.442299,0.820347,0.81512,0.442623,1
0.014952,0.440657,0.845261,0.87397,0.440911,1
0.003069,0.424435,0.651835,0.060869,0.424446,0
0.00406,0.424205,0.63629,0.078439,0.424225,0
0.019299,0.442898,0.844188,0.860662,0.443318,1
0.019849,0.441463,0.844829,0.864239,0.441909,1
0.002528,0.424599,0.658679,0.09734,0.424607,0
0.002856,0.4242,0.649106,0.06271,0.42421,0
0.015729,0.441755,0.82856,0.835439,0.442035,1
0.003444,0.424259,0.641041,0.03746,0.424273,0
0.015118,0.437864,0.838452,0.782656,0.438125,1
0.016518,0.441982,0.832763,0.887144,0.442291,1
0.003545,0.424554,0.640144,0.0296,0.424569,0
0.003183,0.424695,0.646569,0.055582,0.424707,0
0.019737,0.437941,0.822135,0.807409,0.438385,1
0.003594,0.424151,0.663013,0.076086,0.424167,0
0.013141,0.442202,0.860206,0.852637,0.442398,1
0.00318,0.424748,0.65337,0.070631,0.42476,0
0.00289,0.424264,0.646298,0.062811,0.424274,0
0.003531,0.423936,0.649699,0.050144,0.423951,0
0.013421,0.442901,0.845535,0.89724,0.443104,1
0.016253,0.43858,0.848057,0.847983,0.438881,1
0.003639,0.424647,0.638185,0.043831,0.424662,0
0.015373,0.439178,0.850823,0.950595,0.439447,1
0.012113,0.441768,0.819534,0.915396,0.441934,1
0.017366,0.442561,0.864318,0.968469,0.442901,1
0.003196,0.425036,0.640229,0.052368,0.425048,0
0.014005,0.441246,0.846886,0.933017,0.441468,1
0.018308,0.440281,0.863254,0.92378,0.440661,1
0.014935,0.442388,0.834962,0.885725,0.44264,1
0.018126,0.439038,0.842229,0.932878,0.439412,1
0.002702,0.424701,0.645849,0.068363,0.424709,0
0.014467,0.445062,0.807744,0.835583,0.445297,1
0.003109,0.423845,0.650114,0.047999,0.423856,0
0.003391,0.424423,0.657731,0.086195,0.424437,0
0.014217,0.440022,0.852803,0.878018,0.440252,1
0.003259,0.424069,0.657184,0.067895,0.424082,0
0.0139,0.439348,0.820662,0.801799,0.439568,1
0.017832,0.440126,0.847853,0.823561,0.440487,1
0.015691,0.438908,0.81037,0.782471,0.439189,1
0.004378,0.425465,0.644434,0.07988,0.425487,0
0.016178,0.440617,0.85689,0.933939,0.440914,1
0.003066,0.424302,0.645803,0.049969,0.424313,0
0.002546,0.424799,0.648904,0.083494,0.424806,0
0.015066,0.441936,0.839798,0.899381,0.442193,1
0.003687,0.424755,0.644855,0.043224,0.424771,0
0.019279,0.440101,0.859225,0.934996,0.440523,1
0.013783,0.441656,0.836025,0.841868,0.441871,1
0.01773,0.445573,0.840212,0.864753,0.445925,1
0.017763,0.439955,0.832908,0.830941,0.440314,1
0.01676,0.439509,0.809926,0.804658,0.439828,1
0.014678,0.44053,0.808891,0.793217,0.440774,1
0.014049,0.44214,0.824376,0.868653,0.442364,1
0.014854,0.439154,0.811983,0.858539,0.439405,1
0.019657,0.442351,0.827934,0.862741,0.442787,1
0.003512,0.424441,0.65185,0.060821,0.424455,0
0.015642,0.441291,0.854224,0.918216,0.441568,1
0.013883,0.444078,0.872442,0.952935,0.444295,1
0.002913,0.424783,0.645996,0.078393,0.424793,0
0.003106,0.423801,0.643651,0.050068,0.423812,0
0.01422,0.441485,0.833978,0.880181,0.441714,1
0.003343,0.42451,0.643625,0.068723,0.424523,0
0.018544,0.44319,0.848084,0.861817,0.443578,1
0.015592,0.444387,0.856313,0.903189,0.444661,1
0.015895,0.442194,0.842633,0.882962,0.44248,1
0.003013,0.424714,0.652,0.085763,0.424725,0
0.003729,0.424591,0.652585,0.050156,0.424608,0
0.003331,0.424765,0.648407,0.069227,0.424778,0
0.003988,0.425301,0.649931,0.061116,0.42532,0
0.003406,0.42501,0.654919,0.078803,0.425024,0
0.016391,0.441179,0.842921,0.907225,0.441483,1
0.003826,0.425134,0.639034,0.02828,0.425151,0
0.019071,0.440463,0.835711,0.842948,0.440875,1
0.003145,0.424676,0.644078,0.045757,0.424688,0
0.013976,0.444189,0.827884,0.878349,0.444409,1
0.003416,0.424921,0.64817,0.043945,0.424935,0
0.00295,0.424664,0.65686,0.069482,0.424674,0
0.014435,0.442196,0.857124,0.904029,0.442431,1
0.015365,0.440205,0.850774,0.928577,0.440473,1
0.003478,0.425063,0.656763,0.079551,0.425077,0
0.003328,0.423586,0.644191,0.059717,0.423599,0
0.003351,0.424383,0.649333,0.051531,0.424396,0
0.003207,0.424575,0.651502,0.078907,0.424587,0
0.016985,0.438373,0.798154,0.757715,0.438702,1
0.017344,0.441295,0.819103,0.826018,0.441636,1
0.016634,0.44262,0.845813,0.858121,0.442933,1
0.016136,0.443678,0.843693,0.824678,0.443971,1
0.018173,0.444204,0.857106,0.859469,0.444576,1
0.003307,0.423773,0.658017,0.080844,0.423786,0
0.014692,0.443966,0.871834,0.926926,0.444209,1
0.014311,0.441063,0.84086,0.876495,0.441295,1
0.018489,0.439068,0.82776,0.845202,0.439458,1
0.017046,0.44178,0.830561,0.856214,0.442108,1
0.003128,0.424832,0.649327,0.031424,0.424844,0
0.002483,0.424614,0.646279,0.053518,0.424621,0
0.003111,0.425342,0.650092,0.061022,0.425353,0
0.003306,0.425325,0.638273,0.064443,0.425338,0
0.003476,0.425307,0.648951,0.041257,0.425322,0
0.016581,0.442989,0.887751,0.94137,0.443299,1
0.015282,0.437482,0.813843,0.800992,0.437749,1
0.003769,0.424045,0.659003,0.081103,0.424062,0
0.003399,0.424665,0.647174,0.068118,0.424678,0
0.014054,0.444804,0.856441,0.875203,0.445026,1
0.003181,0.424518,0.644809,0.078592,0.42453,0
0.002797,0.424793,0.640461,0.0423,0.424803,0
0.018742,0.441828,0.829363,0.84823,0.442225,1
0.014285,0.441445,0.814374,0.766561,0.441676,1
0.015204,0.437724,0.832004,0.821279,0.437988,1
0.015328,0.4419,0.86307,0.938294,0.442166,1
0.018555,0.442885,0.820629,0.84131,0.443273,1
0.013824,0.442683,0.859414,0.934038,0.442898,1
0.003218,0.424081,0.647771,0.07273,0.424093,0
0.003375,0.42567,0.652641,0.071077,0.425683,0
0.003329,0.423478,0.638856,0.023528,0.423491,0
0.00384,0.425153,0.664807,0.071067,0.42517,0
0.003649,0.424717,0.651173,0.056763,0.424732,0
0.003157,0.424135,0.658336,0.068002,0.424147,0
0.002055,0.425157,0.658745,0.102597,0.425162,0
0.012784,0.442164,0.840918,0.896305,0.442349,1
0.002757,0.423789,0.644529,0.066741,0.423798,0
0.01689,0.437941,0.805015,0.780147,0.438267,1
0.013643,0.439554,0.835177,0.841119,0.439766,1
0.016735,0.441709,0.857534,0.911753,0.442026,1
0.003498,0.424218,0.643364,0.049101,0.424233,0
0.015983,0.439518,0.833921,0.890215,0.439809,1
0.003503,0.424892,0.643469,0.046533,0.424907,0
0.003169,0.424541,0.637181,0.036483,0.424553,0
0.003057,0.424249,0.644293,0.037064,0.42426,0
0.003412,0.424919,0.648268,0.060478,0.424933,0
0.016987,0.444618,0.807313,0.822269,0.444942,1
0.01603,0.438446,0.839677,0.89488,0.438739,1
0.003634,0.424406,0.646676,0.048385,0.424422,0
0.015846,0.439665,0.828148,0.826831,0.439951,1
0.002935,0.423846,0.644903,0.05704,0.423856,0
0.003439,0.424688,0.647522,0.046365,0.424702,0
0.002918,0.424983,0.654571,0.06363,0.424993,0
0.01547,0.443162,0.845859,0.910755,0.443432,1
0.003253,0.424523,0.659113,0.076805,0.424535,0
0.003817,0.424296,0.647717,0.063592,0.424313,0
0.003603,0.425092,0.65657,0.096168,0.425108,0
0.00376,0.425464,0.660216,0.09515,0.425481,0
0.003217,0.424181,0.650453,0.058416,0.424194,0
0.002906,0.424784,0.65305,0.076098,0.424794,0
0.019247,0.441048,0.827725,0.80927,0.441468,1
0.00337,0.425325,0.668074,0.097048,0.425338,0
0.003446,0.423865,0.646648,0.048817,0.423879,0
0.014416,0.441573,0.838323,0.861762,0.441808,1
0.018634,0.436822,0.849822,0.939858,0.437219,1
0.003174,0.424398,0.643846,0.056066,0.42441,0
0.016408,0.439238,0.842118,0.826651,0.439544,1
0.015532,0.441836,0.837036,0.861449,0.442109,1
0.003242,0.424782,0.648345,0.054437,0.424794,0
0.002983,0.424855,0.648605,0.054422,0.424865,0
0.017001,0.439435,0.831009,0.844122,0.439763,1
0.017279,0.439921,0.833261,0.870363,0.44026,1
0.003698,0.425062,0.653199,0.060664,0.425078,0
0.017548,0.437448,0.833926,0.795824,0.4378,1
0.003193,0.424952,0.638795,0.076296,0.424964,0
0.003635,0.424627,0.650026,0.065098,0.424643,0
0.00243,0.42316,0.651935,0.051904,0.423167,0
0.003721,0.425456,0.6473,0.059474,0.425473,0
0.017021,0.441565,0.831477,0.852348,0.441893,1
0.014476,0.4431,0.851755,0.925377,0.443336,1
0.002577,0.424516,0.646128,0.071099,0.424524,0
0.003211,0.424982,0.680627,0.112867,0.424994,0
0.002832,0.425108,0.641909,0.073326,0.425118,0
0.003192,0.42448,0.654022,0.105729,0.424492,0
0.003068,0.424707,0.661759,0.096405,0.424718,0
0.01564,0.440281,0.854625,0.911002,0.440559,1
0.003323,0.424259,0.642431,0.045918,0.424272,0
0.015031,0.442195,0.850302,0.896162,0.44245,1
0.019159,0.442315,0.818237,0.80882,0.44273,1
0.015846,0.442885,0.805075,0.794368,0.443169,1
0.003469,0.423598,0.647027,0.057129,0.423612,0
0.003708,0.425348,0.660682,0.079119,0.425365,0
0.00308,0.4254,0.654357,0.08497,0.425411,0
0.015967,0.440758,0.854922,0.976762,0.441047,1
0.003736,0.424868,0.637785,0.051689,0.424884,0
0.002857,0.424374,0.643154,0.053283,0.424384,0
0.003821,0.42411,0.659908,0.074138,0.424127,0
0.002899,0.424629,0.641325,0.056467,0.424639,0
0.003153,0.424543,0.659422,0.072418,0.424555,0
0.015349,0.443756,0.851679,0.90373,0.444022,1
0.002961,0.425039,0.645787,0.055493,0.425049,0
0.018591,0.441655,0.822421,0.850348,0.442046,1
0.015158,0.442449,0.827747,0.841737,0.442708,1
0.018548,0.438832,0.814261,0.78534,0.439223,1
0.020356,0.443146,0.860408,0.880908,0.443613,1
0.003258,0.424642,0.658107,0.080476,0.424654,0
0.01463,0.438893,0.856335,0.877386,0.439137,1
0.013048,0.444644,0.845371,0.872044,0.444836,1
0.015228,0.439954,0.799768,0.79335,0.440218,1
0.00271,0.425387,0.651419,0.080594,0.425396,0
0.003524,0.424077,0.643488,0.041123,0.424091,0
0.020025,0.441073,0.846673,0.8544,0.441528,1
0.003175,0.424418,0.646756,0.049983,0.42443,0
0.003334,0.424127,0.647743,0.054459,0.42414,0
0.003229,0.424752,0.657989,0.103475,0.424765,0
0.015012,0.445725,0.831382,0.851533,0.445978,1
0.019206,0.441854,0.838625,0.852533,0.442271,1
0.017567,0.443715,0.838363,0.868928,0.444063,1
0.00367,0.42436,0.649515,0.0592,0.424376,0
0.002358,0.42396,0.658003,0.091153,0.423966,0
0.019691,0.44128,0.820209,0.784334,0.441719,1
0.017707,0.440782,0.785646,0.828588,0.441137,1
0.003019,0.424069,0.665265,0.067812,0.42408,0
0.011317,0.438377,0.822849,0.85369,0.438523,1
0.013518,0.442892,0.834516,0.839673,0.443098,1
0.00353,0.425127,0.650925,0.071146,0.425142,0
0.016842,0.44083,0.847194,0.896293,0.441151,1
0.018891,0.440986,0.847834,0.833927,0.441391,1
0.003034,0.424776,0.64649,0.055134,0.424786,0
0.003506,0.424214,0.644017,0.069154,0.424228,0
0.020079,0.438694,0.84215,0.809127,0.439154,1
0.015643,0.439044,0.813664,0.81077,0.439322,1
0.01671,0.440315,0.851242,0.919887,0.440632,1
0.003554,0.424563,0.64736,0.059621,0.424578,0
0.003436,0.424724,0.644006,0.053133,0.424738,0
0.018569,0.444414,0.841934,0.841505,0.444801,1
0.003099,0.424703,0.650087,0.063348,0.424715,0
0.003353,0.42489,0.643293,0.057285,0.424903,0
0.016943,0.441144,0.861963,0.87678,0.441469,1
0.003567,0.424011,0.640733,0.035157,0.424026,0
0.003147,0.424064,0.645362,0.053206,0.424076,0
0.002874,0.425294,0.642766,0.04527,0.425304,0
0.003227,0.425164,0.647648,0.071874,0.425176,0
0.015957,0.442475,0.842527,0.898293,0.442763,1
0.020796,0.443317,0.834974,0.857427,0.443805,1
0.002829,0.424096,0.648673,0.049089,0.424106,0
0.016949,0.441382,0.833047,0.8391,0.441708,1
0.003631,0.425105,0.655714,0.062122,0.425121,0
0.003876,0.424098,0.638095,0.031375,0.424115,0
0.017686,0.440257,0.825998,0.854856,0.440613,1
0.016454,0.443616,0.831254,0.813633,0.443921,1
0.0172,0.442084,0.822445,0.816611,0.442419,1
0.003811,0.42496,0.638269,0.061867,0.424977,0
0.013858,0.445392,0.825902,0.837038,0.445607,1
0.015336,0.443315,0.823492,0.817658,0.44358,1
0.00401,0.424332,0.644446,0.099839,0.424351,0
0.004099,0.424234,0.658174,0.081081,0.424254,0
0.003997,0.425063,0.650853,0.072332,0.425082,0
0.018351,0.441365,0.83598,0.853603,0.441747,1
0.014502,0.441464,0.795554,0.778904,0.441702,1
0.004048,0.424373,0.648198,0.048463,0.424393,0
0.014572,0.437963,0.836944,0.851733,0.438206,1
0.013523,0.445418,0.82484,0.853692,0.445623,1
0.018319,0.442622,0.827225,0.838243,0.443001,1
0.003396,0.425413,0.651917,0.071393,0.425426,0
0.012709,0.440592,0.817741,0.798795,0.440775,1
0.015133,0.440634,0.851447,0.865791,0.440893,1
0.003024,0.424898,0.632805,0.053938,0.424908,0
0.01421,0.441385,0.849507,0.907833,0.441614,1
0.019775,0.439802,0.806974,0.772156,0.440246,1
0.003394,0.42511,0.646204,0.051518,0.425124,0
0.018062,0.439131,0.844314,0.853794,0.439502,1
0.00451,0.424602,0.642833,0.032912,0.424626,0
0.002771,0.424298,0.64547,0.058763,0.424307,0
0.003584,0.425082,0.648239,0.055186,0.425097,0
0.017276,0.442023,0.856509,0.831772,0.44236,1
0.01594,0.441955,0.863005,0.910179,0.442242,1
0.015788,0.444841,0.843488,0.920973,0.445121,1
0.003182,0.423965,0.655827,0.053197,0.423977,0
0.003469,0.423809,0.641097,0.083896,0.423823,0
0.016809,0.443679,0.820543,0.794307,0.443997,1
0.016092,0.438904,0.823243,0.850959,0.439199,1
0.015489,0.441384,0.820834,0.802512,0.441656,1
0.01542,0.43822,0.816129,0.815765,0.438491,1
0.003013,0.424525,0.641688,0.06137,0.424536,0
0.014826,0.44,0.832646,0.822125,0.440249,1
0.003063,0.424836,0.64651,0.067,0.424847,0
0.002832,0.424502,0.637575,0.045843,0.424511,0
0.01533,0.442408,0.850386,0.850971,0.442674,1
0.017105,0.439864,0.845512,0.893822,0.440196,1
0.002789,0.424905,0.632681,0.052174,0.424914,0
0.015606,0.439048,0.83026,0.873292,0.439325,1
0.003083,0.425031,0.637895,0.047074,0.425042,0
0.018059,0.439516,0.837452,0.88195,0.439887,1
0.002273,0.424028,0.649653,0.062663,0.424035,0
0.003577,0.424754,0.648827,0.081909,0.424769,0
0.002848,0.42478,0.65013,0.064353,0.424789,0
0.004156,0.424782,0.63923,0.057092,0.424802,0
0.016128,0.441771,0.833897,0.926319,0.442065,1
0.019186,0.440576,0.843571,0.853581,0.440993,1
0.003705,0.424372,0.643302,0.043234,0.424388,0
0.015442,0.443674,0.830331,0.86194,0.443942,1
0.014232,0.438692,0.859019,0.816121,0.438923,1
0.004175,0.42491,0.644162,0.08081,0.424931,0
0.003023,0.424599,0.652766,0.072869,0.42461,0
0.012086,0.443429,0.803391,0.81429,0.443594,1
0.003596,0.423718,0.645023,0.053437,0.423733,0
0.003695,0.424361,0.657869,0.06859,0.424377,0
0.002904,0.425005,0.633449,0.024078,0.425015,0
0.016392,0.440676,0.833693,0.812666,0.44098,1
0.003753,0.425061,0.663071,0.079255,0.425078,0
0.00308,0.425069,0.656097,0.080323,0.42508,0
0.016961,0.442707,0.832572,0.872098,0.443032,1
0.002941,0.425022,0.652736,0.077948,0.425032,0
0.00228,0.42525,0.649178,0.064255,0.425256,0
0.002839,0.425133,0.640589,0.052386,0.425143,0
0.002892,0.42424,0.645132,0.050104,0.42425,0
0.016299,0.438925,0.836369,0.882771,0.439228,1
0.003027,0.424599,0.640024,0.043977,0.424609,0
0.002317,0.424964,0.660174,0.08715,0.42497,0
0.002606,0.423674,0.643383,0.037297,0.423682,0
0.017448,0.438165,0.844976,0.871043,0.438513,1
0.003206,0.424246,0.662819,0.07645,0.424258,0
0.01954,0.43783,0.856333,0.921408,0.438265,1
0.018007,0.440031,0.826609,0.82233,0.440399,1
0.019575,0.441486,0.825797,0.813259,0.44192,1
0.002642,0.424662,0.647779,0.063273,0.42467,0
0.019573,0.443075,0.82671,0.824266,0.443507,1
0.00316,0.425702,0.651432,0.088378,0.425713,0
0.003117,0.425153,0.65687,0.105511,0.425164,0
0.013337,0.440692,0.82442,0.831126,0.440893,1
0.003247,0.424611,0.642279,0.058098,0.424624,0
0.003312,0.424521,0.657099,0.110956,0.424534,0
0.017731,0.443545,0.852511,0.872274,0.443899,1
0.014969,0.443531,0.838644,0.833092,0.443783,1
0.015829,0.438168,0.811624,0.787172,0.438454,1
0.013089,0.44212,0.8317,0.831891,0.442314,1
0.00283,0.425037,0.643518,0.058345,0.425046,0
0.014753,0.440503,0.843867,0.85821,0.44075,1
0.003146,0.425217,0.663851,0.063216,0.425228,0
0.003274,0.424121,0.646992,0.06375,0.424133,0
0.003401,0.425029,0.643955,0.045962,0.425043,0
0.002827,0.424444,0.636801,0.058541,0.424454,0
0.017254,0.441561,0.83892,0.894534,0.441898,1
0.018612,0.443575,0.860669,0.929742,0.443965,1
0.015792,0.441242,0.826786,0.849827,0.441524,1
0.003103,0.42415,0.652903,0.092486,0.424161,0
0.002081,0.424473,0.648872,0.055003,0.424478,0
0.016435,0.440286,0.824926,0.839594,0.440593,1
0.003676,0.424506,0.65065,0.053405,0.424522,0
0.016219,0.440532,0.83541,0.833294,0.440831,1
0.018864,0.440802,0.843167,0.881105,0.441205,1
0.017801,0.440619,0.832738,0.836288,0.440979,1
0.003116,0.424365,0.643029,0.061795,0.424376,0
0.002944,0.424384,0.648999,0.065728,0.424394,0
0.015828,0.441842,0.879763,0.927198,0.442125,1
0.003457,0.424577,0.65627,0.096598,0.424591,0
0.003188,0.423879,0.650279,0.074784,0.423891,0
0.014512,0.440355,0.85583,0.899318,0.440594,1
0.003402,0.42538,0.637518,0.031483,0.425393,0
0.002719,0.424999,0.656357,0.073681,0.425008,0
0.018478,0.437333,0.839445,0.900846,0.437723,1
0.018742,0.444217,0.868217,0.903162,0.444612,1
0.018587,0.44169,0.850251,0.862781,0.442081,1
0.017047,0.443451,0.834451,0.884262,0.443778,1
0.017597,0.442362,0.85156,0.878947,0.442712,1
0.002942,0.424515,0.656069,0.060443,0.424525,0
0.015607,0.44128,0.839945,0.882727,0.441556,1
0.016029,0.440737,0.834324,0.825236,0.441028,1
0.003743,0.424876,0.642613,0.035893,0.424892,0
0.016686,0.442718,0.838053,0.90249,0.443032,1
0.002704,0.42391,0.654869,0.102668,0.423919,0
0.003961,0.424049,0.637402,0.059729,0.424067,0
0.016422,0.442733,0.859497,0.879271,0.443038,1
0.015896,0.445489,0.863596,0.93645,0.445773,1
0.016888,0.438728,0.833539,0.815676,0.439053,1
0.016117,0.443013,0.847844,0.907289,0.443306,1
0.002922,0.424245,0.63849,0.067152,0.424255,0
0.016169,0.444425,0.831452,0.809831,0.444719,1
0.018426,0.440951,0.831611,0.864489,0.441336,1
0.003532,0.424517,0.640408,0.050785,0.424531,0
0.003421,0.424084,0.649086,0.047472,0.424098,0
0.015017,0.439375,0.813547,0.792127,0.439631,1
0.017488,0.441744,0.835758,0.883295,0.44209,1
0.002834,0.424261,0.640515,0.041743,0.424271,0
0.014853,0.4409,0.831217,0.829906,0.44115,1
0.019012,0.441148,0.809002,0.782347,0.441558,1
0.013937,0.441887,0.81222,0.824339,0.442107,1
0.016952,0.439885,0.847173,0.894464,0.440211,1
0.003288,0.424855,0.649035,0.05089,0.424868,0
0.003016,0.425079,0.638677,0.034257,0.42509,0
0.015177,0.438967,0.855447,0.888337,0.439229,1
0.013533,0.44161,0.851738,0.896894,0.441817,1
0.003221,0.424256,0.65664,0.093612,0.424268,0
0.016357,0.444077,0.837939,0.85413,0.444378,1
0.014434,0.439684,0.838473,0.877148,0.439921,1
0.018853,0.441343,0.843967,0.900752,0.441745,1
0.019085,0.43961,0.890616,0.966636,0.440024,1
0.003137,0.425179,0.647544,0.056706,0.42519,0
0.017247,0.441374,0.867883,0.905932,0.441711,1
0.002303,0.424182,0.635993,0.051608,0.424188,0
0.017647,0.439814,0.855988,0.90001,0.440167,1
0.002894,0.425083,0.648254,0.044218,0.425093,0
0.014748,0.441409,0.833845,0.862086,0.441656,1
0.014393,0.443775,0.814558,0.834377,0.444008,1
0.016407,0.441297,0.848344,0.859382,0.441602,1
0.003199,0.424002,0.645082,0.046926,0.424014,0
0.014131,0.439068,0.840619,0.802701,0.439296,1
0.002882,0.425345,0.651157,0.106747,0.425355,0
0.004173,0.425024,0.650916,0.071376,0.425045,0
0.002905,0.42437,0.652338,0.055365,0.42438,0
0.01636,0.442286,0.868551,0.992755,0.442589,1
0.016984,0.441657,0.862683,0.914373,0.441983,1
0.003592,0.424812,0.643999,0.038755,0.424827,0
0.00403,0.424279,0.648468,0.041808,0.424299,0
0.003243,0.423883,0.645627,0.045772,0.423895,0
0.015247,0.442074,0.840342,0.868495,0.442337,1
0.003242,0.425141,0.641433,0.046205,0.425154,0
0.003283,0.425222,0.640728,0.062688,0.425235,0
0.004181,0.425074,0.655042,0.064783,0.425094,0
0.015001,0.446267,0.843213,0.926074,0.446519,1
0.016312,0.441038,0.837945,0.874121,0.441339,1
0.01884,0.441844,0.865027,0.906639,0.442245,1
0.011961,0.440893,0.828718,0.826502,0.441055,1
0.019424,0.438308,0.844057,0.856142,0.438738,1
0.016326,0.442272,0.829297,0.900646,0.442573,1
0.01724,0.439786,0.842104,0.853047,0.440124,1
0.00317,0.424738,0.646704,0.047927,0.42475,0
0.003501,0.424317,0.648267,0.047282,0.424332,0
0.015216,0.443682,0.871256,0.917954,0.443943,1
0.014604,0.440496,0.841655,0.843282,0.440738,1
0.002921,0.42433,0.642544,0.047176,0.42434,0
0.017721,0.438282,0.845979,0.82668,0.43864,1
0.002347,0.424236,0.644511,0.08204,0.424243,0
0.003599,0.424307,0.656606,0.121898,0.424322,0
0.002915,0.424192,0.65157,0.080542,0.424202,0
0.002669,0.425501,0.650776,0.096998,0.425509,0
0.014293,0.440572,0.84009,0.888715,0.440804,1
0.019432,0.440787,0.868139,0.915491,0.441215,1
0.01571,0.440913,0.820492,0.839846,0.441192,1
0.016642,0.439545,0.811917,0.783474,0.43986,1
0.019265,0.441737,0.868032,0.941334,0.442157,1
0.003326,0.424332,0.641572,0.052559,0.424345,0
0.00353,0.42481,0.652345,0.056172,0.424824,0
0.003609,0.424293,0.648986,0.063331,0.424308,0
0.013599,0.441247,0.843021,0.844891,0.441457,1
0.003492,0.424298,0.643478,0.061333,0.424313,0
0.017361,0.440137,0.843473,0.863932,0.440479,1
0.003322,0.424663,0.64927,0.056061,0.424676,0
0.015617,0.437682,0.819809,0.853337,0.437961,1
0.017219,0.443878,0.834913,0.864451,0.444212,1
0.003454,0.424404,0.674769,0.119663,0.424418,0
0.002791,0.424362,0.643774,0.03763,0.424371,0
0.003054,0.425063,0.654303,0.074966,0.425074,0
0.003707,0.424304,0.654093,0.063254,0.42432,0
0.003278,0.424996,0.663658,0.091448,0.425009,0
0.018986,0.440668,0.833863,0.840428,0.441077,1
0.016222,0.440332,0.855141,0.858184,0.440631,1
0.016884,0.441944,0.825257,0.88305,0.442267,1
0.002495,0.424445,0.662901,0.085538,0.424452,0
0.012471,0.439832,0.851826,0.847301,0.440009,1
0.013899,0.442507,0.813987,0.784668,0.442725,1
0.002511,0.423973,0.647389,0.05729,0.423981,0
0.018081,0.438523,0.834755,0.844909,0.438896,1
0.015249,0.44146,0.818016,0.775335,0.441723,1
0.003938,0.424028,0.640336,0.059458,0.424046,0
0.002952,0.424742,0.637829,0.034847,0.424752,0
0.01702,0.438556,0.839433,0.80563,0.438886,1
0.015887,0.441517,0.831784,0.853908,0.441803,1
0.003258,0.424454,0.643044,0.032329,0.424466,0
0.017199,0.441694,0.843117,0.838222,0.442028,1
0.002818,0.424866,0.654331,0.063216,0.424876,0
0.002669,0.424027,0.672657,0.109985,0.424035,0
0.003057,0.424361,0.638468,0.064769,0.424372,0
0.0152,0.438927,0.839955,0.809315,0.43919,1
0.016674,0.441962,0.862347,0.891367,0.442276,1
0.003251,0.423912,0.642675,0.060125,0.423924,0
0.002698,0.424759,0.646969,0.062688,0.424767,0
0.017004,0.440625,0.825753,0.808195,0.440953,1
0.002203,0.42501,0.632693,0.031567,0.425016,0
0.015001,0.444045,0.826792,0.835956,0.444299,1
0.017562,0.439708,0.808758,0.801532,0.440059,1
0.002785,0.425559,0.661825,0.082614,0.425568,0
0.002739,0.42443,0.666065,0.0904,0.424439,0
0.003472,0.425077,0.644562,0.066946,0.425091,0
0.003819,0.424676,0.667354,0.076833,0.424693,0
0.016148,0.441869,0.844635,0.848767,0.442164,1
0.018229,0.440539,0.835113,0.85167,0.440916,1
0.01348,0.443698,0.828428,0.856485,0.443903,1
0.014059,0.439241,0.868609,0.892591,0.439466,1
0.01677,0.440242,0.829058,0.821294,0.440561,1
0.003043,0.424894,0.656513,0.062341,0.424905,0
0.003466,0.424612,0.64856,0.079106,0.424626,0
0.015471,0.442,0.833417,0.864236,0.442271,1
0.014668,0.441869,0.824504,0.819403,0.442112,1
0.003437,0.424287,0.647857,0.050712,0.424301,0
0.002161,0.42446,0.64001,0.054803,0.424466,0
0.003346,0.42452,0.643639,0.065545,0.424533,0
0.018041,0.439017,0.814895,0.866832,0.439387,1
0.003036,0.425239,0.648335,0.087518,0.42525,0
0.012461,0.443179,0.816863,0.815219,0.443354,1
0.003441,0.425068,0.645393,0.04353,0.425082,0
0.002651,0.424365,0.653819,0.081534,0.424373,0
0.018583,0.439197,0.846667,0.898987,0.43959,1
0.004085,0.424627,0.634903,0.041639,0.424646,0
0.015147,0.440439,0.855763,0.904395,0.440699,1
0.003369,0.425105,0.643566,0.057601,0.425118,0
0.019123,0.43665,0.826319,0.798103,0.437068,1
0.01788,0.440554,0.825677,0.8071,0.440917,1
0.002975,0.425195,0.641276,0.049176,0.425205,0
0.003586,0.42457,0.657937,0.081692,0.424585,0
0.015875,0.440837,0.838085,0.833089,0.441123,1
0.003904,0.424321,0.638992,0.039219,0.424339,0
0.003149,0.424268,0.641872,0.061195,0.42428,0
0.00383,0.424273,0.650374,0.065953,0.42429,0
0.014429,0.440269,0.814874,0.833584,0.440506,1
0.012565,0.441471,0.849913,0.912467,0.44165,1
0.018157,0.440268,0.831826,0.837471,0.440643,1
0.003455,0.424433,0.642811,0.063981,0.424447,0
0.016878,0.442617,0.83899,0.891158,0.442938,1
0.004187,0.423876,0.647738,0.081857,0.423896,0
0.003048,0.424114,0.662509,0.071669,0.424125,0
0.00378,0.424729,0.642175,0.042017,0.424746,0
0.00357,0.424385,0.644541,0.044019,0.4244,0
0.004084,0.424049,0.644979,0.046919,0.424069,0
0.003047,0.425752,0.642492,0.061429,0.425763,0
0.017393,0.442894,0.852145,0.859627,0.443236,1
0.013321,0.439804,0.829643,0.812506,0.440006,1
0.015549,0.44543,0.830641,0.861562,0.445702,1
0.015869,0.442818,0.840665,0.798729,0.443102,1
0.014508,0.439906,0.829813,0.811074,0.440145,1
0.002749,0.425338,0.647917,0.068681,0.425347,0
0.003573,0.424972,0.656622,0.073294,0.424987,0
0.018108,0.444923,0.822771,0.884899,0.445291,1
0.014641,0.439077,0.811021,0.79489,0.439321,1
0.015061,0.441796,0.82996,0.861604,0.442053,1
0.002784,0.425444,0.659168,0.071756,0.425453,0
0.014506,0.438749,0.835838,0.87984,0.438989,1
0.003,0.424476,0.648819,0.064247,0.424487,0
0.002247,0.424502,0.649713,0.07449,0.424508,0
0.003181,0.424084,0.647212,0.050987,0.424096,0
0.004021,0.424656,0.640154,0.047957,0.424675,0
0.015884,0.441883,0.855336,0.848944,0.442168,1
0.016551,0.44105,0.885068,0.901595,0.44136,1
0.003017,0.423874,0.649821,0.042668,0.423885,0
0.00399,0.424768,0.654079,0.05742,0.424786,0
0.002864,0.42464,0.651113,0.060127,0.42465,0
0.01738,0.440876,0.858966,0.914652,0.441218,1
0.015419,0.441041,0.858271,0.862385,0.441311,1
0.018014,0.440509,0.8249,0.753587,0.440878,1
0.003077,0.424216,0.646114,0.058783,0.424227,0
0.002949,0.424635,0.63229,0.012155,0.424645,0
0.003676,0.424329,0.653599,0.066044,0.424345,0
0.002671,0.424167,0.641544,0.047243,0.424176,0
0.00324,0.425052,0.646563,0.066472,0.425065,0
0.017029,0.441111,0.872959,0.888678,0.44144,1
0.016805,0.438298,0.831246,0.817379,0.43862,1
0.002417,0.425066,0.646085,0.052069,0.425073,0
0.016435,0.442596,0.8669,0.9027,0.442901,1
0.003099,0.424299,0.643116,0.07768,0.424311,0
0.014596,0.441563,0.854703,0.914957,0.441805,1
0.015868,0.44245,0.840767,0.93161,0.442734,1
0.016566,0.439524,0.843144,0.85741,0.439836,1
0.016676,0.440927,0.822672,0.83537,0.441242,1
0.015947,0.442945,0.851001,0.936187,0.443232,1
0.01564,0.440307,0.818429,0.894904,0.440585,1
0.004079,0.424351,0.653743,0.052665,0.42437,0
0.017525,0.440718,0.811958,0.78876,0.441066,1
0.016041,0.440659,0.850634,0.862177,0.440951,1
0.003488,0.425167,0.648034,0.069774,0.425181,0
0.003297,0.424384,0.644429,0.05766,0.424397,0
0.014396,0.444894,0.842993,0.912719,0.445127,1
0.00299,0.424507,0.639156,0.042835,0.424518,0
0.017347,0.43901,0.838088,0.850091,0.439352,1
0.014856,0.443644,0.860816,0.943736,0.443892,1
0.002262,0.425239,0.656884,0.067576,0.425245,0
0.015281,0.441938,0.871083,0.925424,0.442202,1
0.018455,0.439659,0.828086,0.845066,0.440046,1
0.003634,0.424726,0.639638,0.040787,0.424742,0
0.015546,0.441624,0.812851,0.812856,0.441897,1
0.017797,0.440193,0.828131,0.836052,0.440552,1
0.015568,0.442159,0.868011,0.911704,0.442433,1
0.013168,0.442308,0.848148,0.920527,0.442504,1
0.015689,0.442303,0.833115,0.86106,0.442581,1
0.002396,0.424831,0.636562,0.089816,0.424837,0
0.003901,0.424912,0.640129,0.059134,0.42493,0
0.003259,0.424433,0.641641,0.029711,0.424445,0
0.003227,0.424375,0.652291,0.04393,0.424388,0
0.016258,0.442127,0.829417,0.816588,0.442426,1
0.015418,0.441567,0.836524,0.892791,0.441837,1
0.003677,0.424467,0.66174,0.068763,0.424483,0
0.003326,0.425517,0.637846,0.029343,0.42553,0
0.015105,0.445946,0.849387,0.916193,0.446202,1
0.002738,0.424049,0.64094,0.027532,0.424058,0
0.014526,0.443558,0.843933,0.876118,0.443795,1
0.019688,0.441203,0.848117,0.914232,0.441642,1
0.003328,0.425389,0.676343,0.083869,0.425402,0
0.014983,0.443425,0.85226,0.836181,0.443678,1
0.014231,0.442761,0.864819,0.894563,0.44299,1
0.014891,0.443521,0.840597,0.872391,0.443771,1
0.003294,0.424217,0.641261,0.049485,0.42423,0
0.016703,0.442914,0.855377,0.882595,0.443229,1
0.016055,0.442497,0.82237,0.892558,0.442788,1
0.003393,0.424352,0.643989,0.065313,0.424365,0
0.003484,0.424667,0.647888,0.052378,0.424681,0
0.003236,0.423787,0.647975,0.082352,0.423799,0
0.003261,0.423336,0.645594,0.046437,0.423348,0
0.016923,0.439566,0.831666,0.841665,0.439892,1
0.015698,0.439586,0.848243,0.860568,0.439866,1
0.002651,0.424612,0.644917,0.061756,0.42462,0
0.003167,0.42454,0.644645,0.042327,0.424552,0
0.016685,0.440214,0.815751,0.771099,0.44053,1
0.016727,0.441246,0.855619,0.896162,0.441563,1
0.003797,0.424663,0.650048,0.05176,0.42468,0
0.003566,0.424778,0.655917,0.069054,0.424793,0
0.015409,0.442302,0.857629,0.872072,0.442571,1
0.003502,0.423964,0.645441,0.052821,0.423979,0
0.015849,0.442784,0.834609,0.867571,0.443067,1
0.003014,0.423746,0.645808,0.048956,0.423757,0
0.018322,0.440262,0.836796,0.845014,0.440643,1
0.014622,0.438951,0.847142,0.864469,0.439195,1
0.003361,0.42463,0.639596,0.051723,0.424644,0
0.004077,0.425019,0.638082,0.03552,0.425038,0
0.003694,0.424297,0.662178,0.074532,0.424313,0
0.002212,0.424675,0.641652,0.038703,0.424681,0
0.00326,0.424793,0.642554,0.066595,0.424805,0
0.01475,0.439188,0.813015,0.847296,0.439436,1
0.003486,0.423879,0.649438,0.060419,0.423893,0
0.003709,0.424553,0.652061,0.052079,0.424569,0
0.011692,0.442214,0.851251,0.880129,0.442369,1
0.003047,0.424697,0.636474,0.032902,0.424708,0
0.018275,0.439192,0.820442,0.829925,0.439572,1
0.003187,0.42459,0.656409,0.06861,0.424602,0
0.017579,0.439458,0.824371,0.804505,0.439809,1
0.00328,0.424715,0.658955,0.09866,0.424728,0
0.015795,0.441679,0.840403,0.857593,0.441962,1
0.003297,0.42474,0.655849,0.073886,0.424752,0
0.017505,0.442773,0.834172,0.837474,0.443119,1
0.00266,0.424874,0.640601,0.044244,0.424882,0
0.016613,0.442491,0.841068,0.840717,0.442803,1
0.017966,0.440532,0.839628,0.834093,0.440898,1
0.017396,0.441332,0.823984,0.845393,0.441674,1
0.003181,0.424285,0.642115,0.060142,0.424297,0
0.017407,0.439403,0.850729,0.914989,0.439748,1
0.018931,0.441411,0.871124,0.94062,0.441817,1
0.003098,0.424428,0.654958,0.079173,0.424439,0
0.020595,0.4387,0.814469,0.833929,0.439183,1
0.015685,0.442572,0.84803,0.91484,0.44285,1
0.017014,0.441719,0.841769,0.846557,0.442047,1
0.016159,0.440456,0.826148,0.806242,0.440752,1
0.017577,0.44201,0.838658,0.883819,0.442359,1
0.003319,0.424986,0.640654,0.04263,0.424999,0
0.00259,0.423934,0.641406,0.040404,0.423942,0
0.003315,0.424846,0.643665,0.053138,0.424859,0
0.017882,0.439865,0.827566,0.828057,0.440229,1
0.016279,0.440127,0.829527,0.862944,0.440428,1
0.016825,0.441945,0.828659,0.844409,0.442265,1
0.003412,0.424381,0.637943,0.049109,0.424395,0
0.004081,0.424887,0.647784,0.04639,0.424907,0
0.016683,0.444811,0.803213,0.901338,0.445123,1
0.003275,0.423483,0.633075,0.026711,0.423496,0
0.00424,0.425755,0.652698,0.074831,0.425776,0
0.003006,0.424269,0.658083,0.090054,0.424279,0
0.013427,0.438223,0.821987,0.848185,0.438429,1
0.014738,0.442393,0.819366,0.840942,0.442639,1
0.003251,0.424243,0.650289,0.057556,0.424255,0
0.003531,0.424553,0.657223,0.115002,0.424568,0
0.003519,0.425328,0.660312,0.090436,0.425343,0
0.015785,0.441688,0.853029,0.8526,0.44197,1
0.002511,0.425656,0.663622,0.081042,0.425663,0
0.003717,0.424559,0.646049,0.053085,0.424575,0
0.003163,0.424466,0.648028,0.040297,0.424478,0
0.015454,0.438246,0.809821,0.767979,0.438518,1
0.016512,0.441165,0.837589,0.886437,0.441474,1
0.00409,0.424671,0.65661,0.06429,0.424691,0
0.016861,0.442547,0.8344,0.829421,0.442868,1
0.003359,0.424456,0.652987,0.05569,0.424469,0
0.015389,0.440446,0.836292,0.836498,0.440715,1
0.014965,0.443318,0.80811,0.789185,0.44357,1
0.01325,0.442692,0.866198,0.867155,0.44289,1
0.014911,0.440255,0.852057,0.848722,0.440507,1
0.016855,0.442834,0.837986,0.864373,0.443154,1
0.003328,0.424024,0.649369,0.064579,0.424037,0
0.003684,0.424936,0.659956,0.081897,0.424951,0
0.003574,0.424118,0.646927,0.0836,0.424133,0
0.003401,0.425915,0.641279,0.044796,0.425929,0
0.016863,0.435997,0.827529,0.899714,0.436323,1
0.002816,0.424331,0.650146,0.059991,0.424341,0
0.003666,0.424801,0.659739,0.08385,0.424817,0
0.014013,0.440535,0.833051,0.864619,0.440758,1
0.015382,0.440881,0.842649,0.862712,0.441149,1
0.016332,0.44174,0.841249,0.889983,0.442041,1
0.016472,0.43973,0.830566,0.78992,0.440039,1
0.015604,0.44266,0.840114,0.835244,0.442935,1
0.00382,0.424271,0.640178,0.029612,0.424288,0
0.003193,0.424287,0.652044,0.065347,0.424299,0
0.002359,0.424303,0.68082,0.123725,0.424309,0
0.004409,0.424727,0.649564,0.066546,0.42475,0
0.003005,0.424996,0.643947,0.075587,0.425007,0
0.018267,0.442243,0.843474,0.897576,0.44262,1
0.016453,0.442718,0.864614,0.874912,0.443023,1
0.017126,0.442474,0.85824,0.902675,0.442805,1
0.020847,0.442695,0.864612,0.90112,0.443186,1
0.002984,0.425093,0.664458,0.084865,0.425104,0
0.002944,0.42474,0.638587,0.040497,0.42475,0
0.015481,0.438536,0.859575,0.955684,0.438809,1
0.002584,0.424545,0.640409,0.047363,0.424553,0
0.013934,0.440973,0.860208,0.923813,0.441194,1
0.003383,0.42437,0.651516,0.067975,0.424384,0
0.002773,0.424027,0.671716,0.119337,0.424036,0
0.002882,0.424489,0.661772,0.084833,0.424498,0
0.003275,0.424035,0.639781,0.030063,0.424048,0
0.003346,0.424944,0.649853,0.066617,0.424957,0
0.003475,0.424846,0.646282,0.055003,0.42486,0
0.012295,0.444447,0.81952,0.83916,0.444617,1
0.002838,0.425028,0.642303,0.086032,0.425038,0
0.003433,0.424583,0.65392,0.08964,0.424597,0
0.002936,0.424154,0.648683,0.080943,0.424164,0
0.002499,0.42549,0.645332,0.048533,0.425497,0
0.003246,0.424242,0.652218,0.060399,0.424255,0
0.002797,0.424053,0.651327,0.055753,0.424062,0
0.003539,0.424632,0.652704,0.050253,0.424647,0
0.01589,0.440573,0.825736,0.824782,0.440859,1
0.017393,0.441066,0.821473,0.827918,0.441409,1
0.018511,0.437752,0.837182,0.817454,0.438143,1
0.017217,0.444013,0.819018,0.840832,0.444347,1
0.01736,0.442373,0.854343,0.896684,0.442713,1
0.01787,0.4396,0.834715,0.900285,0.439963,1
0.003037,0.424162,0.656643,0.083899,0.424173,0
0.015426,0.443525,0.823652,0.841,0.443793,1
0.016031,0.444519,0.811079,0.777341,0.444808,1
0.003334,0.425361,0.644657,0.04006,0.425374,0
0.00306,0.42458,0.642487,0.047638,0.424591,0
0.017089,0.444167,0.823386,0.822741,0.444496,1
0.018407,0.44141,0.820987,0.820795,0.441793,1
0.002631,0.425057,0.641251,0.045392,0.425065,0
0.016698,0.436172,0.832498,0.837205,0.436491,1
0.003756,0.424828,0.651148,0.094935,0.424845,0
0.019073,0.438763,0.802752,0.784055,0.439177,1
0.014864,0.440922,0.829081,0.842852,0.441172,1
0.003079,0.424193,0.651238,0.058636,0.424205,0
0.003142,0.425331,0.645866,0.044247,0.425342,0
0.012165,0.442941,0.911791,1,0.443108,1
0.016419,0.442438,0.831496,0.85974,0.442743,1
0.017371,0.443027,0.871427,0.909096,0.443368,1
0.002436,0.424165,0.652957,0.062414,0.424172,0
0.003556,0.423761,0.652838,0.077636,0.423776,0
0.003719,0.424439,0.635745,0.043817,0.424455,0
0.003563,0.424027,0.643434,0.03156,0.424042,0
0.002822,0.424392,0.660147,0.086301,0.424401,0
0.02016,0.441678,0.840795,0.842951,0.442138,1
0.003539,0.424606,0.657635,0.101999,0.424621,0
0.003847,0.424241,0.665771,0.091489,0.424258,0
0.003502,0.424123,0.639184,0.045073,0.424137,0
0.003072,0.425061,0.639822,0.047658,0.425072,0
0.003405,0.424418,0.650955,0.058125,0.424432,0
0.015286,0.441751,0.8243,0.820089,0.442016,1
0.00413,0.425279,0.644778,0.067339,0.425299,0
0.003072,0.425074,0.637407,0.054984,0.425085,0
0.017304,0.442993,0.835743,0.866451,0.44333,1
0.002909,0.424871,0.649644,0.052302,0.424881,0
0.014623,0.44145,0.829457,0.86325,0.441692,1
0.014644,0.440942,0.833741,0.88913,0.441185,1
0.004105,0.425065,0.645219,0.054025,0.425085,0
0.002891,0.424673,0.644629,0.05838,0.424683,0
0.013633,0.438428,0.809742,0.810503,0.43864,1
0.003164,0.424303,0.654446,0.044329,0.424315,0
0.00375,0.424289,0.646175,0.079401,0.424305,0
0.003132,0.424215,0.63562,0.058909,0.424227,0
0.00316,0.425022,0.643687,0.06093,0.425033,0
0.019458,0.440377,0.856331,0.853831,0.440807,1
0.002698,0.424692,0.642206,0.040999,0.424701,0
0.017332,0.443316,0.808849,0.779967,0.443654,1
0.016881,0.43982,0.840855,0.82762,0.440144,1
0.016473,0.437439,0.835727,0.850848,0.437749,1
0.002917,0.424098,0.65056,0.103173,0.424108,0
0.003397,0.424324,0.637254,0.040545,0.424337,0
0.016192,0.441288,0.860187,0.91817,0.441585,1
0.018611,0.441798,0.840029,0.846789,0.442189,1
0.01491,0.443893,0.847829,0.854585,0.444144,1
0.017872,0.43938,0.825196,0.775918,0.439743,1
0.002745,0.423866,0.649033,0.055809,0.423875,0
0.015862,0.440135,0.833695,0.862405,0.440421,1
0.015207,0.44513,0.82975,0.834349,0.44539,1
0.003999,0.42453,0.645863,0.048906,0.424549,0
0.003829,0.425005,0.643081,0.061692,0.425023,0
0.01802,0.436884,0.825734,0.821557,0.437256,1
0.015175,0.440436,0.813467,0.896016,0.440698,1
0.016606,0.440556,0.819648,0.850939,0.440869,1
0.002807,0.424838,0.640607,0.042747,0.424847,0
0.00273,0.425096,0.648367,0.059502,0.425105,0
0.019277,0.440575,0.828656,0.805933,0.440997,1
0.003413,0.424531,0.652917,0.119066,0.424545,0
0.015138,0.440655,0.856228,0.871323,0.440915,1
0.017112,0.440671,0.839139,0.887573,0.441003,1
0.003028,0.424727,0.644138,0.038718,0.424738,0
0.017664,0.439399,0.834814,0.869288,0.439754,1
0.002908,0.424844,0.670436,0.080264,0.424854,0
0.017858,0.441999,0.820456,0.829594,0.442359,1
0.00377,0.425031,0.650978,0.053626,0.425048,0
0.013755,0.442735,0.871346,0.991512,0.442948,1
0.017682,0.439334,0.835671,0.895146,0.43969,1
0.003474,0.424758,0.641165,0.046128,0.424772,0
0.016739,0.442932,0.84244,0.88438,0.443248,1
0.002496,0.424399,0.645124,0.059217,0.424406,0
0.004046,0.424121,0.638035,0.043367,0.42414,0
0.018026,0.443968,0.873145,0.94364,0.444334,1
0.00302,0.424746,0.643773,0.050599,0.424757,0
0.00315,0.424487,0.641766,0.038342,0.424498,0
0.002688,0.424151,0.648603,0.064102,0.424159,0
0.015663,0.443962,0.825734,0.859546,0.444239,1
0.015551,0.443814,0.826072,0.838947,0.444087,1
0.003474,0.424382,0.647649,0.073155,0.424396,0
0.016019,0.438838,0.844573,0.867625,0.43913,1
0.013495,0.439928,0.853848,0.855069,0.440135,1
0.003289,0.424521,0.656986,0.089954,0.424534,0
0.014766,0.44083,0.804759,0.805802,0.441078,1
0.003402,0.424778,0.645749,0.049091,0.424792,0
0.00345,0.424675,0.640652,0.044736,0.424689,0
0.015265,0.443495,0.846349,0.901355,0.443757,1
0.017834,0.440048,0.829669,0.86679,0.440409,1
0.003141,0.424662,0.65251,0.077001,0.424673,0
0.003313,0.424498,0.646244,0.072764,0.424511,0
0.016033,0.440507,0.834137,0.895065,0.440799,1
0.003353,0.424905,0.651231,0.071235,0.424918,0
0.01661,0.441507,0.81317,0.799754,0.441819,1
0.014492,0.442405,0.842809,0.878589,0.442642,1
0.018358,0.44087,0.862354,0.869289,0.441252,1
0.017304,0.441331,0.832004,0.829486,0.44167,1
0.003059,0.424604,0.645982,0.055723,0.424615,0
0.004022,0.424473,0.652555,0.079687,0.424492,0
0.016913,0.445898,0.864444,0.878906,0.446218,1
0.00292,0.424625,0.645559,0.042838,0.424635,0
0.003111,0.424504,0.6525,0.089425,0.424515,0
0.013965,0.44471,0.825907,0.827122,0.444929,1
0.004927,0.424509,0.634433,0.014447,0.424537,0
0.002919,0.425395,0.657872,0.090518,0.425405,0
0.01475,0.442283,0.831685,0.834345,0.442529,1
0.003568,0.425392,0.654795,0.065824,0.425407,0
0.002334,0.424117,0.644088,0.047352,0.424123,0
0.00401,0.424686,0.661335,0.063688,0.424705,0
0.003072,0.424299,0.636843,0.038658,0.42431,0
0.010797,0.442162,0.880762,0.969193,0.442294,1
0.016544,0.44352,0.854501,0.873275,0.443829,1
0.013384,0.442901,0.876347,0.953872,0.443103,1
0.002884,0.425299,0.645195,0.041704,0.425309,0
0.01522,0.441177,0.844772,0.859071,0.441439,1
0.003372,0.425631,0.642563,0.038706,0.425645,0
0.003053,0.42481,0.654542,0.075004,0.424821,0
0.003025,0.424306,0.6534,0.079027,0.424317,0
0.015703,0.442465,0.828733,0.834691,0.442744,1
0.014748,0.440366,0.843302,0.825454,0.440613,1
0.016139,0.443232,0.816717,0.816389,0.443526,1
0.002427,0.424445,0.651141,0.060075,0.424452,0
0.00381,0.424609,0.651459,0.061096,0.424626,0
0.015351,0.440218,0.828395,0.813798,0.440486,1
0.015809,0.442342,0.815447,0.77331,0.442625,1
0.015015,0.442738,0.834345,0.874242,0.442993,1
0.003,0.424612,0.654586,0.093924,0.424623,0
0.018425,0.436464,0.837787,0.856683,0.436853,1
0.01631,0.441865,0.832202,0.808177,0.442166,1
0.003218,0.424227,0.660677,0.078669,0.424239,0
0.003144,0.424432,0.642535,0.055814,0.424443,0
0.015762,0.444743,0.830839,0.831821,0.445022,1
0.016534,0.440122,0.841823,0.845444,0.440433,1
0.002602,0.424732,0.649356,0.105503,0.42474,0
0.003798,0.425549,0.641743,0.043837,0.425566,0
0.003471,0.423814,0.636809,0.023266,0.423829,0
0.003412,0.424374,0.66326,0.071407,0.424388,0
0.002423,0.424859,0.64518,0.056944,0.424866,0
0.016323,0.441638,0.866516,0.908102,0.44194,1
0.015163,0.439731,0.843203,0.840197,0.439992,1
0.003628,0.423789,0.663307,0.11496,0.423804,0
0.003745,0.425002,0.644451,0.05056,0.425018,0
0.003448,0.424921,0.641602,0.078326,0.424935,0
0.003139,0.425369,0.66184,0.092947,0.42538,0
0.003681,0.424657,0.653039,0.074633,0.424673,0
0.014955,0.437094,0.814501,0.821398,0.437349,1
0.014373,0.439549,0.829344,0.817352,0.439784,1
0.016531,0.441135,0.833645,0.805797,0.441444,1
0.014055,0.443614,0.828015,0.814003,0.443836,1
0.016355,0.444643,0.834191,0.827874,0.444944,1
0.018411,0.441082,0.836501,0.982891,0.441466,1
0.004048,0.42468,0.648551,0.066652,0.424699,0
0.015547,0.440794,0.82247,0.826284,0.441068,1
0.00292,0.424688,0.642686,0.037156,0.424698,0
0.019047,0.440659,0.845882,0.891533,0.441071,1
0.002294,0.424585,0.65497,0.092579,0.424591,0
0.014742,0.441545,0.848563,0.864363,0.441791,1
0.003444,0.425125,0.642531,0.073881,0.425139,0
0.017749,0.440473,0.824605,0.790436,0.44083,1
0.004204,0.425055,0.670418,0.108165,0.425076,0
0.004114,0.424365,0.653197,0.091697,0.424385,0
0.015697,0.443878,0.840275,0.858863,0.444155,1
0.003186,0.424725,0.655546,0.085728,0.424737,0
0.002754,0.425027,0.647518,0.06853,0.425036,0
0.016706,0.437548,0.842679,0.850628,0.437867,1
0.004366,0.424641,0.650364,0.03705,0.424664,0
0.003457,0.425118,0.648155,0.049714,0.425133,0
0.014638,0.438483,0.825247,0.808966,0.438728,1
0.015196,0.441705,0.857386,0.916222,0.441967,1
0.003359,0.425281,0.643427,0.077381,0.425295,0
0.017292,0.442068,0.807904,0.77486,0.442406,1
0.016751,0.442449,0.833486,0.835534,0.442766,1
0.003169,0.424954,0.644412,0.049015,0.424966,0
0.016593,0.437185,0.818912,0.797616,0.4375,1
0.014868,0.440969,0.833769,0.824868,0.441219,1
0.016202,0.440059,0.843298,0.878542,0.440357,1
0.014312,0.443801,0.879541,0.95621,0.444032,1
0.01284,0.440854,0.847867,0.873226,0.441041,1
0.003465,0.424938,0.652117,0.069685,0.424952,0
0.014594,0.44458,0.858737,0.908196,0.44482,1
0.021651,0.444201,0.85108,0.891871,0.444728,1
0.018496,0.442549,0.817533,0.814062,0.442935,1
0.015706,0.439427,0.84606,0.847933,0.439707,1
0.002985,0.424516,0.655719,0.070043,0.424527,0
0.014462,0.438452,0.832618,0.8744,0.43869,1
0.003539,0.425062,0.647617,0.073447,0.425077,0
0.017191,0.440009,0.811446,0.828442,0.440345,1
0.018677,0.440559,0.841848,0.820439,0.440954,1
0.002723,0.42398,0.650287,0.058274,0.423989,0
0.003759,0.424809,0.63722,0.036476,0.424826,0
0.003707,0.424642,0.650729,0.057631,0.424658,0
0.003081,0.424852,0.6444,0.069697,0.424863,0
0.018476,0.434707,0.838045,0.887517,0.435099,1
0.003882,0.424252,0.649406,0.066706,0.424269,0
0.002773,0.424193,0.655996,0.069205,0.424202,0
0.017373,0.441689,0.859884,0.898664,0.44203,1
0.002642,0.424767,0.655134,0.088662,0.424775,0
0.016379,0.444237,0.820085,0.849016,0.444538,1
0.004233,0.425021,0.650271,0.078093,0.425042,0
0.013675,0.442215,0.830377,0.818966,0.442426,1
0.002943,0.424305,0.661922,0.118841,0.424315,0
0.002922,0.424534,0.64957,0.049042,0.424544,0
0.017202,0.44077,0.848528,0.855763,0.441106,1
0.002672,0.425528,0.638117,0.034388,0.425536,0
0.00395,0.424692,0.65355,0.063033,0.42471,0
0.013365,0.440836,0.854226,0.917606,0.441039,1
0.01531,0.441854,0.843895,0.826777,0.44212,1
0.003049,0.424399,0.650364,0.072337,0.42441,0
0.002357,0.424522,0.641615,0.052257,0.424528,0
0.003921,0.424813,0.638987,0.039261,0.424831,0
0.016264,0.437788,0.815218,0.791037,0.43809,1
0.00381,0.424513,0.656893,0.078771,0.42453,0
0.017857,0.438395,0.86435,0.925401,0.438759,1
0.015026,0.439708,0.823909,0.837852,0.439965,1
0.014209,0.440587,0.882678,0.955441,0.440816,1
0.004438,0.423453,0.642778,0.036372,0.423476,0
0.003698,0.424343,0.652805,0.075622,0.424359,0
0.003855,0.42457,0.668706,0.112174,0.424588,0
0.003252,0.425437,0.640052,0.055765,0.42545,0
0.015439,0.441289,0.850036,0.886788,0.441559,1
0.003,0.424764,0.658596,0.081022,0.424774,0
0.014751,0.439977,0.847016,0.8655,0.440224,1
0.002811,0.424249,0.652703,0.077068,0.424258,0
0.013706,0.439791,0.831918,0.837506,0.440005,1
0.003214,0.423555,0.631874,0.02592,0.423567,0
0.015505,0.441379,0.824313,0.85953,0.441651,1
0.017263,0.439955,0.815938,0.801029,0.440293,1
0.018857,0.44308,0.840685,0.860465,0.443481,1
0.016413,0.440909,0.848595,0.880174,0.441215,1
0.004517,0.424614,0.636405,0.043196,0.424638,0
0.003012,0.425382,0.639873,0.056669,0.425393,0
0.00324,0.424946,0.674228,0.11513,0.424958,0
0.01497,0.441098,0.825363,0.821272,0.441352,1
0.002856,0.424772,0.652662,0.076274,0.424782,0
0.013834,0.442488,0.825032,0.788805,0.442704,1
0.002955,0.425615,0.664148,0.100929,0.425625,0
0.002628,0.424416,0.641115,0.034659,0.424424,0
0.00341,0.424182,0.664223,0.091971,0.424196,0
0.003204,0.424882,0.648861,0.064564,0.424894,0
0.018129,0.441383,0.823717,0.875057,0.441756,1
0.00442,0.424174,0.655058,0.069284,0.424197,0
0.003606,0.424434,0.652968,0.078864,0.424449,0
0.014939,0.441793,0.855074,0.90356,0.442046,1
0.013314,0.441015,0.854421,0.855314,0.441216,1
0.00431,0.424902,0.643457,0.037835,0.424924,0
0.016912,0.439297,0.843495,0.842728,0.439622,1
0.002916,0.425057,0.634103,0.037739,0.425067,0
0.003182,0.424734,0.655058,0.061099,0.424746,0
0.003617,0.424904,0.650008,0.061141,0.42492,0
0.002723,0.425009,0.638658,0.044497,0.425017,0
0.016184,0.44122,0.82347,0.815993,0.441517,1
0.016827,0.442325,0.863528,0.864002,0.442645,1
0.003346,0.424879,0.644421,0.044749,0.424893,0
0.014383,0.443572,0.83163,0.838942,0.443805,1
0.003666,0.424992,0.653988,0.057532,0.425007,0
0.015156,0.440661,0.798893,0.794097,0.440922,1
0.013071,0.441725,0.838767,0.821571,0.441919,1
0.01558,0.440577,0.835461,0.879071,0.440853,1
0.015959,0.439696,0.843695,0.851166,0.439986,1
0.003193,0.42356,0.661824,0.055439,0.423572,0
0.003335,0.425036,0.638981,0.032012,0.425049,0
0.002979,0.424474,0.646274,0.082747,0.424485,0
0.003935,0.424956,0.644558,0.078299,0.424975,0
0.015755,0.439852,0.856631,0.863535,0.440134,1
0.014812,0.4428,0.80715,0.883125,0.443048,1
0.003264,0.425759,0.650247,0.069762,0.425771,0
0.004168,0.425005,0.655105,0.095825,0.425026,0
0.00374,0.424712,0.646104,0.047922,0.424729,0
0.014219,0.44039,0.857189,0.899585,0.44062,1
0.016766,0.444688,0.818418,0.813314,0.445004,1
0.003376,0.424689,0.65776,0.051044,0.424702,0
0.003495,0.424082,0.647522,0.040028,0.424097,0
0.003293,0.424895,0.657301,0.054359,0.424908,0
0.01627,0.440672,0.850413,0.879024,0.440972,1
0.003497,0.423466,0.644996,0.034827,0.42348,0
0.003303,0.425188,0.640515,0.041677,0.425201,0
0.014771,0.442085,0.841662,0.795233,0.442331,1
0.00332,0.424396,0.642469,0.038923,0.424409,0
0.014088,0.439772,0.851059,0.868199,0.439997,1
0.002917,0.424626,0.65249,0.067901,0.424636,0
0.002939,0.424271,0.640884,0.02921,0.424281,0
0.015473,0.44299,0.823624,0.834567,0.44326,1
0.01698,0.442729,0.840958,0.930014,0.443054,1
0.003528,0.424724,0.653041,0.045046,0.424739,0
0.003713,0.423919,0.656768,0.08422,0.423935,0
0.003133,0.425162,0.645364,0.038856,0.425174,0
0.004269,0.424294,0.652695,0.058175,0.424316,0
0.018687,0.445359,0.849646,0.865746,0.445751,1
0.001925,0.424658,0.652126,0.076867,0.424662,0
0.003025,0.42532,0.650283,0.065941,0.425331,0
0.014781,0.440066,0.858355,0.892133,0.440314,1
0.017458,0.443014,0.841199,0.875363,0.443358,1
0.004125,0.424404,0.65183,0.068222,0.424424,0
0.013892,0.444274,0.846539,0.871936,0.444491,1
0.016183,0.438736,0.84053,0.834852,0.439035,1
0.01589,0.43991,0.840669,0.857353,0.440197,1
0.019871,0.440252,0.857065,0.887675,0.4407,1
0.002811,0.423952,0.650678,0.051613,0.423961,0
0.019673,0.443664,0.836915,0.884924,0.4441,1
0.002814,0.424936,0.645839,0.050863,0.424946,0
0.002213,0.424657,0.665734,0.114199,0.424663,0
0.014648,0.4397,0.83521,0.846602,0.439944,1
0.016074,0.440105,0.836479,0.937021,0.440399,1
0.016036,0.441735,0.842062,0.817958,0.442026,1
0.002834,0.423899,0.630261,0,0.423908,0
0.017758,0.438899,0.825425,0.7812,0.439258,1
0.003863,0.424821,0.652462,0.061301,0.424839,0
0.015857,0.440666,0.832056,0.894489,0.440951,1
0.017801,0.444353,0.820753,0.848206,0.444709,1
0.003238,0.424738,0.652358,0.048686,0.424751,0
0.002155,0.425042,0.642681,0.062477,0.425048,0
0.003318,0.42375,0.637789,0.030216,0.423763,0
0.015383,0.441055,0.835449,0.845029,0.441324,1
0.003739,0.424145,0.640491,0.054611,0.424162,0
0.003617,0.424317,0.640372,0.043093,0.424333,0
0.003508,0.425065,0.653659,0.068923,0.42508,0
0.003627,0.424116,0.659909,0.067853,0.424132,0
0.004016,0.425004,0.656688,0.07375,0.425023,0
0.015449,0.439002,0.843757,0.855173,0.439274,1
0.015132,0.441466,0.866299,0.924549,0.441725,1
0.013804,0.441103,0.836044,0.884739,0.441319,1
0.016291,0.440568,0.83354,0.894202,0.440869,1
0.017924,0.436361,0.821369,0.7366,0.436729,1
0.003583,0.425022,0.650712,0.08276,0.425037,0
0.00265,0.425013,0.643929,0.060359,0.425022,0
0.015992,0.43976,0.823214,0.835084,0.44005,1
0.016835,0.441222,0.852419,0.866441,0.441543,1
0.013127,0.439552,0.8418,0.874583,0.439748,1
0.003049,0.423492,0.649474,0.048972,0.423503,0
0.017053,0.443808,0.832279,0.870789,0.444136,1
0.01532,0.443587,0.82359,0.823371,0.443852,1
0.003277,0.425105,0.640649,0.026007,0.425117,0
0.003107,0.424732,0.642496,0.043046,0.424743,0
0.003252,0.424923,0.651066,0.067038,0.424935,0
0.002316,0.424311,0.646193,0.039643,0.424317,0
0.002628,0.424207,0.64884,0.058758,0.424215,0
0.014174,0.444088,0.850842,0.870235,0.444314,1
0.004519,0.423857,0.650322,0.088474,0.423881,0
0.003326,0.42421,0.657439,0.073834,0.424223,0
0.003222,0.424664,0.659574,0.054677,0.424676,0
0.0033,0.424767,0.662649,0.08949,0.42478,0
0.00301,0.424053,0.670713,0.093397,0.424064,0
0.00375,0.424665,0.652084,0.064828,0.424682,0
0.017435,0.439858,0.833056,0.897746,0.440203,1
0.014075,0.437706,0.83241,0.818929,0.437932,1
0.015177,0.439341,0.843092,0.91025,0.439604,1
0.00399,0.424512,0.641642,0.040908,0.424531,0
0.003598,0.425083,0.657783,0.08975,0.425098,0
0.014225,0.44179,0.849746,0.90529,0.442019,1
0.014367,0.443046,0.816561,0.834548,0.443279,1
0.016708,0.440593,0.836605,0.909897,0.44091,1
0.016043,0.439749,0.850906,0.824376,0.440041,1
0.013938,0.440228,0.809794,0.853851,0.440448,1
0.00345,0.424343,0.653899,0.059186,0.424357,0
0.017317,0.440282,0.850788,0.831292,0.440623,1
0.003268,0.424805,0.64005,0.060035,0.424818,0
0.017001,0.439984,0.832192,0.847178,0.440312,1
0.003065,0.424445,0.64211,0.029209,0.424456,0
0.015119,0.441612,0.833882,0.829908,0.441871,1
0.003686,0.424319,0.645812,0.045843,0.424335,0
0.0036,0.424402,0.652306,0.06254,0.424418,0
0.003412,0.425033,0.653507,0.076287,0.425047,0
0.003622,0.424712,0.652027,0.047391,0.424727,0
0.014288,0.441108,0.8457,0.842123,0.441339,1
0.003222,0.424455,0.656099,0.082439,0.424467,0
0.002674,0.424811,0.646241,0.043844,0.42482,0
0.002995,0.424284,0.645242,0.06925,0.424294,0
0.002318,0.425564,0.649031,0.076553,0.42557,0
0.004056,0.424291,0.662081,0.073887,0.424311,0
0.01732,0.44029,0.812956,0.806929,0.440631,1
0.019455,0.442242,0.843564,0.838297,0.44267,1
0.003625,0.424743,0.655443,0.080009,0.424758,0
0.002814,0.424504,0.637355,0.027628,0.424513,0
0.003494,0.42467,0.645687,0.047751,0.424684,0
0.01536,0.442856,0.83613,0.883471,0.443122,1
0.016859,0.440295,0.84324,0.941858,0.440618,1
0.003406,0.424382,0.652319,0.05707,0.424396,0
0.013886,0.441069,0.82654,0.871008,0.441288,1
0.016397,0.439856,0.838623,0.866846,0.440162,1
0.01879,0.439115,0.881501,0.910854,0.439517,1
0.013552,0.441148,0.817935,0.859861,0.441356,1
0.003114,0.424734,0.644468,0.057095,0.424746,0
0.014681,0.440435,0.841317,0.87983,0.44068,1
0.004015,0.424782,0.649356,0.056185,0.424801,0
0.003421,0.424067,0.639996,0.040985,0.424081,0
0.003262,0.424334,0.652959,0.054489,0.424347,0
0.016036,0.442892,0.858708,0.882951,0.443182,1
0.015745,0.441738,0.811702,0.773217,0.442019,1
0.002556,0.424222,0.650763,0.083612,0.42423,0
0.003131,0.425047,0.672871,0.109488,0.425058,0
0.003545,0.423992,0.646817,0.053276,0.424007,0
0.017167,0.438293,0.842184,0.845748,0.438629,1
0.012227,0.441543,0.823563,0.83237,0.441713,1
0.003356,0.425145,0.648782,0.039674,0.425158,0
0.002875,0.424337,0.653721,0.067557,0.424347,0
0.003154,0.424186,0.63969,0.038773,0.424198,0
0.014781,0.439395,0.818,0.860509,0.439643,1
0.003276,0.425051,0.662983,0.096069,0.425064,0
0.014556,0.442121,0.821007,0.830269,0.442361,1
0.003248,0.425098,0.655043,0.067755,0.42511,0
0.014466,0.440515,0.834009,0.846935,0.440752,1
0.018566,0.44247,0.872593,0.916387,0.442859,1
0.003355,0.423568,0.639122,0.057369,0.423582,0
0.013772,0.443668,0.827563,0.807046,0.443882,1
0.014321,0.440385,0.820161,0.863757,0.440618,1
0.016084,0.445755,0.825883,0.827101,0.446045,1
0.003352,0.424253,0.648047,0.056244,0.424267,0
0.003781,0.42397,0.644757,0.051215,0.423987,0
0.01384,0.442129,0.840668,0.817055,0.442346,1
0.003477,0.424682,0.649752,0.059762,0.424696,0
0.001842,0.42503,0.650597,0.058306,0.425034,0
0.003221,0.42469,0.653418,0.050832,0.424702,0
0.017118,0.440448,0.857127,0.899351,0.440781,1
0.003924,0.424635,0.648064,0.098046,0.424654,0
0.002986,0.425313,0.649716,0.054543,0.425323,0
0.014189,0.443708,0.863603,0.984997,0.443934,1
0.003438,0.423842,0.640261,0.045206,0.423856,0
0.003055,0.424518,0.645996,0.035693,0.424529,0
0.002764,0.425008,0.649492,0.050592,0.425017,0
0.017739,0.443038,0.862958,0.920421,0.443393,1
0.004119,0.423775,0.641353,0.082105,0.423795,0
0.014439,0.442279,0.81294,0.787695,0.442514,1
0.002385,0.425105,0.644604,0.063958,0.425111,0
0.018456,0.443133,0.847441,0.818039,0.443518,1
0.003598,0.424849,0.645828,0.050162,0.424865,0
0.013512,0.442557,0.81278,0.83544,0.442763,1
0.003501,0.424695,0.645888,0.058494,0.42471,0
0.015969,0.439406,0.859496,0.848967,0.439696,1
0.003837,0.424264,0.649111,0.066652,0.424281,0
0.002937,0.424412,0.638426,0.035508,0.424422,0
0.014935,0.439741,0.840244,0.856812,0.439995,1
0.003241,0.424513,0.647261,0.072999,0.424525,0
0.01676,0.441233,0.834642,0.860534,0.441551,1
0.016916,0.441068,0.839501,0.892269,0.441392,1
0.01543,0.441338,0.800711,0.776472,0.441608,1
0.00255,0.424535,0.647208,0.043777,0.424543,0
0.002704,0.424541,0.647296,0.066647,0.42455,0
0.017629,0.438469,0.833224,0.826462,0.438823,1
0.002901,0.42416,0.638164,0.041647,0.42417,0
0.00306,0.424034,0.637035,0.039224,0.424045,0
0.017548,0.442435,0.856031,0.926235,0.442783,1
0.002766,0.424532,0.656328,0.072303,0.424541,0
0.003572,0.424338,0.643761,0.03598,0.424354,0
0.003419,0.424876,0.65167,0.054929,0.42489,0
0.017074,0.440936,0.868355,0.878947,0.441266,1
0.014619,0.442585,0.835701,0.83992,0.442826,1
0.003437,0.424237,0.642715,0.072856,0.424251,0
0.012246,0.442601,0.864508,0.892774,0.44277,1
0.003303,0.424487,0.645937,0.059042,0.424499,0
0.01364,0.442916,0.818074,0.789559,0.443126,1
0.003312,0.424319,0.644025,0.044793,0.424331,0
0.01822,0.442279,0.856413,0.860529,0.442654,1
0.003941,0.424066,0.664305,0.067801,0.424084,0
0.003982,0.425115,0.681321,0.121507,0.425133,0
0.016729,0.440214,0.847285,0.861797,0.440532,1
0.015845,0.441131,0.827117,0.814868,0.441415,1
0.016573,0.441338,0.838299,0.874189,0.44165,1
0.015564,0.444479,0.834206,0.867487,0.444751,1
0.002491,0.4248,0.640224,0.051063,0.424807,0
0.015293,0.443907,0.835779,0.855751,0.44417,1
0.002858,0.424069,0.640311,0.041284,0.424078,0
0.003479,0.42435,0.650932,0.044919,0.424364,0
0.00346,0.424074,0.63684,0.037929,0.424088,0
0.017827,0.438536,0.844614,0.882756,0.438898,1
0.003871,0.424072,0.654882,0.05698,0.42409,0
0.003009,0.424037,0.632626,0.050962,0.424048,0
0.003928,0.424992,0.650022,0.077475,0.42501,0
0.016971,0.440748,0.861564,0.906476,0.441075,1
0.016664,0.44059,0.822588,0.85327,0.440905,1
0.003084,0.424136,0.644877,0.068545,0.424147,0
0.016569,0.442329,0.843946,0.90013,0.442639,1
0.015011,0.441851,0.838209,0.902163,0.442106,1
0.012893,0.443293,0.836948,0.827254,0.44348,1
0.003453,0.424365,0.667082,0.082386,0.424379,0
0.003233,0.425049,0.655531,0.065344,0.425061,0
0.012892,0.441905,0.824725,0.842669,0.442093,1
0.003439,0.42354,0.642711,0.063986,0.423554,0
0.003291,0.42487,0.641989,0.074008,0.424883,0
0.003185,0.423942,0.639756,0.05988,0.423954,0
0.015676,0.441779,0.850881,0.874459,0.442057,1
0.017426,0.442322,0.860567,0.862168,0.442665,1
0.018817,0.441378,0.858688,0.925595,0.441779,1
0.003495,0.424864,0.655442,0.09334,0.424879,0
0.019711,0.439864,0.803206,0.735772,0.440305,1
0.002884,0.424809,0.645097,0.076371,0.424819,0
0.002801,0.42403,0.654163,0.058363,0.424039,0
0.016569,0.442796,0.876631,0.97648,0.443106,1
0.014661,0.444021,0.8344,0.836105,0.444263,1
0.017677,0.440495,0.860612,0.885008,0.440849,1
0.013538,0.442661,0.818891,0.836757,0.442868,1
0.019216,0.442349,0.846014,0.87697,0.442766,1
0.003465,0.424882,0.652658,0.073943,0.424896,0
0.014904,0.443147,0.831515,0.814849,0.443398,1
0.017115,0.441542,0.857334,0.899895,0.441873,1
0.015415,0.444204,0.816301,0.783813,0.444472,1
0.003108,0.425245,0.638678,0.057035,0.425257,0
0.004515,0.424422,0.645044,0.030329,0.424446,0
0.002341,0.424537,0.637389,0.049627,0.424544,0
0.003583,0.425245,0.642355,0.066956,0.42526,0
0.016821,0.444091,0.817016,0.876468,0.444409,1
0.002945,0.424964,0.647848,0.048636,0.424975,0
0.002652,0.424351,0.645197,0.035341,0.424359,0
0.012313,0.44532,0.845434,0.889366,0.44549,1
0.016791,0.441748,0.84353,0.907579,0.442067,1
0.014129,0.442455,0.865826,0.912855,0.442681,1
0.004235,0.4247,0.655719,0.076795,0.424721,0
0.003589,0.424651,0.651424,0.062137,0.424667,0
0.00293,0.42431,0.648554,0.066818,0.42432,0
0.020062,0.442562,0.862197,0.868834,0.443017,1
0.013412,0.442987,0.826778,0.84559,0.44319,1
0.01799,0.440986,0.853782,0.88743,0.441353,1
0.015988,0.43967,0.819264,0.808554,0.43996,1
0.002956,0.424977,0.650491,0.067653,0.424987,0
0.016964,0.437644,0.862054,0.885376,0.437972,1
0.016905,0.440564,0.828383,0.868584,0.440888,1
0.014808,0.441027,0.813334,0.889261,0.441276,1
0.014996,0.441349,0.838224,0.836488,0.441603,1
0.00266,0.424077,0.641221,0.047072,0.424086,0
0.003613,0.42493,0.645703,0.061864,0.424945,0
0.003035,0.424433,0.66994,0.093655,0.424444,0
0.0197,0.437603,0.838845,0.897986,0.438047,1
0.0033,0.424426,0.64695,0.050831,0.424439,0
0.01116,0.440923,0.825723,0.795269,0.441064,1
0.002857,0.424621,0.64467,0.06962,0.424631,0
0.003706,0.424159,0.636293,0.040073,0.424176,0
0.014527,0.440181,0.830494,0.841648,0.44042,1
0.014993,0.441496,0.852426,0.84478,0.441751,1
0.013807,0.441795,0.836065,0.895603,0.442011,1
0.004035,0.424663,0.677576,0.099586,0.424683,0
0.003103,0.424337,0.644916,0.05178,0.424348,0
0.003141,0.424089,0.64383,0.031261,0.4241,0
0.002645,0.424522,0.644543,0.092399,0.42453,0
0.016687,0.442455,0.835878,0.889941,0.442769,1
0.002838,0.424557,0.645292,0.051793,0.424567,0
0.004139,0.424786,0.663716,0.088536,0.424807,0
0.01677,0.440679,0.877089,0.911015,0.440998,1
0.002658,0.424322,0.642173,0.057487,0.42433,0
0.002614,0.424645,0.643063,0.052577,0.424653,0
0.002722,0.424872,0.64728,0.093944,0.424881,0
0.015907,0.442055,0.804306,0.813165,0.442341,1
0.014491,0.44211,0.872644,0.883639,0.442347,1
0.002983,0.425027,0.643424,0.058827,0.425038,0
0.003436,0.424372,0.637499,0.041825,0.424386,0
0.022032,0.441617,0.845463,0.901587,0.442166,1
0.018472,0.44147,0.866338,0.919991,0.441856,1
0.015045,0.440093,0.849727,0.860178,0.44035,1
0.01677,0.442038,0.870245,0.957048,0.442356,1
0.003669,0.42471,0.640154,0.030651,0.424725,0
0.00251,0.424805,0.643146,0.062863,0.424812,0
0.015934,0.438409,0.843984,0.848339,0.438698,1
0.002833,0.424426,0.65348,0.074012,0.424436,0
0.003128,0.423836,0.663189,0.092737,0.423848,0
0.015991,0.444291,0.824587,0.811855,0.444579,1
0.002825,0.423858,0.652455,0.078446,0.423867,0
0.003444,0.424659,0.648129,0.050414,0.424673,0
0.016579,0.441078,0.848305,0.897542,0.441389,1
0.015509,0.444065,0.83555,0.879625,0.444336,1
0.003306,0.424383,0.641141,0.033288,0.424396,0
0.002821,0.424944,0.643973,0.050544,0.424953,0
0.003894,0.424926,0.681591,0.101353,0.424944,0
0.003471,0.424459,0.640606,0.053075,0.424474,0
0.003202,0.425005,0.637299,0.056786,0.425017,0
0.016147,0.440388,0.845448,0.840877,0.440684,1
0.017429,0.439211,0.847593,0.807271,0.439556,1
0.012842,0.441935,0.829816,0.871243,0.442122,1
0.004051,0.424274,0.641579,0.034865,0.424293,0
0.002822,0.424721,0.643712,0.049643,0.424731,0
0.003115,0.42407,0.640767,0.049465,0.424081,0
0.018179,0.442308,0.80393,0.707466,0.442681,1
0.002479,0.424577,0.646148,0.073036,0.424585,0
0.016043,0.438604,0.846144,0.941605,0.438898,1
0.01755,0.440141,0.854678,0.875912,0.440491,1
0.01497,0.44045,0.83271,0.912475,0.440705,1
0.003547,0.425208,0.648668,0.057885,0.425223,0
0.018764,0.442368,0.837588,0.855798,0.442766,1
0.016806,0.446467,0.86524,0.89566,0.446784,1
0.003174,0.424962,0.64323,0.06275,0.424974,0
0.003106,0.424466,0.657616,0.056204,0.424477,0
0.019111,0.439678,0.86339,0.895977,0.440093,1
0.017882,0.437935,0.800475,0.789784,0.4383,1
0.003271,0.424884,0.639017,0.037317,0.424896,0
0.003166,0.424201,0.645811,0.05504,0.424213,0
0.003736,0.424396,0.651742,0.068279,0.424412,0
0.018344,0.441443,0.826354,0.836364,0.441824,1
0.003259,0.424366,0.651258,0.0518,0.424379,0
0.002537,0.424975,0.659523,0.106826,0.424982,0
0.015282,0.444178,0.827767,0.836799,0.444441,1
0.017901,0.43886,0.889345,0.914358,0.439225,1
0.003395,0.424958,0.655027,0.060525,0.424971,0
0.003059,0.42401,0.660091,0.077565,0.424021,0
0.003222,0.424696,0.652566,0.076198,0.424708,0
0.014893,0.445762,0.824875,0.873142,0.44601,1
0.003516,0.424662,0.640468,0.047977,0.424677,0
0.00328,0.424684,0.649034,0.064692,0.424697,0
0.002969,0.424757,0.64683,0.069539,0.424767,0
0.003456,0.42457,0.652885,0.074282,0.424584,0
0.003411,0.42411,0.644981,0.06706,0.424124,0
0.003117,0.424052,0.652663,0.053899,0.424064,0
0.017876,0.443872,0.887194,0.932196,0.444232,1
0.00288,0.424595,0.646866,0.049766,0.424605,0
0.014776,0.445007,0.853078,0.906766,0.445252,1
0.014978,0.44102,0.83367,0.809581,0.441274,1
0.01986,0.439385,0.815756,0.855668,0.439833,1
0.003753,0.424165,0.647798,0.053662,0.424182,0
0.017352,0.439544,0.843218,0.889941,0.439887,1
0.003137,0.424305,0.652791,0.078573,0.424316,0
0.015112,0.441858,0.822137,0.883817,0.442116,1
0.003489,0.424638,0.660246,0.095271,0.424652,0
0.003103,0.42416,0.642282,0.051929,0.424172,0
0.003584,0.424714,0.656668,0.060953,0.424729,0
0.002999,0.425254,0.642322,0.042327,0.425264,0
0.012746,0.437456,0.841395,0.810167,0.437642,1
0.016304,0.442716,0.842681,0.862877,0.443016,1
0.01416,0.445003,0.8293,0.787975,0.445229,1
0.012131,0.4444,0.828149,0.88792,0.444565,1
0.00297,0.424314,0.640874,0.062885,0.424324,0
0.003375,0.424509,0.653034,0.078687,0.424523,0
0.01564,0.442764,0.839762,0.939148,0.44304,1
0.00354,0.424418,0.649081,0.079808,0.424432,0
0.003033,0.424237,0.633179,0.04963,0.424248,0
0.003385,0.42471,0.652609,0.065229,0.424723,0
0.003213,0.424087,0.64899,0.066291,0.424099,0
0.003057,0.42549,0.637201,0.056066,0.425501,0
0.016984,0.43931,0.846083,0.893852,0.439638,1
0.015135,0.44136,0.831702,0.862996,0.441619,1
0.003017,0.424846,0.651903,0.066047,0.424856,0
0.003261,0.424471,0.646949,0.044101,0.424483,0
0.00259,0.424202,0.642009,0.055928,0.42421,0
0.018687,0.441982,0.868665,0.892479,0.442377,1
0.003383,0.424456,0.663705,0.075553,0.424469,0
0.016227,0.439404,0.835785,0.896216,0.439703,1
0.003393,0.424366,0.639881,0.057532,0.424379,0
0.002781,0.424889,0.644845,0.058321,0.424898,0
0.003571,0.425746,0.64282,0.055147,0.42576,0
0.015089,0.438543,0.815027,0.779396,0.438802,1
0.016829,0.438047,0.816055,0.860961,0.438371,1
0.0032,0.424111,0.655875,0.075466,0.424123,0
0.003218,0.42495,0.642578,0.049029,0.424963,0
0.019483,0.439426,0.842029,0.870012,0.439858,1
0.002399,0.425539,0.652039,0.089561,0.425546,0
0.017545,0.439878,0.82934,0.877229,0.440227,1
0.003101,0.424336,0.645994,0.060579,0.424348,0
0.003135,0.424637,0.646357,0.041701,0.424648,0
0.003195,0.424408,0.656648,0.082883,0.42442,0
0.016807,0.439838,0.846732,0.923956,0.440159,1
0.003385,0.424839,0.640818,0.048676,0.424853,0
0.019158,0.440151,0.796498,0.810118,0.440568,1
0.004213,0.424295,0.645212,0.074311,0.424316,0
0.002689,0.424808,0.655214,0.066339,0.424817,0
0.015259,0.440898,0.816595,0.845153,0.441162,1
0.003669,0.424609,0.649223,0.044969,0.424625,0
0.018282,0.438601,0.818601,0.766351,0.438982,1
0.003186,0.424465,0.649715,0.064292,0.424477,0
0.014536,0.441159,0.830396,0.831557,0.441399,1
0.002984,0.424305,0.645913,0.054909,0.424315,0
0.00337,0.425142,0.66006,0.067824,0.425155,0
0.017706,0.438611,0.821826,0.863809,0.438968,1
0.019846,0.442722,0.833064,0.805283,0.443166,1
0.014412,0.444112,0.817489,0.815454,0.444345,1
0.003751,0.424476,0.655058,0.059433,0.424493,0
0.002838,0.425302,0.648236,0.071344,0.425311,0
0.003318,0.423894,0.645186,0.041251,0.423907,0
0.014197,0.443811,0.847019,0.870331,0.444038,1
0.017243,0.440569,0.839902,0.836295,0.440907,1
0.015531,0.442898,0.822129,0.782624,0.44317,1
0.01734,0.440169,0.815805,0.814537,0.440511,1
0.016429,0.439766,0.846861,0.856367,0.440072,1
0.015645,0.439164,0.84533,0.852833,0.439442,1
0.002317,0.425013,0.638013,0.029919,0.425019,0
0.018597,0.438173,0.839979,0.816996,0.438568,1
0.015262,0.441917,0.837208,0.844157,0.44218,1
0.016367,0.439934,0.848971,0.943521,0.440238,1
0.015837,0.438494,0.828291,0.885016,0.438779,1
0.018381,0.440428,0.838759,0.886694,0.440811,1
0.018864,0.44076,0.841305,0.767698,0.441164,1
0.015794,0.440089,0.838061,0.856952,0.440373,1
0.002406,0.424303,0.645365,0.043753,0.42431,0
0.014574,0.444203,0.858606,0.933535,0.444442,1
0.012132,0.445671,0.842423,0.818207,0.445836,1
0.003897,0.424349,0.659419,0.080053,0.424367,0
0.016176,0.440208,0.83953,0.841356,0.440505,1
0.003662,0.425461,0.644996,0.042279,0.425477,0
0.016682,0.44027,0.801337,0.807973,0.440586,1
0.015736,0.439539,0.810319,0.758117,0.439821,1
0.014272,0.44011,0.848036,0.902727,0.440341,1
0.002572,0.424976,0.645966,0.074999,0.424984,0
0.003568,0.42391,0.651596,0.058859,0.423925,0
0.018541,0.442072,0.843193,0.887003,0.442461,1
0.004043,0.4237,0.641119,0.030646,0.423719,0
0.016174,0.441013,0.847624,0.907692,0.44131,1
0.015982,0.440494,0.843505,0.874041,0.440784,1
0.003903,0.42483,0.64872,0.061455,0.424848,0
0.017463,0.440625,0.844234,0.829992,0.440971,1
0.002933,0.424043,0.64845,0.079989,0.424053,0
0.003135,0.423445,0.644457,0.041689,0.423457,0
0.003837,0.424685,0.656597,0.060918,0.424702,0
0.003402,0.424647,0.641049,0.026004,0.42466,0
0.003803,0.424495,0.640141,0.044786,0.424512,0
0.003577,0.423506,0.659037,0.070679,0.423522,0
0.014022,0.438808,0.84488,0.814759,0.439032,1
0.004048,0.423441,0.641247,0.034776,0.42346,0
0.003703,0.424051,0.639212,0.037062,0.424067,0
0.003649,0.42466,0.639395,0.043491,0.424676,0
0.012754,0.44169,0.809403,0.815249,0.441874,1
0.00344,0.42495,0.652245,0.051424,0.424964,0
0.015662,0.440706,0.823223,0.892537,0.440984,1
0.01664,0.442941,0.837658,0.860307,0.443253,1
0.002886,0.42425,0.646421,0.060475,0.424259,0
0.002783,0.424053,0.668866,0.089698,0.424062,0
0.014985,0.443509,0.8259,0.881661,0.443762,1
0.00251,0.42475,0.635864,0.043595,0.424757,0
0.003172,0.425024,0.659702,0.093383,0.425036,0
0.002627,0.424951,0.664221,0.136468,0.424959,0
0.003034,0.425172,0.642948,0.05745,0.425183,0
0.015915,0.440479,0.863073,0.879437,0.440767,1
0.016219,0.44312,0.829755,0.867857,0.443416,1
0.016395,0.439323,0.83232,0.876093,0.439629,1
0.003456,0.42531,0.65302,0.110592,0.425324,0
0.003107,0.424942,0.642309,0.071961,0.424954,0
0.002979,0.425518,0.644533,0.058965,0.425529,0
0.015534,0.440085,0.799816,0.778694,0.440359,1
0.017508,0.443783,0.821911,0.803669,0.444128,1
0.003252,0.424849,0.645918,0.05249,0.424862,0
0.00315,0.424569,0.659634,0.07515,0.42458,0
0.016734,0.441135,0.827231,0.816164,0.441452,1
0.003721,0.424382,0.661604,0.078901,0.424398,0
0.014348,0.442719,0.818107,0.789442,0.442951,1
0.003347,0.423927,0.637864,0.049272,0.42394,0
0.013444,0.442707,0.850947,0.876058,0.442912,1
0.00302,0.425076,0.653927,0.069269,0.425087,0
0.012175,0.44154,0.844254,0.897492,0.441708,1
0.004477,0.425173,0.643595,0.045408,0.425196,0
0.017823,0.43969,0.845935,0.858408,0.440051,1
0.014485,0.440556,0.800529,0.848667,0.440794,1
0.016654,0.443047,0.836699,0.891672,0.44336,1
0.015965,0.442196,0.82224,0.867375,0.442484,1
0.018055,0.442551,0.820483,0.861159,0.442919,1
0.00376,0.425196,0.641587,0.060638,0.425213,0
0.003232,0.424379,0.640941,0.052017,0.424391,0
0.002957,0.423479,0.634657,0.037929,0.423489,0
0.016166,0.441888,0.828611,0.84303,0.442184,1
0.003327,0.424747,0.642564,0.043305,0.42476,0
0.014618,0.440945,0.855499,0.887133,0.441188,1
0.01588,0.444066,0.839078,0.810474,0.44435,1
0.01477,0.443527,0.83534,0.931806,0.443773,1
0.003913,0.424538,0.647958,0.089346,0.424556,1
0.019186,0.440456,0.818298,0.825348,0.440873,0
0.003231,0.425487,0.651711,0.056849,0.425499,1
0.002578,0.423648,0.65068,0.055669,0.423656,1
0.017971,0.441117,0.835833,0.84284,0.441483,0
0.003781,0.424542,0.64724,0.040304,0.424559,1
0.003514,0.424554,0.640203,0.086657,0.424569,1
0.015318,0.441981,0.814526,0.832681,0.442246,0
0.002569,0.423754,0.642198,0.046674,0.423762,1
0.004314,0.424981,0.644507,0.068241,0.425003,1
0.003248,0.425741,0.63523,0.04529,0.425753,1
0.002827,0.4243,0.653771,0.070006,0.424309,1
0.0161,0.4374,0.835185,0.853027,0.437696,0
0.016562,0.442804,0.826175,0.82759,0.443113,0
0.014526,0.44023,0.842571,0.874383,0.44047,0
0.002249,0.424182,0.659892,0.1001,0.424188,1
0.003688,0.42433,0.645659,0.036503,0.424346,1
0.003752,0.423619,0.63409,0.049311,0.423636,1
0.002409,0.42504,0.643011,0.058389,0.425046,1
0.019677,0.439897,0.814207,0.905392,0.440337,0
0.0176,0.442533,0.842792,0.86246,0.442883,0
0.015454,0.437786,0.8572,0.929549,0.438059,0
0.002651,0.424813,0.650875,0.051867,0.424821,1
0.003099,0.424374,0.648564,0.058501,0.424385,1
0.003611,0.425354,0.64751,0.058444,0.425369,1
0.003558,0.425213,0.650242,0.060505,0.425227,1
0.015756,0.440583,0.843815,0.831411,0.440864,0
0.003358,0.424692,0.630375,0.034761,0.424705,1
0.013765,0.443743,0.872916,0.934452,0.443956,0
0.003557,0.424943,0.652133,0.059015,0.424957,1
0.003046,0.42502,0.675585,0.116638,0.425031,1
0.016305,0.44238,0.839154,0.850615,0.442681,0
0.003011,0.425608,0.664405,0.10924,0.425619,1
0.002925,0.424687,0.638065,0.040445,0.424697,1
0.003106,0.424418,0.654176,0.076611,0.42443,1
0.003642,0.423904,0.64997,0.063165,0.423919,1
0.013844,0.443358,0.848742,0.87803,0.443574,0
0.002651,0.423944,0.645054,0.094848,0.423953,1
0.003844,0.42517,0.641357,0.075016,0.425188,1
0.002997,0.424612,0.652285,0.061632,0.424623,1
0.018946,0.439729,0.837539,0.890997,0.440137,1
0.010573,0.444505,0.80353,0.826584,0.444631,1
0.019271,0.442333,0.887098,0.959426,0.442752,1
0.003608,0.425083,0.656271,0.048039,0.425098,0
0.017751,0.438495,0.874678,0.853257,0.438854,1
0.015052,0.440087,0.834905,0.792203,0.440344,1
0.003518,0.425304,0.641928,0.054618,0.425319,0
0.016862,0.441717,0.838845,0.877074,0.442038,1
0.021891,0.444067,0.83529,0.818978,0.444607,1
0.016065,0.440227,0.838873,0.83538,0.44052,1
0.003164,0.424665,0.664849,0.087117,0.424677,0
0.0152,0.440781,0.835835,0.861386,0.441043,1
0.018466,0.438803,0.806054,0.788909,0.439191,1
0.021467,0.441456,0.837026,0.878596,0.441977,1
0.003691,0.424732,0.646354,0.052223,0.424748,0
0.017539,0.442994,0.84735,0.841273,0.443341,1
0.00392,0.425444,0.664972,0.093422,0.425462,0