==============================================================
Vitis HLS - High-Level Synthesis from C, C++ and OpenCL v2024.1 (64-bit)
Tool Version Limit: 2024.05
Copyright 1986-2022 Xilinx, Inc. All Rights Reserved.
Copyright 2022-2024 Advanced Micro Devices, Inc. All Rights Reserved.

==============================================================
INFO: [SYN 201-201] Setting up clock 'default' with a period of 10ns.
INFO: [HLS 200-1611] Setting target device to 'xc7a100t-csg324-1'
INFO: [HLS 200-1505] Using flow_target 'vivado'
INFO: [HLS 200-1464] Running solution command: config_cosim -tool=xsim
INFO: [HLS 200-1510] Running: set_part xc7a100tcsg324-1 
INFO: [HLS 200-1510] Running: create_clock -period 10 -name default 
INFO: [SYN 201-201] Setting up clock 'default' with a period of 10ns.
INFO: [HLS 200-1510] Running: config_cosim -tool xsim 
INFO: [HLS 200-1510] Running: csynth_design 
INFO: [HLS 200-111] Finished File checks and directory preparation: CPU user time: 0 seconds. CPU system time: 0 seconds. Elapsed time: 0.4 seconds; current allocated memory: 210.324 MB.
INFO: [HLS 200-10] Analyzing design file 'ppg_rf_hls/firmware/BDT.cpp' ... 
INFO: [HLS 200-10] Analyzing design file 'ppg_rf_hls/firmware/ppg_rf_project.cpp' ... 
ERROR: [HLS 207-3429] redeclaration of 'bdt' with a different type: 'BDT<...>' vs 'const BDT<...>' (ppg_rf_hls/firmware/ppg_rf_project.cpp:4:72)
INFO: [HLS 207-71] previous definition is here (ppg_rf_hls/firmware/parameters.h:20:78)
INFO: [HLS 200-2161] Finished Command csynth_design Elapsed time: 00:03:34; Allocated memory: 0.672 MB.
==============================================================
Vitis HLS - High-Level Synthesis from C, C++ and OpenCL v2024.1 (64-bit)
Tool Version Limit: 2024.05
Copyright 1986-2022 Xilinx, Inc. All Rights Reserved.
Copyright 2022-2024 Advanced Micro Devices, Inc. All Rights Reserved.

==============================================================
INFO: [SYN 201-201] Setting up clock 'default' with a period of 10ns.
INFO: [HLS 200-1611] Setting target device to 'xc7a100t-csg324-1'
INFO: [HLS 200-1505] Using flow_target 'vivado'
INFO: [HLS 200-1464] Running solution command: config_cosim -tool=xsim
INFO: [HLS 200-1510] Running: set_part xc7a100tcsg324-1 
INFO: [HLS 200-1510] Running: create_clock -period 10 -name default 
INFO: [HLS 200-1510] Running: config_cosim -tool xsim 
INFO: [HLS 200-1510] Running: csynth_design 
INFO: [HLS 200-111] Finished File checks and directory preparation: CPU user time: 0 seconds. CPU system time: 0 seconds. Elapsed time: 0.171 seconds; current allocated memory: 211.766 MB.
INFO: [HLS 200-10] Analyzing design file 'ppg_rf_hls/firmware/BDT.cpp' ... 
INFO: [HLS 200-10] Analyzing design file 'ppg_rf_hls/firmware/ppg_rf_project.cpp' ... 
WARNING: [HLS 200-1986] Could not apply TOP directive, invalid function, label, or variable (C:/Users/rajas/OneDrive/Desktop/hls_miniProject/solution1/csynth.tcl:16)
INFO: [HLS 200-111] Finished Source Code Analysis and Preprocessing: CPU user time: 1 seconds. CPU system time: 0 seconds. Elapsed time: 187.383 seconds; current allocated memory: 213.383 MB.
ERROR: [HLS 214-157] Top function not found: there is no function named 'ppg_rf_project'
INFO: [HLS 200-2161] Finished Command csynth_design Elapsed time: 00:03:56; Allocated memory: 1.707 MB.
==============================================================
Vitis HLS - High-Level Synthesis from C, C++ and OpenCL v2024.1 (64-bit)
Tool Version Limit: 2024.05
Copyright 1986-2022 Xilinx, Inc. All Rights Reserved.
Copyright 2022-2024 Advanced Micro Devices, Inc. All Rights Reserved.

==============================================================
INFO: [SYN 201-201] Setting up clock 'default' with a period of 10ns.
INFO: [HLS 200-1611] Setting target device to 'xc7a100t-csg324-1'
INFO: [HLS 200-1505] Using flow_target 'vivado'
INFO: [HLS 200-1464] Running solution command: config_cosim -tool=xsim
INFO: [HLS 200-1510] Running: set_part xc7a100tcsg324-1 
INFO: [HLS 200-1510] Running: create_clock -period 10 -name default 
INFO: [SYN 201-201] Setting up clock 'default' with a period of 10ns.
INFO: [HLS 200-1510] Running: config_cosim -tool xsim 
INFO: [HLS 200-1510] Running: csynth_design 
INFO: [HLS 200-111] Finished File checks and directory preparation: CPU user time: 1 seconds. CPU system time: 0 seconds. Elapsed time: 0.276 seconds; current allocated memory: 204.000 MB.
INFO: [HLS 200-10] Analyzing design file 'ppg_rf_hls/firmware/BDT.cpp' ... 
INFO: [HLS 200-10] Analyzing design file 'ppg_rf_hls/firmware/ppg_rf_project.cpp' ... 
INFO: [HLS 200-111] Finished Source Code Analysis and Preprocessing: CPU user time: 0 seconds. CPU system time: 0 seconds. Elapsed time: 92.534 seconds; current allocated memory: 205.695 MB.
INFO: [HLS 200-777] Using interface defaults for 'Vivado' flow target.
INFO: [HLS 200-1995] There were 97,281 instructions in the design after the 'Compile/Link' phase of compilation. See the Design Size Report for more details: C:/Users/rajas/OneDrive/Desktop/hls_miniProject/solution1/syn/report/csynth_design_size.rpt
WARNING: [HLS 200-1995] There were 1,372,555 instructions in the design after the 'Unroll/Inline' phase of compilation. See the Design Size Report for more details: C:/Users/rajas/OneDrive/Desktop/hls_miniProject/solution1/syn/report/csynth_design_size.rpt
WARNING: [HLS 200-1995] There were 297,163 instructions in the design after the 'Unroll/Inline (step 2)' phase of compilation. See the Design Size Report for more details: C:/Users/rajas/OneDrive/Desktop/hls_miniProject/solution1/syn/report/csynth_design_size.rpt
WARNING: [HLS 200-1995] There were 271,299 instructions in the design after the 'Unroll/Inline (step 3)' phase of compilation. See the Design Size Report for more details: C:/Users/rajas/OneDrive/Desktop/hls_miniProject/solution1/syn/report/csynth_design_size.rpt
WARNING: [HLS 200-1995] There were 270,060 instructions in the design after the 'Unroll/Inline (step 4)' phase of compilation. See the Design Size Report for more details: C:/Users/rajas/OneDrive/Desktop/hls_miniProject/solution1/syn/report/csynth_design_size.rpt
WARNING: [HLS 200-1995] There were 191,140 instructions in the design after the 'Array/Struct' phase of compilation. See the Design Size Report for more details: C:/Users/rajas/OneDrive/Desktop/hls_miniProject/solution1/syn/report/csynth_design_size.rpt
WARNING: [HLS 200-1995] There were 116,919 instructions in the design after the 'Array/Struct (step 2)' phase of compilation. See the Design Size Report for more details: C:/Users/rajas/OneDrive/Desktop/hls_miniProject/solution1/syn/report/csynth_design_size.rpt
WARNING: [HLS 200-1995] There were 116,919 instructions in the design after the 'Array/Struct (step 3)' phase of compilation. See the Design Size Report for more details: C:/Users/rajas/OneDrive/Desktop/hls_miniProject/solution1/syn/report/csynth_design_size.rpt
WARNING: [HLS 200-1995] There were 116,919 instructions in the design after the 'Array/Struct (step 4)' phase of compilation. See the Design Size Report for more details: C:/Users/rajas/OneDrive/Desktop/hls_miniProject/solution1/syn/report/csynth_design_size.rpt
WARNING: [HLS 200-1995] There were 116,919 instructions in the design after the 'Array/Struct (step 5)' phase of compilation. See the Design Size Report for more details: C:/Users/rajas/OneDrive/Desktop/hls_miniProject/solution1/syn/report/csynth_design_size.rpt
INFO: [HLS 200-1995] There were 92,962 instructions in the design after the 'Performance' phase of compilation. See the Design Size Report for more details: C:/Users/rajas/OneDrive/Desktop/hls_miniProject/solution1/syn/report/csynth_design_size.rpt
INFO: [HLS 200-1995] There were 92,848 instructions in the design after the 'Performance (step 2)' phase of compilation. See the Design Size Report for more details: C:/Users/rajas/OneDrive/Desktop/hls_miniProject/solution1/syn/report/csynth_design_size.rpt
INFO: [HLS 200-1995] There were 92,848 instructions in the design after the 'Performance (step 3)' phase of compilation. See the Design Size Report for more details: C:/Users/rajas/OneDrive/Desktop/hls_miniProject/solution1/syn/report/csynth_design_size.rpt
INFO: [HLS 200-1995] There were 92,848 instructions in the design after the 'Performance (step 4)' phase of compilation. See the Design Size Report for more details: C:/Users/rajas/OneDrive/Desktop/hls_miniProject/solution1/syn/report/csynth_design_size.rpt
INFO: [HLS 200-1995] There were 92,849 instructions in the design after the 'HW Transforms' phase of compilation. See the Design Size Report for more details: C:/Users/rajas/OneDrive/Desktop/hls_miniProject/solution1/syn/report/csynth_design_size.rpt
INFO: [HLS 214-377] Adding 'tree_0_199' into disaggregation list because there's array-partition pragma applied on the struct field (ppg_rf_hls/firmware/BDT.cpp:207:31)
INFO: [HLS 214-377] Adding 'tree_0_198' into disaggregation list because there's array-partition pragma applied on the struct field (ppg_rf_hls/firmware/BDT.cpp:206:31)
INFO: [HLS 214-377] Adding 'tree_0_197' into disaggregation list because there's array-partition pragma applied on the struct field (ppg_rf_hls/firmware/BDT.cpp:205:31)
INFO: [HLS 214-377] Adding 'tree_0_196' into disaggregation list because there's array-partition pragma applied on the struct field (ppg_rf_hls/firmware/BDT.cpp:204:31)
INFO: [HLS 214-377] Adding 'tree_0_195' into disaggregation list because there's array-partition pragma applied on the struct field (ppg_rf_hls/firmware/BDT.cpp:203:31)
INFO: [HLS 214-377] Adding 'tree_0_194' into disaggregation list because there's array-partition pragma applied on the struct field (ppg_rf_hls/firmware/BDT.cpp:202:31)
INFO: [HLS 214-377] Adding 'tree_0_193' into disaggregation list because there's array-partition pragma applied on the struct field (ppg_rf_hls/firmware/BDT.cpp:201:31)
INFO: [HLS 214-377] Adding 'tree_0_192' into disaggregation list because there's array-partition pragma applied on the struct field (ppg_rf_hls/firmware/BDT.cpp:200:31)
INFO: [HLS 214-377] Adding 'tree_0_191' into disaggregation list because there's array-partition pragma applied on the struct field (ppg_rf_hls/firmware/BDT.cpp:199:31)
INFO: [HLS 214-377] Adding 'tree_0_190' into disaggregation list because there's array-partition pragma applied on the struct field (ppg_rf_hls/firmware/BDT.cpp:198:31)
INFO: [HLS 214-377] Adding 'tree_0_189' into disaggregation list because there's array-partition pragma applied on the struct field (ppg_rf_hls/firmware/BDT.cpp:197:31)
INFO: [HLS 214-377] Adding 'tree_0_188' into disaggregation list because there's array-partition pragma applied on the struct field (ppg_rf_hls/firmware/BDT.cpp:196:31)
INFO: [HLS 214-377] Adding 'tree_0_187' into disaggregation list because there's array-partition pragma applied on the struct field (ppg_rf_hls/firmware/BDT.cpp:195:31)
INFO: [HLS 214-377] Adding 'tree_0_186' into disaggregation list because there's array-partition pragma applied on the struct field (ppg_rf_hls/firmware/BDT.cpp:194:31)
INFO: [HLS 214-377] Adding 'tree_0_185' into disaggregation list because there's array-partition pragma applied on the struct field (ppg_rf_hls/firmware/BDT.cpp:193:31)
INFO: [HLS 214-377] Adding 'tree_0_184' into disaggregation list because there's array-partition pragma applied on the struct field (ppg_rf_hls/firmware/BDT.cpp:192:31)
INFO: [HLS 214-377] Adding 'tree_0_183' into disaggregation list because there's array-partition pragma applied on the struct field (ppg_rf_hls/firmware/BDT.cpp:191:31)
INFO: [HLS 214-377] Adding 'tree_0_182' into disaggregation list because there's array-partition pragma applied on the struct field (ppg_rf_hls/firmware/BDT.cpp:190:31)
INFO: [HLS 214-377] Adding 'tree_0_181' into disaggregation list because there's array-partition pragma applied on the struct field (ppg_rf_hls/firmware/BDT.cpp:189:31)
INFO: [HLS 214-377] Adding 'tree_0_180' into disaggregation list because there's array-partition pragma applied on the struct field (ppg_rf_hls/firmware/BDT.cpp:188:31)
INFO: [HLS 214-377] Adding 'tree_0_179' into disaggregation list because there's array-partition pragma applied on the struct field (ppg_rf_hls/firmware/BDT.cpp:187:31)
INFO: [HLS 214-377] Adding 'tree_0_178' into disaggregation list because there's array-partition pragma applied on the struct field (ppg_rf_hls/firmware/BDT.cpp:186:31)
INFO: [HLS 214-377] Adding 'tree_0_177' into disaggregation list because there's array-partition pragma applied on the struct field (ppg_rf_hls/firmware/BDT.cpp:185:31)
INFO: [HLS 214-377] Adding 'tree_0_176' into disaggregation list because there's array-partition pragma applied on the struct field (ppg_rf_hls/firmware/BDT.cpp:184:31)
INFO: [HLS 214-377] Adding 'tree_0_175' into disaggregation list because there's array-partition pragma applied on the struct field (ppg_rf_hls/firmware/BDT.cpp:183:31)
INFO: [HLS 214-377] Adding 'tree_0_174' into disaggregation list because there's array-partition pragma applied on the struct field (ppg_rf_hls/firmware/BDT.cpp:182:31)
INFO: [HLS 214-377] Adding 'tree_0_173' into disaggregation list because there's array-partition pragma applied on the struct field (ppg_rf_hls/firmware/BDT.cpp:181:31)
INFO: [HLS 214-377] Adding 'tree_0_172' into disaggregation list because there's array-partition pragma applied on the struct field (ppg_rf_hls/firmware/BDT.cpp:180:31)
INFO: [HLS 214-377] Adding 'tree_0_171' into disaggregation list because there's array-partition pragma applied on the struct field (ppg_rf_hls/firmware/BDT.cpp:179:31)
INFO: [HLS 214-377] Adding 'tree_0_170' into disaggregation list because there's array-partition pragma applied on the struct field (ppg_rf_hls/firmware/BDT.cpp:178:31)
INFO: [HLS 214-377] Adding 'tree_0_169' into disaggregation list because there's array-partition pragma applied on the struct field (ppg_rf_hls/firmware/BDT.cpp:177:31)
INFO: [HLS 214-377] Adding 'tree_0_168' into disaggregation list because there's array-partition pragma applied on the struct field (ppg_rf_hls/firmware/BDT.cpp:176:31)
INFO: [HLS 214-377] Adding 'tree_0_167' into disaggregation list because there's array-partition pragma applied on the struct field (ppg_rf_hls/firmware/BDT.cpp:175:31)
INFO: [HLS 214-377] Adding 'tree_0_166' into disaggregation list because there's array-partition pragma applied on the struct field (ppg_rf_hls/firmware/BDT.cpp:174:31)
INFO: [HLS 214-377] Adding 'tree_0_165' into disaggregation list because there's array-partition pragma applied on the struct field (ppg_rf_hls/firmware/BDT.cpp:173:31)
INFO: [HLS 214-377] Adding 'tree_0_164' into disaggregation list because there's array-partition pragma applied on the struct field (ppg_rf_hls/firmware/BDT.cpp:172:31)
INFO: [HLS 214-377] Adding 'tree_0_163' into disaggregation list because there's array-partition pragma applied on the struct field (ppg_rf_hls/firmware/BDT.cpp:171:31)
INFO: [HLS 214-377] Adding 'tree_0_162' into disaggregation list because there's array-partition pragma applied on the struct field (ppg_rf_hls/firmware/BDT.cpp:170:31)
INFO: [HLS 214-377] Adding 'tree_0_161' into disaggregation list because there's array-partition pragma applied on the struct field (ppg_rf_hls/firmware/BDT.cpp:169:31)
INFO: [HLS 214-377] Adding 'tree_0_160' into disaggregation list because there's array-partition pragma applied on the struct field (ppg_rf_hls/firmware/BDT.cpp:168:31)
INFO: [HLS 214-377] Adding 'tree_0_159' into disaggregation list because there's array-partition pragma applied on the struct field (ppg_rf_hls/firmware/BDT.cpp:167:31)
INFO: [HLS 214-377] Adding 'tree_0_158' into disaggregation list because there's array-partition pragma applied on the struct field (ppg_rf_hls/firmware/BDT.cpp:166:31)
INFO: [HLS 214-377] Adding 'tree_0_157' into disaggregation list because there's array-partition pragma applied on the struct field (ppg_rf_hls/firmware/BDT.cpp:165:31)
INFO: [HLS 214-377] Adding 'tree_0_156' into disaggregation list because there's array-partition pragma applied on the struct field (ppg_rf_hls/firmware/BDT.cpp:164:31)
INFO: [HLS 214-377] Adding 'tree_0_155' into disaggregation list because there's array-partition pragma applied on the struct field (ppg_rf_hls/firmware/BDT.cpp:163:31)
INFO: [HLS 214-377] Adding 'tree_0_154' into disaggregation list because there's array-partition pragma applied on the struct field (ppg_rf_hls/firmware/BDT.cpp:162:31)
INFO: [HLS 214-377] Adding 'tree_0_153' into disaggregation list because there's array-partition pragma applied on the struct field (ppg_rf_hls/firmware/BDT.cpp:161:31)
INFO: [HLS 214-377] Adding 'tree_0_152' into disaggregation list because there's array-partition pragma applied on the struct field (ppg_rf_hls/firmware/BDT.cpp:160:31)
INFO: [HLS 214-377] Adding 'tree_0_151' into disaggregation list because there's array-partition pragma applied on the struct field (ppg_rf_hls/firmware/BDT.cpp:159:31)
INFO: [HLS 214-377] Adding 'tree_0_150' into disaggregation list because there's array-partition pragma applied on the struct field (ppg_rf_hls/firmware/BDT.cpp:158:31)
INFO: [HLS 214-377] Adding 'tree_0_149' into disaggregation list because there's array-partition pragma applied on the struct field (ppg_rf_hls/firmware/BDT.cpp:157:31)
INFO: [HLS 214-377] Adding 'tree_0_148' into disaggregation list because there's array-partition pragma applied on the struct field (ppg_rf_hls/firmware/BDT.cpp:156:31)
INFO: [HLS 214-377] Adding 'tree_0_147' into disaggregation list because there's array-partition pragma applied on the struct field (ppg_rf_hls/firmware/BDT.cpp:155:31)
INFO: [HLS 214-377] Adding 'tree_0_146' into disaggregation list because there's array-partition pragma applied on the struct field (ppg_rf_hls/firmware/BDT.cpp:154:31)
INFO: [HLS 214-377] Adding 'tree_0_145' into disaggregation list because there's array-partition pragma applied on the struct field (ppg_rf_hls/firmware/BDT.cpp:153:31)
INFO: [HLS 214-377] Adding 'tree_0_144' into disaggregation list because there's array-partition pragma applied on the struct field (ppg_rf_hls/firmware/BDT.cpp:152:31)
INFO: [HLS 214-377] Adding 'tree_0_143' into disaggregation list because there's array-partition pragma applied on the struct field (ppg_rf_hls/firmware/BDT.cpp:151:31)
INFO: [HLS 214-377] Adding 'tree_0_142' into disaggregation list because there's array-partition pragma applied on the struct field (ppg_rf_hls/firmware/BDT.cpp:150:31)
INFO: [HLS 214-377] Adding 'tree_0_141' into disaggregation list because there's array-partition pragma applied on the struct field (ppg_rf_hls/firmware/BDT.cpp:149:31)
INFO: [HLS 214-377] Adding 'tree_0_140' into disaggregation list because there's array-partition pragma applied on the struct field (ppg_rf_hls/firmware/BDT.cpp:148:31)
INFO: [HLS 214-377] Adding 'tree_0_139' into disaggregation list because there's array-partition pragma applied on the struct field (ppg_rf_hls/firmware/BDT.cpp:147:31)
INFO: [HLS 214-377] Adding 'tree_0_138' into disaggregation list because there's array-partition pragma applied on the struct field (ppg_rf_hls/firmware/BDT.cpp:146:31)
INFO: [HLS 214-377] Adding 'tree_0_137' into disaggregation list because there's array-partition pragma applied on the struct field (ppg_rf_hls/firmware/BDT.cpp:145:31)
INFO: [HLS 214-377] Adding 'tree_0_136' into disaggregation list because there's array-partition pragma applied on the struct field (ppg_rf_hls/firmware/BDT.cpp:144:31)
INFO: [HLS 214-377] Adding 'tree_0_135' into disaggregation list because there's array-partition pragma applied on the struct field (ppg_rf_hls/firmware/BDT.cpp:143:31)
INFO: [HLS 214-377] Adding 'tree_0_134' into disaggregation list because there's array-partition pragma applied on the struct field (ppg_rf_hls/firmware/BDT.cpp:142:31)
INFO: [HLS 214-377] Adding 'tree_0_133' into disaggregation list because there's array-partition pragma applied on the struct field (ppg_rf_hls/firmware/BDT.cpp:141:31)
INFO: [HLS 214-377] Adding 'tree_0_132' into disaggregation list because there's array-partition pragma applied on the struct field (ppg_rf_hls/firmware/BDT.cpp:140:31)
INFO: [HLS 214-377] Adding 'tree_0_131' into disaggregation list because there's array-partition pragma applied on the struct field (ppg_rf_hls/firmware/BDT.cpp:139:31)
INFO: [HLS 214-377] Adding 'tree_0_130' into disaggregation list because there's array-partition pragma applied on the struct field (ppg_rf_hls/firmware/BDT.cpp:138:31)
INFO: [HLS 214-377] Adding 'tree_0_129' into disaggregation list because there's array-partition pragma applied on the struct field (ppg_rf_hls/firmware/BDT.cpp:137:31)
INFO: [HLS 214-377] Adding 'tree_0_128' into disaggregation list because there's array-partition pragma applied on the struct field (ppg_rf_hls/firmware/BDT.cpp:136:31)
INFO: [HLS 214-377] Adding 'tree_0_127' into disaggregation list because there's array-partition pragma applied on the struct field (ppg_rf_hls/firmware/BDT.cpp:135:31)
INFO: [HLS 214-377] Adding 'tree_0_126' into disaggregation list because there's array-partition pragma applied on the struct field (ppg_rf_hls/firmware/BDT.cpp:134:31)
INFO: [HLS 214-377] Adding 'tree_0_125' into disaggregation list because there's array-partition pragma applied on the struct field (ppg_rf_hls/firmware/BDT.cpp:133:31)
INFO: [HLS 214-377] Adding 'tree_0_124' into disaggregation list because there's array-partition pragma applied on the struct field (ppg_rf_hls/firmware/BDT.cpp:132:31)
INFO: [HLS 214-377] Adding 'tree_0_123' into disaggregation list because there's array-partition pragma applied on the struct field (ppg_rf_hls/firmware/BDT.cpp:131:31)
INFO: [HLS 214-377] Adding 'tree_0_122' into disaggregation list because there's array-partition pragma applied on the struct field (ppg_rf_hls/firmware/BDT.cpp:130:31)
INFO: [HLS 214-377] Adding 'tree_0_121' into disaggregation list because there's array-partition pragma applied on the struct field (ppg_rf_hls/firmware/BDT.cpp:129:31)
INFO: [HLS 214-377] Adding 'tree_0_120' into disaggregation list because there's array-partition pragma applied on the struct field (ppg_rf_hls/firmware/BDT.cpp:128:31)
INFO: [HLS 214-377] Adding 'tree_0_119' into disaggregation list because there's array-partition pragma applied on the struct field (ppg_rf_hls/firmware/BDT.cpp:127:31)
INFO: [HLS 214-377] Adding 'tree_0_118' into disaggregation list because there's array-partition pragma applied on the struct field (ppg_rf_hls/firmware/BDT.cpp:126:31)
INFO: [HLS 214-377] Adding 'tree_0_117' into disaggregation list because there's array-partition pragma applied on the struct field (ppg_rf_hls/firmware/BDT.cpp:125:31)
INFO: [HLS 214-377] Adding 'tree_0_116' into disaggregation list because there's array-partition pragma applied on the struct field (ppg_rf_hls/firmware/BDT.cpp:124:31)
INFO: [HLS 214-377] Adding 'tree_0_115' into disaggregation list because there's array-partition pragma applied on the struct field (ppg_rf_hls/firmware/BDT.cpp:123:31)
INFO: [HLS 214-377] Adding 'tree_0_114' into disaggregation list because there's array-partition pragma applied on the struct field (ppg_rf_hls/firmware/BDT.cpp:122:31)
INFO: [HLS 214-377] Adding 'tree_0_113' into disaggregation list because there's array-partition pragma applied on the struct field (ppg_rf_hls/firmware/BDT.cpp:121:31)
INFO: [HLS 214-377] Adding 'tree_0_112' into disaggregation list because there's array-partition pragma applied on the struct field (ppg_rf_hls/firmware/BDT.cpp:120:31)
INFO: [HLS 214-377] Adding 'tree_0_111' into disaggregation list because there's array-partition pragma applied on the struct field (ppg_rf_hls/firmware/BDT.cpp:119:31)
INFO: [HLS 214-377] Adding 'tree_0_110' into disaggregation list because there's array-partition pragma applied on the struct field (ppg_rf_hls/firmware/BDT.cpp:118:31)
INFO: [HLS 214-377] Adding 'tree_0_109' into disaggregation list because there's array-partition pragma applied on the struct field (ppg_rf_hls/firmware/BDT.cpp:117:31)
INFO: [HLS 214-377] Adding 'tree_0_108' into disaggregation list because there's array-partition pragma applied on the struct field (ppg_rf_hls/firmware/BDT.cpp:116:31)
INFO: [HLS 214-377] Adding 'tree_0_107' into disaggregation list because there's array-partition pragma applied on the struct field (ppg_rf_hls/firmware/BDT.cpp:115:31)
INFO: [HLS 214-377] Adding 'tree_0_106' into disaggregation list because there's array-partition pragma applied on the struct field (ppg_rf_hls/firmware/BDT.cpp:114:31)
INFO: [HLS 214-377] Adding 'tree_0_105' into disaggregation list because there's array-partition pragma applied on the struct field (ppg_rf_hls/firmware/BDT.cpp:113:31)
INFO: [HLS 214-377] Adding 'tree_0_104' into disaggregation list because there's array-partition pragma applied on the struct field (ppg_rf_hls/firmware/BDT.cpp:112:31)
INFO: [HLS 214-377] Adding 'tree_0_103' into disaggregation list because there's array-partition pragma applied on the struct field (ppg_rf_hls/firmware/BDT.cpp:111:31)
INFO: [HLS 214-377] Adding 'tree_0_102' into disaggregation list because there's array-partition pragma applied on the struct field (ppg_rf_hls/firmware/BDT.cpp:110:31)
INFO: [HLS 214-377] Adding 'tree_0_101' into disaggregation list because there's array-partition pragma applied on the struct field (ppg_rf_hls/firmware/BDT.cpp:109:31)
INFO: [HLS 214-377] Adding 'tree_0_100' into disaggregation list because there's array-partition pragma applied on the struct field (ppg_rf_hls/firmware/BDT.cpp:108:31)
INFO: [HLS 214-377] Adding 'tree_0_99' into disaggregation list because there's array-partition pragma applied on the struct field (ppg_rf_hls/firmware/BDT.cpp:107:29)
INFO: [HLS 214-377] Adding 'tree_0_98' into disaggregation list because there's array-partition pragma applied on the struct field (ppg_rf_hls/firmware/BDT.cpp:106:29)
INFO: [HLS 214-377] Adding 'tree_0_97' into disaggregation list because there's array-partition pragma applied on the struct field (ppg_rf_hls/firmware/BDT.cpp:105:29)
INFO: [HLS 214-377] Adding 'tree_0_96' into disaggregation list because there's array-partition pragma applied on the struct field (ppg_rf_hls/firmware/BDT.cpp:104:29)
INFO: [HLS 214-377] Adding 'tree_0_95' into disaggregation list because there's array-partition pragma applied on the struct field (ppg_rf_hls/firmware/BDT.cpp:103:29)
INFO: [HLS 214-377] Adding 'tree_0_94' into disaggregation list because there's array-partition pragma applied on the struct field (ppg_rf_hls/firmware/BDT.cpp:102:29)
INFO: [HLS 214-377] Adding 'tree_0_93' into disaggregation list because there's array-partition pragma applied on the struct field (ppg_rf_hls/firmware/BDT.cpp:101:29)
INFO: [HLS 214-377] Adding 'tree_0_92' into disaggregation list because there's array-partition pragma applied on the struct field (ppg_rf_hls/firmware/BDT.cpp:100:29)
INFO: [HLS 214-377] Adding 'tree_0_91' into disaggregation list because there's array-partition pragma applied on the struct field (ppg_rf_hls/firmware/BDT.cpp:99:29)
INFO: [HLS 214-377] Adding 'tree_0_90' into disaggregation list because there's array-partition pragma applied on the struct field (ppg_rf_hls/firmware/BDT.cpp:98:29)
INFO: [HLS 214-377] Adding 'tree_0_89' into disaggregation list because there's array-partition pragma applied on the struct field (ppg_rf_hls/firmware/BDT.cpp:97:29)
INFO: [HLS 214-377] Adding 'tree_0_88' into disaggregation list because there's array-partition pragma applied on the struct field (ppg_rf_hls/firmware/BDT.cpp:96:29)
INFO: [HLS 214-377] Adding 'tree_0_87' into disaggregation list because there's array-partition pragma applied on the struct field (ppg_rf_hls/firmware/BDT.cpp:95:29)
INFO: [HLS 214-377] Adding 'tree_0_86' into disaggregation list because there's array-partition pragma applied on the struct field (ppg_rf_hls/firmware/BDT.cpp:94:29)
INFO: [HLS 214-377] Adding 'tree_0_85' into disaggregation list because there's array-partition pragma applied on the struct field (ppg_rf_hls/firmware/BDT.cpp:93:29)
INFO: [HLS 214-377] Adding 'tree_0_84' into disaggregation list because there's array-partition pragma applied on the struct field (ppg_rf_hls/firmware/BDT.cpp:92:29)
INFO: [HLS 214-377] Adding 'tree_0_83' into disaggregation list because there's array-partition pragma applied on the struct field (ppg_rf_hls/firmware/BDT.cpp:91:29)
INFO: [HLS 214-377] Adding 'tree_0_82' into disaggregation list because there's array-partition pragma applied on the struct field (ppg_rf_hls/firmware/BDT.cpp:90:29)
INFO: [HLS 214-377] Adding 'tree_0_81' into disaggregation list because there's array-partition pragma applied on the struct field (ppg_rf_hls/firmware/BDT.cpp:89:29)
INFO: [HLS 214-377] Adding 'tree_0_80' into disaggregation list because there's array-partition pragma applied on the struct field (ppg_rf_hls/firmware/BDT.cpp:88:29)
INFO: [HLS 214-377] Adding 'tree_0_79' into disaggregation list because there's array-partition pragma applied on the struct field (ppg_rf_hls/firmware/BDT.cpp:87:29)
INFO: [HLS 214-377] Adding 'tree_0_78' into disaggregation list because there's array-partition pragma applied on the struct field (ppg_rf_hls/firmware/BDT.cpp:86:29)
INFO: [HLS 214-377] Adding 'tree_0_77' into disaggregation list because there's array-partition pragma applied on the struct field (ppg_rf_hls/firmware/BDT.cpp:85:29)
INFO: [HLS 214-377] Adding 'tree_0_76' into disaggregation list because there's array-partition pragma applied on the struct field (ppg_rf_hls/firmware/BDT.cpp:84:29)
INFO: [HLS 214-377] Adding 'tree_0_75' into disaggregation list because there's array-partition pragma applied on the struct field (ppg_rf_hls/firmware/BDT.cpp:83:29)
INFO: [HLS 214-377] Adding 'tree_0_74' into disaggregation list because there's array-partition pragma applied on the struct field (ppg_rf_hls/firmware/BDT.cpp:82:29)
INFO: [HLS 214-377] Adding 'tree_0_73' into disaggregation list because there's array-partition pragma applied on the struct field (ppg_rf_hls/firmware/BDT.cpp:81:29)
INFO: [HLS 214-377] Adding 'tree_0_72' into disaggregation list because there's array-partition pragma applied on the struct field (ppg_rf_hls/firmware/BDT.cpp:80:29)
INFO: [HLS 214-377] Adding 'tree_0_71' into disaggregation list because there's array-partition pragma applied on the struct field (ppg_rf_hls/firmware/BDT.cpp:79:29)
INFO: [HLS 214-377] Adding 'tree_0_70' into disaggregation list because there's array-partition pragma applied on the struct field (ppg_rf_hls/firmware/BDT.cpp:78:29)
INFO: [HLS 214-377] Adding 'tree_0_69' into disaggregation list because there's array-partition pragma applied on the struct field (ppg_rf_hls/firmware/BDT.cpp:77:29)
INFO: [HLS 214-377] Adding 'tree_0_68' into disaggregation list because there's array-partition pragma applied on the struct field (ppg_rf_hls/firmware/BDT.cpp:76:29)
INFO: [HLS 214-377] Adding 'tree_0_67' into disaggregation list because there's array-partition pragma applied on the struct field (ppg_rf_hls/firmware/BDT.cpp:75:29)
INFO: [HLS 214-377] Adding 'tree_0_66' into disaggregation list because there's array-partition pragma applied on the struct field (ppg_rf_hls/firmware/BDT.cpp:74:29)
INFO: [HLS 214-377] Adding 'tree_0_65' into disaggregation list because there's array-partition pragma applied on the struct field (ppg_rf_hls/firmware/BDT.cpp:73:29)
INFO: [HLS 214-377] Adding 'tree_0_64' into disaggregation list because there's array-partition pragma applied on the struct field (ppg_rf_hls/firmware/BDT.cpp:72:29)
INFO: [HLS 214-377] Adding 'tree_0_63' into disaggregation list because there's array-partition pragma applied on the struct field (ppg_rf_hls/firmware/BDT.cpp:71:29)
INFO: [HLS 214-377] Adding 'tree_0_62' into disaggregation list because there's array-partition pragma applied on the struct field (ppg_rf_hls/firmware/BDT.cpp:70:29)
INFO: [HLS 214-377] Adding 'tree_0_61' into disaggregation list because there's array-partition pragma applied on the struct field (ppg_rf_hls/firmware/BDT.cpp:69:29)
INFO: [HLS 214-377] Adding 'tree_0_60' into disaggregation list because there's array-partition pragma applied on the struct field (ppg_rf_hls/firmware/BDT.cpp:68:29)
INFO: [HLS 214-377] Adding 'tree_0_59' into disaggregation list because there's array-partition pragma applied on the struct field (ppg_rf_hls/firmware/BDT.cpp:67:29)
INFO: [HLS 214-377] Adding 'tree_0_58' into disaggregation list because there's array-partition pragma applied on the struct field (ppg_rf_hls/firmware/BDT.cpp:66:29)
INFO: [HLS 214-377] Adding 'tree_0_57' into disaggregation list because there's array-partition pragma applied on the struct field (ppg_rf_hls/firmware/BDT.cpp:65:29)
INFO: [HLS 214-377] Adding 'tree_0_56' into disaggregation list because there's array-partition pragma applied on the struct field (ppg_rf_hls/firmware/BDT.cpp:64:29)
INFO: [HLS 214-377] Adding 'tree_0_55' into disaggregation list because there's array-partition pragma applied on the struct field (ppg_rf_hls/firmware/BDT.cpp:63:29)
INFO: [HLS 214-377] Adding 'tree_0_54' into disaggregation list because there's array-partition pragma applied on the struct field (ppg_rf_hls/firmware/BDT.cpp:62:29)
INFO: [HLS 214-377] Adding 'tree_0_53' into disaggregation list because there's array-partition pragma applied on the struct field (ppg_rf_hls/firmware/BDT.cpp:61:29)
INFO: [HLS 214-377] Adding 'tree_0_52' into disaggregation list because there's array-partition pragma applied on the struct field (ppg_rf_hls/firmware/BDT.cpp:60:29)
INFO: [HLS 214-377] Adding 'tree_0_51' into disaggregation list because there's array-partition pragma applied on the struct field (ppg_rf_hls/firmware/BDT.cpp:59:29)
INFO: [HLS 214-377] Adding 'tree_0_50' into disaggregation list because there's array-partition pragma applied on the struct field (ppg_rf_hls/firmware/BDT.cpp:58:29)
INFO: [HLS 214-377] Adding 'tree_0_49' into disaggregation list because there's array-partition pragma applied on the struct field (ppg_rf_hls/firmware/BDT.cpp:57:29)
INFO: [HLS 214-377] Adding 'tree_0_48' into disaggregation list because there's array-partition pragma applied on the struct field (ppg_rf_hls/firmware/BDT.cpp:56:29)
INFO: [HLS 214-377] Adding 'tree_0_47' into disaggregation list because there's array-partition pragma applied on the struct field (ppg_rf_hls/firmware/BDT.cpp:55:29)
INFO: [HLS 214-377] Adding 'tree_0_46' into disaggregation list because there's array-partition pragma applied on the struct field (ppg_rf_hls/firmware/BDT.cpp:54:29)
INFO: [HLS 214-377] Adding 'tree_0_45' into disaggregation list because there's array-partition pragma applied on the struct field (ppg_rf_hls/firmware/BDT.cpp:53:29)
INFO: [HLS 214-377] Adding 'tree_0_44' into disaggregation list because there's array-partition pragma applied on the struct field (ppg_rf_hls/firmware/BDT.cpp:52:29)
INFO: [HLS 214-377] Adding 'tree_0_43' into disaggregation list because there's array-partition pragma applied on the struct field (ppg_rf_hls/firmware/BDT.cpp:51:29)
INFO: [HLS 214-377] Adding 'tree_0_42' into disaggregation list because there's array-partition pragma applied on the struct field (ppg_rf_hls/firmware/BDT.cpp:50:29)
INFO: [HLS 214-377] Adding 'tree_0_41' into disaggregation list because there's array-partition pragma applied on the struct field (ppg_rf_hls/firmware/BDT.cpp:49:29)
INFO: [HLS 214-377] Adding 'tree_0_40' into disaggregation list because there's array-partition pragma applied on the struct field (ppg_rf_hls/firmware/BDT.cpp:48:29)
INFO: [HLS 214-377] Adding 'tree_0_39' into disaggregation list because there's array-partition pragma applied on the struct field (ppg_rf_hls/firmware/BDT.cpp:47:29)
INFO: [HLS 214-377] Adding 'tree_0_38' into disaggregation list because there's array-partition pragma applied on the struct field (ppg_rf_hls/firmware/BDT.cpp:46:29)
INFO: [HLS 214-377] Adding 'tree_0_37' into disaggregation list because there's array-partition pragma applied on the struct field (ppg_rf_hls/firmware/BDT.cpp:45:29)
INFO: [HLS 214-377] Adding 'tree_0_36' into disaggregation list because there's array-partition pragma applied on the struct field (ppg_rf_hls/firmware/BDT.cpp:44:29)
INFO: [HLS 214-377] Adding 'tree_0_35' into disaggregation list because there's array-partition pragma applied on the struct field (ppg_rf_hls/firmware/BDT.cpp:43:29)
INFO: [HLS 214-377] Adding 'tree_0_34' into disaggregation list because there's array-partition pragma applied on the struct field (ppg_rf_hls/firmware/BDT.cpp:42:29)
INFO: [HLS 214-377] Adding 'tree_0_33' into disaggregation list because there's array-partition pragma applied on the struct field (ppg_rf_hls/firmware/BDT.cpp:41:29)
INFO: [HLS 214-377] Adding 'tree_0_32' into disaggregation list because there's array-partition pragma applied on the struct field (ppg_rf_hls/firmware/BDT.cpp:40:29)
INFO: [HLS 214-377] Adding 'tree_0_31' into disaggregation list because there's array-partition pragma applied on the struct field (ppg_rf_hls/firmware/BDT.cpp:39:29)
INFO: [HLS 214-377] Adding 'tree_0_30' into disaggregation list because there's array-partition pragma applied on the struct field (ppg_rf_hls/firmware/BDT.cpp:38:29)
INFO: [HLS 214-377] Adding 'tree_0_29' into disaggregation list because there's array-partition pragma applied on the struct field (ppg_rf_hls/firmware/BDT.cpp:37:29)
INFO: [HLS 214-377] Adding 'tree_0_28' into disaggregation list because there's array-partition pragma applied on the struct field (ppg_rf_hls/firmware/BDT.cpp:36:29)
INFO: [HLS 214-377] Adding 'tree_0_27' into disaggregation list because there's array-partition pragma applied on the struct field (ppg_rf_hls/firmware/BDT.cpp:35:29)
INFO: [HLS 214-377] Adding 'tree_0_26' into disaggregation list because there's array-partition pragma applied on the struct field (ppg_rf_hls/firmware/BDT.cpp:34:29)
INFO: [HLS 214-377] Adding 'tree_0_25' into disaggregation list because there's array-partition pragma applied on the struct field (ppg_rf_hls/firmware/BDT.cpp:33:29)
INFO: [HLS 214-377] Adding 'tree_0_24' into disaggregation list because there's array-partition pragma applied on the struct field (ppg_rf_hls/firmware/BDT.cpp:32:29)
INFO: [HLS 214-377] Adding 'tree_0_23' into disaggregation list because there's array-partition pragma applied on the struct field (ppg_rf_hls/firmware/BDT.cpp:31:29)
INFO: [HLS 214-377] Adding 'tree_0_22' into disaggregation list because there's array-partition pragma applied on the struct field (ppg_rf_hls/firmware/BDT.cpp:30:29)
INFO: [HLS 214-377] Adding 'tree_0_21' into disaggregation list because there's array-partition pragma applied on the struct field (ppg_rf_hls/firmware/BDT.cpp:29:29)
INFO: [HLS 214-377] Adding 'tree_0_20' into disaggregation list because there's array-partition pragma applied on the struct field (ppg_rf_hls/firmware/BDT.cpp:28:29)
INFO: [HLS 214-377] Adding 'tree_0_19' into disaggregation list because there's array-partition pragma applied on the struct field (ppg_rf_hls/firmware/BDT.cpp:27:29)
INFO: [HLS 214-377] Adding 'tree_0_18' into disaggregation list because there's array-partition pragma applied on the struct field (ppg_rf_hls/firmware/BDT.cpp:26:29)
INFO: [HLS 214-377] Adding 'tree_0_17' into disaggregation list because there's array-partition pragma applied on the struct field (ppg_rf_hls/firmware/BDT.cpp:25:29)
INFO: [HLS 214-377] Adding 'tree_0_16' into disaggregation list because there's array-partition pragma applied on the struct field (ppg_rf_hls/firmware/BDT.cpp:24:29)
INFO: [HLS 214-377] Adding 'tree_0_15' into disaggregation list because there's array-partition pragma applied on the struct field (ppg_rf_hls/firmware/BDT.cpp:23:29)
INFO: [HLS 214-377] Adding 'tree_0_14' into disaggregation list because there's array-partition pragma applied on the struct field (ppg_rf_hls/firmware/BDT.cpp:22:29)
INFO: [HLS 214-377] Adding 'tree_0_13' into disaggregation list because there's array-partition pragma applied on the struct field (ppg_rf_hls/firmware/BDT.cpp:21:29)
INFO: [HLS 214-377] Adding 'tree_0_12' into disaggregation list because there's array-partition pragma applied on the struct field (ppg_rf_hls/firmware/BDT.cpp:20:29)
INFO: [HLS 214-377] Adding 'tree_0_11' into disaggregation list because there's array-partition pragma applied on the struct field (ppg_rf_hls/firmware/BDT.cpp:19:29)
INFO: [HLS 214-377] Adding 'tree_0_10' into disaggregation list because there's array-partition pragma applied on the struct field (ppg_rf_hls/firmware/BDT.cpp:18:29)
INFO: [HLS 214-377] Adding 'tree_0_9' into disaggregation list because there's array-partition pragma applied on the struct field (ppg_rf_hls/firmware/BDT.cpp:17:27)
INFO: [HLS 214-377] Adding 'tree_0_8' into disaggregation list because there's array-partition pragma applied on the struct field (ppg_rf_hls/firmware/BDT.cpp:16:27)
INFO: [HLS 214-377] Adding 'tree_0_7' into disaggregation list because there's array-partition pragma applied on the struct field (ppg_rf_hls/firmware/BDT.cpp:15:27)
INFO: [HLS 214-377] Adding 'tree_0_6' into disaggregation list because there's array-partition pragma applied on the struct field (ppg_rf_hls/firmware/BDT.cpp:14:27)
INFO: [HLS 214-377] Adding 'tree_0_5' into disaggregation list because there's array-partition pragma applied on the struct field (ppg_rf_hls/firmware/BDT.cpp:13:27)
INFO: [HLS 214-377] Adding 'tree_0_4' into disaggregation list because there's array-partition pragma applied on the struct field (ppg_rf_hls/firmware/BDT.cpp:12:27)
INFO: [HLS 214-377] Adding 'tree_0_3' into disaggregation list because there's array-partition pragma applied on the struct field (ppg_rf_hls/firmware/BDT.cpp:11:27)
INFO: [HLS 214-377] Adding 'tree_0_2' into disaggregation list because there's array-partition pragma applied on the struct field (ppg_rf_hls/firmware/BDT.cpp:10:27)
INFO: [HLS 214-377] Adding 'tree_0_1' into disaggregation list because there's array-partition pragma applied on the struct field (ppg_rf_hls/firmware/BDT.cpp:9:27)
INFO: [HLS 214-377] Adding 'tree_0_0' into disaggregation list because there's array-partition pragma applied on the struct field (ppg_rf_hls/firmware/BDT.cpp:8:27)
INFO: [HLS 214-210] Disaggregating variable 'tree_0_0' (ppg_rf_hls/firmware/parameters.h:26:0)
INFO: [HLS 214-210] Disaggregating variable 'tree_0_1' (ppg_rf_hls/firmware/parameters.h:34:0)
INFO: [HLS 214-210] Disaggregating variable 'tree_0_2' (ppg_rf_hls/firmware/parameters.h:42:0)
INFO: [HLS 214-210] Disaggregating variable 'tree_0_3' (ppg_rf_hls/firmware/parameters.h:50:0)
INFO: [HLS 214-210] Disaggregating variable 'tree_0_4' (ppg_rf_hls/firmware/parameters.h:58:0)
INFO: [HLS 214-210] Disaggregating variable 'tree_0_5' (ppg_rf_hls/firmware/parameters.h:66:0)
INFO: [HLS 214-210] Disaggregating variable 'tree_0_6' (ppg_rf_hls/firmware/parameters.h:74:0)
INFO: [HLS 214-210] Disaggregating variable 'tree_0_7' (ppg_rf_hls/firmware/parameters.h:82:0)
INFO: [HLS 214-210] Disaggregating variable 'tree_0_8' (ppg_rf_hls/firmware/parameters.h:90:0)
INFO: [HLS 214-210] Disaggregating variable 'tree_0_9' (ppg_rf_hls/firmware/parameters.h:98:0)
INFO: [HLS 214-210] Disaggregating variable 'tree_0_10' (ppg_rf_hls/firmware/parameters.h:106:0)
INFO: [HLS 214-210] Disaggregating variable 'tree_0_11' (ppg_rf_hls/firmware/parameters.h:114:0)
INFO: [HLS 214-210] Disaggregating variable 'tree_0_12' (ppg_rf_hls/firmware/parameters.h:122:0)
INFO: [HLS 214-210] Disaggregating variable 'tree_0_13' (ppg_rf_hls/firmware/parameters.h:130:0)
INFO: [HLS 214-210] Disaggregating variable 'tree_0_14' (ppg_rf_hls/firmware/parameters.h:138:0)
INFO: [HLS 214-210] Disaggregating variable 'tree_0_15' (ppg_rf_hls/firmware/parameters.h:146:0)
INFO: [HLS 214-210] Disaggregating variable 'tree_0_16' (ppg_rf_hls/firmware/parameters.h:154:0)
INFO: [HLS 214-210] Disaggregating variable 'tree_0_17' (ppg_rf_hls/firmware/parameters.h:162:0)
INFO: [HLS 214-210] Disaggregating variable 'tree_0_18' (ppg_rf_hls/firmware/parameters.h:170:0)
INFO: [HLS 214-210] Disaggregating variable 'tree_0_19' (ppg_rf_hls/firmware/parameters.h:178:0)
INFO: [HLS 214-210] Disaggregating variable 'tree_0_20' (ppg_rf_hls/firmware/parameters.h:186:0)
INFO: [HLS 214-210] Disaggregating variable 'tree_0_21' (ppg_rf_hls/firmware/parameters.h:194:0)
INFO: [HLS 214-210] Disaggregating variable 'tree_0_22' (ppg_rf_hls/firmware/parameters.h:202:0)
INFO: [HLS 214-210] Disaggregating variable 'tree_0_23' (ppg_rf_hls/firmware/parameters.h:210:0)
INFO: [HLS 214-210] Disaggregating variable 'tree_0_24' (ppg_rf_hls/firmware/parameters.h:218:0)
INFO: [HLS 214-210] Disaggregating variable 'tree_0_25' (ppg_rf_hls/firmware/parameters.h:226:0)
INFO: [HLS 214-210] Disaggregating variable 'tree_0_26' (ppg_rf_hls/firmware/parameters.h:234:0)
INFO: [HLS 214-210] Disaggregating variable 'tree_0_27' (ppg_rf_hls/firmware/parameters.h:242:0)
INFO: [HLS 214-210] Disaggregating variable 'tree_0_28' (ppg_rf_hls/firmware/parameters.h:250:0)
INFO: [HLS 214-210] Disaggregating variable 'tree_0_29' (ppg_rf_hls/firmware/parameters.h:258:0)
INFO: [HLS 214-210] Disaggregating variable 'tree_0_30' (ppg_rf_hls/firmware/parameters.h:266:0)
INFO: [HLS 214-210] Disaggregating variable 'tree_0_31' (ppg_rf_hls/firmware/parameters.h:274:0)
INFO: [HLS 214-210] Disaggregating variable 'tree_0_32' (ppg_rf_hls/firmware/parameters.h:282:0)
INFO: [HLS 214-210] Disaggregating variable 'tree_0_33' (ppg_rf_hls/firmware/parameters.h:290:0)
INFO: [HLS 214-210] Disaggregating variable 'tree_0_34' (ppg_rf_hls/firmware/parameters.h:298:0)
INFO: [HLS 214-210] Disaggregating variable 'tree_0_35' (ppg_rf_hls/firmware/parameters.h:306:0)
INFO: [HLS 214-210] Disaggregating variable 'tree_0_36' (ppg_rf_hls/firmware/parameters.h:314:0)
INFO: [HLS 214-210] Disaggregating variable 'tree_0_37' (ppg_rf_hls/firmware/parameters.h:322:0)
INFO: [HLS 214-210] Disaggregating variable 'tree_0_38' (ppg_rf_hls/firmware/parameters.h:330:0)
INFO: [HLS 214-210] Disaggregating variable 'tree_0_39' (ppg_rf_hls/firmware/parameters.h:338:0)
INFO: [HLS 214-210] Disaggregating variable 'tree_0_40' (ppg_rf_hls/firmware/parameters.h:346:0)
INFO: [HLS 214-210] Disaggregating variable 'tree_0_41' (ppg_rf_hls/firmware/parameters.h:354:0)
INFO: [HLS 214-210] Disaggregating variable 'tree_0_42' (ppg_rf_hls/firmware/parameters.h:362:0)
INFO: [HLS 214-210] Disaggregating variable 'tree_0_43' (ppg_rf_hls/firmware/parameters.h:370:0)
INFO: [HLS 214-210] Disaggregating variable 'tree_0_44' (ppg_rf_hls/firmware/parameters.h:378:0)
INFO: [HLS 214-210] Disaggregating variable 'tree_0_45' (ppg_rf_hls/firmware/parameters.h:386:0)
INFO: [HLS 214-210] Disaggregating variable 'tree_0_46' (ppg_rf_hls/firmware/parameters.h:394:0)
INFO: [HLS 214-210] Disaggregating variable 'tree_0_47' (ppg_rf_hls/firmware/parameters.h:402:0)
INFO: [HLS 214-210] Disaggregating variable 'tree_0_48' (ppg_rf_hls/firmware/parameters.h:410:0)
INFO: [HLS 214-210] Disaggregating variable 'tree_0_49' (ppg_rf_hls/firmware/parameters.h:418:0)
INFO: [HLS 214-210] Disaggregating variable 'tree_0_50' (ppg_rf_hls/firmware/parameters.h:426:0)
INFO: [HLS 214-210] Disaggregating variable 'tree_0_51' (ppg_rf_hls/firmware/parameters.h:434:0)
INFO: [HLS 214-210] Disaggregating variable 'tree_0_52' (ppg_rf_hls/firmware/parameters.h:442:0)
INFO: [HLS 214-210] Disaggregating variable 'tree_0_53' (ppg_rf_hls/firmware/parameters.h:450:0)
INFO: [HLS 214-210] Disaggregating variable 'tree_0_54' (ppg_rf_hls/firmware/parameters.h:458:0)
INFO: [HLS 214-210] Disaggregating variable 'tree_0_55' (ppg_rf_hls/firmware/parameters.h:466:0)
INFO: [HLS 214-210] Disaggregating variable 'tree_0_56' (ppg_rf_hls/firmware/parameters.h:474:0)
INFO: [HLS 214-210] Disaggregating variable 'tree_0_57' (ppg_rf_hls/firmware/parameters.h:482:0)
INFO: [HLS 214-210] Disaggregating variable 'tree_0_58' (ppg_rf_hls/firmware/parameters.h:490:0)
INFO: [HLS 214-210] Disaggregating variable 'tree_0_59' (ppg_rf_hls/firmware/parameters.h:498:0)
INFO: [HLS 214-210] Disaggregating variable 'tree_0_60' (ppg_rf_hls/firmware/parameters.h:506:0)
INFO: [HLS 214-210] Disaggregating variable 'tree_0_61' (ppg_rf_hls/firmware/parameters.h:514:0)
INFO: [HLS 214-210] Disaggregating variable 'tree_0_62' (ppg_rf_hls/firmware/parameters.h:522:0)
INFO: [HLS 214-210] Disaggregating variable 'tree_0_63' (ppg_rf_hls/firmware/parameters.h:530:0)
INFO: [HLS 214-210] Disaggregating variable 'tree_0_64' (ppg_rf_hls/firmware/parameters.h:538:0)
INFO: [HLS 214-210] Disaggregating variable 'tree_0_65' (ppg_rf_hls/firmware/parameters.h:546:0)
INFO: [HLS 214-210] Disaggregating variable 'tree_0_66' (ppg_rf_hls/firmware/parameters.h:554:0)
INFO: [HLS 214-210] Disaggregating variable 'tree_0_67' (ppg_rf_hls/firmware/parameters.h:562:0)
INFO: [HLS 214-210] Disaggregating variable 'tree_0_68' (ppg_rf_hls/firmware/parameters.h:570:0)
INFO: [HLS 214-210] Disaggregating variable 'tree_0_69' (ppg_rf_hls/firmware/parameters.h:578:0)
INFO: [HLS 214-210] Disaggregating variable 'tree_0_70' (ppg_rf_hls/firmware/parameters.h:586:0)
INFO: [HLS 214-210] Disaggregating variable 'tree_0_71' (ppg_rf_hls/firmware/parameters.h:594:0)
INFO: [HLS 214-210] Disaggregating variable 'tree_0_72' (ppg_rf_hls/firmware/parameters.h:602:0)
INFO: [HLS 214-210] Disaggregating variable 'tree_0_73' (ppg_rf_hls/firmware/parameters.h:610:0)
INFO: [HLS 214-210] Disaggregating variable 'tree_0_74' (ppg_rf_hls/firmware/parameters.h:618:0)
INFO: [HLS 214-210] Disaggregating variable 'tree_0_75' (ppg_rf_hls/firmware/parameters.h:626:0)
INFO: [HLS 214-210] Disaggregating variable 'tree_0_76' (ppg_rf_hls/firmware/parameters.h:634:0)
INFO: [HLS 214-210] Disaggregating variable 'tree_0_77' (ppg_rf_hls/firmware/parameters.h:642:0)
INFO: [HLS 214-210] Disaggregating variable 'tree_0_78' (ppg_rf_hls/firmware/parameters.h:650:0)
INFO: [HLS 214-210] Disaggregating variable 'tree_0_79' (ppg_rf_hls/firmware/parameters.h:658:0)
INFO: [HLS 214-210] Disaggregating variable 'tree_0_80' (ppg_rf_hls/firmware/parameters.h:666:0)
INFO: [HLS 214-210] Disaggregating variable 'tree_0_81' (ppg_rf_hls/firmware/parameters.h:674:0)
INFO: [HLS 214-210] Disaggregating variable 'tree_0_82' (ppg_rf_hls/firmware/parameters.h:682:0)
INFO: [HLS 214-210] Disaggregating variable 'tree_0_83' (ppg_rf_hls/firmware/parameters.h:690:0)
INFO: [HLS 214-210] Disaggregating variable 'tree_0_84' (ppg_rf_hls/firmware/parameters.h:698:0)
INFO: [HLS 214-210] Disaggregating variable 'tree_0_85' (ppg_rf_hls/firmware/parameters.h:706:0)
INFO: [HLS 214-210] Disaggregating variable 'tree_0_86' (ppg_rf_hls/firmware/parameters.h:714:0)
INFO: [HLS 214-210] Disaggregating variable 'tree_0_87' (ppg_rf_hls/firmware/parameters.h:722:0)
INFO: [HLS 214-210] Disaggregating variable 'tree_0_88' (ppg_rf_hls/firmware/parameters.h:730:0)
INFO: [HLS 214-210] Disaggregating variable 'tree_0_89' (ppg_rf_hls/firmware/parameters.h:738:0)
INFO: [HLS 214-210] Disaggregating variable 'tree_0_90' (ppg_rf_hls/firmware/parameters.h:746:0)
INFO: [HLS 214-210] Disaggregating variable 'tree_0_91' (ppg_rf_hls/firmware/parameters.h:754:0)
INFO: [HLS 214-210] Disaggregating variable 'tree_0_92' (ppg_rf_hls/firmware/parameters.h:762:0)
INFO: [HLS 214-210] Disaggregating variable 'tree_0_93' (ppg_rf_hls/firmware/parameters.h:770:0)
INFO: [HLS 214-210] Disaggregating variable 'tree_0_94' (ppg_rf_hls/firmware/parameters.h:778:0)
INFO: [HLS 214-210] Disaggregating variable 'tree_0_95' (ppg_rf_hls/firmware/parameters.h:786:0)
INFO: [HLS 214-210] Disaggregating variable 'tree_0_96' (ppg_rf_hls/firmware/parameters.h:794:0)
INFO: [HLS 214-210] Disaggregating variable 'tree_0_97' (ppg_rf_hls/firmware/parameters.h:802:0)
INFO: [HLS 214-210] Disaggregating variable 'tree_0_98' (ppg_rf_hls/firmware/parameters.h:810:0)
INFO: [HLS 214-210] Disaggregating variable 'tree_0_99' (ppg_rf_hls/firmware/parameters.h:818:0)
INFO: [HLS 214-210] Disaggregating variable 'tree_0_100' (ppg_rf_hls/firmware/parameters.h:826:0)
INFO: [HLS 214-210] Disaggregating variable 'tree_0_101' (ppg_rf_hls/firmware/parameters.h:834:0)
INFO: [HLS 214-210] Disaggregating variable 'tree_0_102' (ppg_rf_hls/firmware/parameters.h:842:0)
INFO: [HLS 214-210] Disaggregating variable 'tree_0_103' (ppg_rf_hls/firmware/parameters.h:850:0)
INFO: [HLS 214-210] Disaggregating variable 'tree_0_104' (ppg_rf_hls/firmware/parameters.h:858:0)
INFO: [HLS 214-210] Disaggregating variable 'tree_0_105' (ppg_rf_hls/firmware/parameters.h:866:0)
INFO: [HLS 214-210] Disaggregating variable 'tree_0_106' (ppg_rf_hls/firmware/parameters.h:874:0)
INFO: [HLS 214-210] Disaggregating variable 'tree_0_107' (ppg_rf_hls/firmware/parameters.h:882:0)
INFO: [HLS 214-210] Disaggregating variable 'tree_0_108' (ppg_rf_hls/firmware/parameters.h:890:0)
INFO: [HLS 214-210] Disaggregating variable 'tree_0_109' (ppg_rf_hls/firmware/parameters.h:898:0)
INFO: [HLS 214-210] Disaggregating variable 'tree_0_110' (ppg_rf_hls/firmware/parameters.h:906:0)
INFO: [HLS 214-210] Disaggregating variable 'tree_0_111' (ppg_rf_hls/firmware/parameters.h:914:0)
INFO: [HLS 214-210] Disaggregating variable 'tree_0_112' (ppg_rf_hls/firmware/parameters.h:922:0)
INFO: [HLS 214-210] Disaggregating variable 'tree_0_113' (ppg_rf_hls/firmware/parameters.h:930:0)
INFO: [HLS 214-210] Disaggregating variable 'tree_0_114' (ppg_rf_hls/firmware/parameters.h:938:0)
INFO: [HLS 214-210] Disaggregating variable 'tree_0_115' (ppg_rf_hls/firmware/parameters.h:946:0)
INFO: [HLS 214-210] Disaggregating variable 'tree_0_116' (ppg_rf_hls/firmware/parameters.h:954:0)
INFO: [HLS 214-210] Disaggregating variable 'tree_0_117' (ppg_rf_hls/firmware/parameters.h:962:0)
INFO: [HLS 214-210] Disaggregating variable 'tree_0_118' (ppg_rf_hls/firmware/parameters.h:970:0)
INFO: [HLS 214-210] Disaggregating variable 'tree_0_119' (ppg_rf_hls/firmware/parameters.h:978:0)
INFO: [HLS 214-210] Disaggregating variable 'tree_0_120' (ppg_rf_hls/firmware/parameters.h:986:0)
INFO: [HLS 214-210] Disaggregating variable 'tree_0_121' (ppg_rf_hls/firmware/parameters.h:994:0)
INFO: [HLS 214-210] Disaggregating variable 'tree_0_122' (ppg_rf_hls/firmware/parameters.h:1002:0)
INFO: [HLS 214-210] Disaggregating variable 'tree_0_123' (ppg_rf_hls/firmware/parameters.h:1010:0)
INFO: [HLS 214-210] Disaggregating variable 'tree_0_124' (ppg_rf_hls/firmware/parameters.h:1018:0)
INFO: [HLS 214-210] Disaggregating variable 'tree_0_125' (ppg_rf_hls/firmware/parameters.h:1026:0)
INFO: [HLS 214-210] Disaggregating variable 'tree_0_126' (ppg_rf_hls/firmware/parameters.h:1034:0)
INFO: [HLS 214-210] Disaggregating variable 'tree_0_127' (ppg_rf_hls/firmware/parameters.h:1042:0)
INFO: [HLS 214-210] Disaggregating variable 'tree_0_128' (ppg_rf_hls/firmware/parameters.h:1050:0)
INFO: [HLS 214-210] Disaggregating variable 'tree_0_129' (ppg_rf_hls/firmware/parameters.h:1058:0)
INFO: [HLS 214-210] Disaggregating variable 'tree_0_130' (ppg_rf_hls/firmware/parameters.h:1066:0)
INFO: [HLS 214-210] Disaggregating variable 'tree_0_131' (ppg_rf_hls/firmware/parameters.h:1074:0)
INFO: [HLS 214-210] Disaggregating variable 'tree_0_132' (ppg_rf_hls/firmware/parameters.h:1082:0)
INFO: [HLS 214-210] Disaggregating variable 'tree_0_133' (ppg_rf_hls/firmware/parameters.h:1090:0)
INFO: [HLS 214-210] Disaggregating variable 'tree_0_134' (ppg_rf_hls/firmware/parameters.h:1098:0)
INFO: [HLS 214-210] Disaggregating variable 'tree_0_135' (ppg_rf_hls/firmware/parameters.h:1106:0)
INFO: [HLS 214-210] Disaggregating variable 'tree_0_136' (ppg_rf_hls/firmware/parameters.h:1114:0)
INFO: [HLS 214-210] Disaggregating variable 'tree_0_137' (ppg_rf_hls/firmware/parameters.h:1122:0)
INFO: [HLS 214-210] Disaggregating variable 'tree_0_138' (ppg_rf_hls/firmware/parameters.h:1130:0)
INFO: [HLS 214-210] Disaggregating variable 'tree_0_139' (ppg_rf_hls/firmware/parameters.h:1138:0)
INFO: [HLS 214-210] Disaggregating variable 'tree_0_140' (ppg_rf_hls/firmware/parameters.h:1146:0)
INFO: [HLS 214-210] Disaggregating variable 'tree_0_141' (ppg_rf_hls/firmware/parameters.h:1154:0)
INFO: [HLS 214-210] Disaggregating variable 'tree_0_142' (ppg_rf_hls/firmware/parameters.h:1162:0)
INFO: [HLS 214-210] Disaggregating variable 'tree_0_143' (ppg_rf_hls/firmware/parameters.h:1170:0)
INFO: [HLS 214-210] Disaggregating variable 'tree_0_144' (ppg_rf_hls/firmware/parameters.h:1178:0)
INFO: [HLS 214-210] Disaggregating variable 'tree_0_145' (ppg_rf_hls/firmware/parameters.h:1186:0)
INFO: [HLS 214-210] Disaggregating variable 'tree_0_146' (ppg_rf_hls/firmware/parameters.h:1194:0)
INFO: [HLS 214-210] Disaggregating variable 'tree_0_147' (ppg_rf_hls/firmware/parameters.h:1202:0)
INFO: [HLS 214-210] Disaggregating variable 'tree_0_148' (ppg_rf_hls/firmware/parameters.h:1210:0)
INFO: [HLS 214-210] Disaggregating variable 'tree_0_149' (ppg_rf_hls/firmware/parameters.h:1218:0)
INFO: [HLS 214-210] Disaggregating variable 'tree_0_150' (ppg_rf_hls/firmware/parameters.h:1226:0)
INFO: [HLS 214-210] Disaggregating variable 'tree_0_151' (ppg_rf_hls/firmware/parameters.h:1234:0)
INFO: [HLS 214-210] Disaggregating variable 'tree_0_152' (ppg_rf_hls/firmware/parameters.h:1242:0)
INFO: [HLS 214-210] Disaggregating variable 'tree_0_153' (ppg_rf_hls/firmware/parameters.h:1250:0)
INFO: [HLS 214-210] Disaggregating variable 'tree_0_154' (ppg_rf_hls/firmware/parameters.h:1258:0)
INFO: [HLS 214-210] Disaggregating variable 'tree_0_155' (ppg_rf_hls/firmware/parameters.h:1266:0)
INFO: [HLS 214-210] Disaggregating variable 'tree_0_156' (ppg_rf_hls/firmware/parameters.h:1274:0)
INFO: [HLS 214-210] Disaggregating variable 'tree_0_157' (ppg_rf_hls/firmware/parameters.h:1282:0)
INFO: [HLS 214-210] Disaggregating variable 'tree_0_158' (ppg_rf_hls/firmware/parameters.h:1290:0)
INFO: [HLS 214-210] Disaggregating variable 'tree_0_159' (ppg_rf_hls/firmware/parameters.h:1298:0)
INFO: [HLS 214-210] Disaggregating variable 'tree_0_160' (ppg_rf_hls/firmware/parameters.h:1306:0)
INFO: [HLS 214-210] Disaggregating variable 'tree_0_161' (ppg_rf_hls/firmware/parameters.h:1314:0)
INFO: [HLS 214-210] Disaggregating variable 'tree_0_162' (ppg_rf_hls/firmware/parameters.h:1322:0)
INFO: [HLS 214-210] Disaggregating variable 'tree_0_163' (ppg_rf_hls/firmware/parameters.h:1330:0)
INFO: [HLS 214-210] Disaggregating variable 'tree_0_164' (ppg_rf_hls/firmware/parameters.h:1338:0)
INFO: [HLS 214-210] Disaggregating variable 'tree_0_165' (ppg_rf_hls/firmware/parameters.h:1346:0)
INFO: [HLS 214-210] Disaggregating variable 'tree_0_166' (ppg_rf_hls/firmware/parameters.h:1354:0)
INFO: [HLS 214-210] Disaggregating variable 'tree_0_167' (ppg_rf_hls/firmware/parameters.h:1362:0)
INFO: [HLS 214-210] Disaggregating variable 'tree_0_168' (ppg_rf_hls/firmware/parameters.h:1370:0)
INFO: [HLS 214-210] Disaggregating variable 'tree_0_169' (ppg_rf_hls/firmware/parameters.h:1378:0)
INFO: [HLS 214-210] Disaggregating variable 'tree_0_170' (ppg_rf_hls/firmware/parameters.h:1386:0)
INFO: [HLS 214-210] Disaggregating variable 'tree_0_171' (ppg_rf_hls/firmware/parameters.h:1394:0)
INFO: [HLS 214-210] Disaggregating variable 'tree_0_172' (ppg_rf_hls/firmware/parameters.h:1402:0)
INFO: [HLS 214-210] Disaggregating variable 'tree_0_173' (ppg_rf_hls/firmware/parameters.h:1410:0)
INFO: [HLS 214-210] Disaggregating variable 'tree_0_174' (ppg_rf_hls/firmware/parameters.h:1418:0)
INFO: [HLS 214-210] Disaggregating variable 'tree_0_175' (ppg_rf_hls/firmware/parameters.h:1426:0)
INFO: [HLS 214-210] Disaggregating variable 'tree_0_176' (ppg_rf_hls/firmware/parameters.h:1434:0)
INFO: [HLS 214-210] Disaggregating variable 'tree_0_177' (ppg_rf_hls/firmware/parameters.h:1442:0)
INFO: [HLS 214-210] Disaggregating variable 'tree_0_178' (ppg_rf_hls/firmware/parameters.h:1450:0)
INFO: [HLS 214-210] Disaggregating variable 'tree_0_179' (ppg_rf_hls/firmware/parameters.h:1458:0)
INFO: [HLS 214-210] Disaggregating variable 'tree_0_180' (ppg_rf_hls/firmware/parameters.h:1466:0)
INFO: [HLS 214-210] Disaggregating variable 'tree_0_181' (ppg_rf_hls/firmware/parameters.h:1474:0)
INFO: [HLS 214-210] Disaggregating variable 'tree_0_182' (ppg_rf_hls/firmware/parameters.h:1482:0)
INFO: [HLS 214-210] Disaggregating variable 'tree_0_183' (ppg_rf_hls/firmware/parameters.h:1490:0)
INFO: [HLS 214-210] Disaggregating variable 'tree_0_184' (ppg_rf_hls/firmware/parameters.h:1498:0)
INFO: [HLS 214-210] Disaggregating variable 'tree_0_185' (ppg_rf_hls/firmware/parameters.h:1506:0)
INFO: [HLS 214-210] Disaggregating variable 'tree_0_186' (ppg_rf_hls/firmware/parameters.h:1514:0)
INFO: [HLS 214-210] Disaggregating variable 'tree_0_187' (ppg_rf_hls/firmware/parameters.h:1522:0)
INFO: [HLS 214-210] Disaggregating variable 'tree_0_188' (ppg_rf_hls/firmware/parameters.h:1530:0)
INFO: [HLS 214-210] Disaggregating variable 'tree_0_189' (ppg_rf_hls/firmware/parameters.h:1538:0)
INFO: [HLS 214-210] Disaggregating variable 'tree_0_190' (ppg_rf_hls/firmware/parameters.h:1546:0)
INFO: [HLS 214-210] Disaggregating variable 'tree_0_191' (ppg_rf_hls/firmware/parameters.h:1554:0)
INFO: [HLS 214-210] Disaggregating variable 'tree_0_192' (ppg_rf_hls/firmware/parameters.h:1562:0)
INFO: [HLS 214-210] Disaggregating variable 'tree_0_193' (ppg_rf_hls/firmware/parameters.h:1570:0)
INFO: [HLS 214-210] Disaggregating variable 'tree_0_194' (ppg_rf_hls/firmware/parameters.h:1578:0)
INFO: [HLS 214-210] Disaggregating variable 'tree_0_195' (ppg_rf_hls/firmware/parameters.h:1586:0)
INFO: [HLS 214-210] Disaggregating variable 'tree_0_196' (ppg_rf_hls/firmware/parameters.h:1594:0)
INFO: [HLS 214-210] Disaggregating variable 'tree_0_197' (ppg_rf_hls/firmware/parameters.h:1602:0)
INFO: [HLS 214-210] Disaggregating variable 'tree_0_198' (ppg_rf_hls/firmware/parameters.h:1610:0)
INFO: [HLS 214-210] Disaggregating variable 'tree_0_199' (ppg_rf_hls/firmware/parameters.h:1618:0)
INFO: [HLS 214-291] Loop 'VITIS_LOOP_119_1' is marked as complete unroll implied by the pipeline pragma (ppg_rf_hls/firmware/BDT.h:119:23)
INFO: [HLS 214-291] Loop 'Activate' is marked as complete unroll implied by the pipeline pragma (ppg_rf_hls/firmware/BDT.h:97:15)
INFO: [HLS 214-291] Loop 'Compare' is marked as complete unroll implied by the pipeline pragma (ppg_rf_hls/firmware/BDT.h:84:11)
INFO: [HLS 214-186] Unrolling loop 'VITIS_LOOP_119_1' (ppg_rf_hls/firmware/BDT.h:119:23) in function 'BDT::Tree<199, 127, 64, ap_fixed<16, 6, (ap_q_mode)5, (ap_o_mode)3, 0> [15], ap_fixed<16, 6, (ap_q_mode)5, (ap_o_mode)3, 0>, ap_fixed<16, 6, (ap_q_mode)5, (ap_o_mode)3, 0> >::decision_function<ap_fixed<16, 6, (ap_q_mode)5, (ap_o_mode)3, 0>, ap_fixed<16, 6, (ap_q_mode)5, (ap_o_mode)3, 0> >' completely with a factor of 64 (ppg_rf_hls/firmware/BDT.h:56:0)
INFO: [HLS 214-186] Unrolling loop 'Activate' (ppg_rf_hls/firmware/BDT.h:97:15) in function 'BDT::Tree<199, 127, 64, ap_fixed<16, 6, (ap_q_mode)5, (ap_o_mode)3, 0> [15], ap_fixed<16, 6, (ap_q_mode)5, (ap_o_mode)3, 0>, ap_fixed<16, 6, (ap_q_mode)5, (ap_o_mode)3, 0> >::decision_function<ap_fixed<16, 6, (ap_q_mode)5, (ap_o_mode)3, 0>, ap_fixed<16, 6, (ap_q_mode)5, (ap_o_mode)3, 0> >' completely with a factor of 127 (ppg_rf_hls/firmware/BDT.h:56:0)
INFO: [HLS 214-186] Unrolling loop 'Compare' (ppg_rf_hls/firmware/BDT.h:84:11) in function 'BDT::Tree<199, 127, 64, ap_fixed<16, 6, (ap_q_mode)5, (ap_o_mode)3, 0> [15], ap_fixed<16, 6, (ap_q_mode)5, (ap_o_mode)3, 0>, ap_fixed<16, 6, (ap_q_mode)5, (ap_o_mode)3, 0> >::decision_function<ap_fixed<16, 6, (ap_q_mode)5, (ap_o_mode)3, 0>, ap_fixed<16, 6, (ap_q_mode)5, (ap_o_mode)3, 0> >' completely with a factor of 127 (ppg_rf_hls/firmware/BDT.h:56:0)
INFO: [HLS 214-186] Unrolling loop 'VITIS_LOOP_119_1' (ppg_rf_hls/firmware/BDT.h:119:23) in function 'BDT::Tree<198, 127, 64, ap_fixed<16, 6, (ap_q_mode)5, (ap_o_mode)3, 0> [15], ap_fixed<16, 6, (ap_q_mode)5, (ap_o_mode)3, 0>, ap_fixed<16, 6, (ap_q_mode)5, (ap_o_mode)3, 0> >::decision_function<ap_fixed<16, 6, (ap_q_mode)5, (ap_o_mode)3, 0>, ap_fixed<16, 6, (ap_q_mode)5, (ap_o_mode)3, 0> >' completely with a factor of 64 (ppg_rf_hls/firmware/BDT.h:56:0)
INFO: [HLS 214-186] Unrolling loop 'Activate' (ppg_rf_hls/firmware/BDT.h:97:15) in function 'BDT::Tree<198, 127, 64, ap_fixed<16, 6, (ap_q_mode)5, (ap_o_mode)3, 0> [15], ap_fixed<16, 6, (ap_q_mode)5, (ap_o_mode)3, 0>, ap_fixed<16, 6, (ap_q_mode)5, (ap_o_mode)3, 0> >::decision_function<ap_fixed<16, 6, (ap_q_mode)5, (ap_o_mode)3, 0>, ap_fixed<16, 6, (ap_q_mode)5, (ap_o_mode)3, 0> >' completely with a factor of 127 (ppg_rf_hls/firmware/BDT.h:56:0)
INFO: [HLS 214-186] Unrolling loop 'Compare' (ppg_rf_hls/firmware/BDT.h:84:11) in function 'BDT::Tree<198, 127, 64, ap_fixed<16, 6, (ap_q_mode)5, (ap_o_mode)3, 0> [15], ap_fixed<16, 6, (ap_q_mode)5, (ap_o_mode)3, 0>, ap_fixed<16, 6, (ap_q_mode)5, (ap_o_mode)3, 0> >::decision_function<ap_fixed<16, 6, (ap_q_mode)5, (ap_o_mode)3, 0>, ap_fixed<16, 6, (ap_q_mode)5, (ap_o_mode)3, 0> >' completely with a factor of 127 (ppg_rf_hls/firmware/BDT.h:56:0)
INFO: [HLS 214-186] Unrolling loop 'VITIS_LOOP_119_1' (ppg_rf_hls/firmware/BDT.h:119:23) in function 'BDT::Tree<197, 125, 63, ap_fixed<16, 6, (ap_q_mode)5, (ap_o_mode)3, 0> [15], ap_fixed<16, 6, (ap_q_mode)5, (ap_o_mode)3, 0>, ap_fixed<16, 6, (ap_q_mode)5, (ap_o_mode)3, 0> >::decision_function<ap_fixed<16, 6, (ap_q_mode)5, (ap_o_mode)3, 0>, ap_fixed<16, 6, (ap_q_mode)5, (ap_o_mode)3, 0> >' completely with a factor of 63 (ppg_rf_hls/firmware/BDT.h:56:0)
INFO: [HLS 214-186] Unrolling loop 'Activate' (ppg_rf_hls/firmware/BDT.h:97:15) in function 'BDT::Tree<197, 125, 63, ap_fixed<16, 6, (ap_q_mode)5, (ap_o_mode)3, 0> [15], ap_fixed<16, 6, (ap_q_mode)5, (ap_o_mode)3, 0>, ap_fixed<16, 6, (ap_q_mode)5, (ap_o_mode)3, 0> >::decision_function<ap_fixed<16, 6, (ap_q_mode)5, (ap_o_mode)3, 0>, ap_fixed<16, 6, (ap_q_mode)5, (ap_o_mode)3, 0> >' completely with a factor of 125 (ppg_rf_hls/firmware/BDT.h:56:0)
INFO: [HLS 214-186] Unrolling loop 'Compare' (ppg_rf_hls/firmware/BDT.h:84:11) in function 'BDT::Tree<197, 125, 63, ap_fixed<16, 6, (ap_q_mode)5, (ap_o_mode)3, 0> [15], ap_fixed<16, 6, (ap_q_mode)5, (ap_o_mode)3, 0>, ap_fixed<16, 6, (ap_q_mode)5, (ap_o_mode)3, 0> >::decision_function<ap_fixed<16, 6, (ap_q_mode)5, (ap_o_mode)3, 0>, ap_fixed<16, 6, (ap_q_mode)5, (ap_o_mode)3, 0> >' completely with a factor of 125 (ppg_rf_hls/firmware/BDT.h:56:0)
INFO: [HLS 214-186] Unrolling loop 'VITIS_LOOP_119_1' (ppg_rf_hls/firmware/BDT.h:119:23) in function 'BDT::Tree<196, 115, 58, ap_fixed<16, 6, (ap_q_mode)5, (ap_o_mode)3, 0> [15], ap_fixed<16, 6, (ap_q_mode)5, (ap_o_mode)3, 0>, ap_fixed<16, 6, (ap_q_mode)5, (ap_o_mode)3, 0> >::decision_function<ap_fixed<16, 6, (ap_q_mode)5, (ap_o_mode)3, 0>, ap_fixed<16, 6, (ap_q_mode)5, (ap_o_mode)3, 0> >' completely with a factor of 58 (ppg_rf_hls/firmware/BDT.h:56:0)
INFO: [HLS 214-186] Unrolling loop 'Activate' (ppg_rf_hls/firmware/BDT.h:97:15) in function 'BDT::Tree<196, 115, 58, ap_fixed<16, 6, (ap_q_mode)5, (ap_o_mode)3, 0> [15], ap_fixed<16, 6, (ap_q_mode)5, (ap_o_mode)3, 0>, ap_fixed<16, 6, (ap_q_mode)5, (ap_o_mode)3, 0> >::decision_function<ap_fixed<16, 6, (ap_q_mode)5, (ap_o_mode)3, 0>, ap_fixed<16, 6, (ap_q_mode)5, (ap_o_mode)3, 0> >' completely with a factor of 115 (ppg_rf_hls/firmware/BDT.h:56:0)
INFO: [HLS 214-186] Unrolling loop 'Compare' (ppg_rf_hls/firmware/BDT.h:84:11) in function 'BDT::Tree<196, 115, 58, ap_fixed<16, 6, (ap_q_mode)5, (ap_o_mode)3, 0> [15], ap_fixed<16, 6, (ap_q_mode)5, (ap_o_mode)3, 0>, ap_fixed<16, 6, (ap_q_mode)5, (ap_o_mode)3, 0> >::decision_function<ap_fixed<16, 6, (ap_q_mode)5, (ap_o_mode)3, 0>, ap_fixed<16, 6, (ap_q_mode)5, (ap_o_mode)3, 0> >' completely with a factor of 115 (ppg_rf_hls/firmware/BDT.h:56:0)
INFO: [HLS 214-186] Unrolling loop 'VITIS_LOOP_119_1' (ppg_rf_hls/firmware/BDT.h:119:23) in function 'BDT::Tree<195, 133, 67, ap_fixed<16, 6, (ap_q_mode)5, (ap_o_mode)3, 0> [15], ap_fixed<16, 6, (ap_q_mode)5, (ap_o_mode)3, 0>, ap_fixed<16, 6, (ap_q_mode)5, (ap_o_mode)3, 0> >::decision_function<ap_fixed<16, 6, (ap_q_mode)5, (ap_o_mode)3, 0>, ap_fixed<16, 6, (ap_q_mode)5, (ap_o_mode)3, 0> >' completely with a factor of 67 (ppg_rf_hls/firmware/BDT.h:56:0)
INFO: [HLS 214-186] Unrolling loop 'Activate' (ppg_rf_hls/firmware/BDT.h:97:15) in function 'BDT::Tree<195, 133, 67, ap_fixed<16, 6, (ap_q_mode)5, (ap_o_mode)3, 0> [15], ap_fixed<16, 6, (ap_q_mode)5, (ap_o_mode)3, 0>, ap_fixed<16, 6, (ap_q_mode)5, (ap_o_mode)3, 0> >::decision_function<ap_fixed<16, 6, (ap_q_mode)5, (ap_o_mode)3, 0>, ap_fixed<16, 6, (ap_q_mode)5, (ap_o_mode)3, 0> >' completely with a factor of 133 (ppg_rf_hls/firmware/BDT.h:56:0)
INFO: [HLS 214-186] Unrolling loop 'Compare' (ppg_rf_hls/firmware/BDT.h:84:11) in function 'BDT::Tree<195, 133, 67, ap_fixed<16, 6, (ap_q_mode)5, (ap_o_mode)3, 0> [15], ap_fixed<16, 6, (ap_q_mode)5, (ap_o_mode)3, 0>, ap_fixed<16, 6, (ap_q_mode)5, (ap_o_mode)3, 0> >::decision_function<ap_fixed<16, 6, (ap_q_mode)5, (ap_o_mode)3, 0>, ap_fixed<16, 6, (ap_q_mode)5, (ap_o_mode)3, 0> >' completely with a factor of 133 (ppg_rf_hls/firmware/BDT.h:56:0)
INFO: [HLS 214-186] Unrolling loop 'VITIS_LOOP_119_1' (ppg_rf_hls/firmware/BDT.h:119:23) in function 'BDT::Tree<194, 123, 62, ap_fixed<16, 6, (ap_q_mode)5, (ap_o_mode)3, 0> [15], ap_fixed<16, 6, (ap_q_mode)5, (ap_o_mode)3, 0>, ap_fixed<16, 6, (ap_q_mode)5, (ap_o_mode)3, 0> >::decision_function<ap_fixed<16, 6, (ap_q_mode)5, (ap_o_mode)3, 0>, ap_fixed<16, 6, (ap_q_mode)5, (ap_o_mode)3, 0> >' completely with a factor of 62 (ppg_rf_hls/firmware/BDT.h:56:0)
INFO: [HLS 214-186] Unrolling loop 'Activate' (ppg_rf_hls/firmware/BDT.h:97:15) in function 'BDT::Tree<194, 123, 62, ap_fixed<16, 6, (ap_q_mode)5, (ap_o_mode)3, 0> [15], ap_fixed<16, 6, (ap_q_mode)5, (ap_o_mode)3, 0>, ap_fixed<16, 6, (ap_q_mode)5, (ap_o_mode)3, 0> >::decision_function<ap_fixed<16, 6, (ap_q_mode)5, (ap_o_mode)3, 0>, ap_fixed<16, 6, (ap_q_mode)5, (ap_o_mode)3, 0> >' completely with a factor of 123 (ppg_rf_hls/firmware/BDT.h:56:0)
INFO: [HLS 214-186] Unrolling loop 'Compare' (ppg_rf_hls/firmware/BDT.h:84:11) in function 'BDT::Tree<194, 123, 62, ap_fixed<16, 6, (ap_q_mode)5, (ap_o_mode)3, 0> [15], ap_fixed<16, 6, (ap_q_mode)5, (ap_o_mode)3, 0>, ap_fixed<16, 6, (ap_q_mode)5, (ap_o_mode)3, 0> >::decision_function<ap_fixed<16, 6, (ap_q_mode)5, (ap_o_mode)3, 0>, ap_fixed<16, 6, (ap_q_mode)5, (ap_o_mode)3, 0> >' completely with a factor of 123 (ppg_rf_hls/firmware/BDT.h:56:0)
INFO: [HLS 214-186] Unrolling loop 'VITIS_LOOP_119_1' (ppg_rf_hls/firmware/BDT.h:119:23) in function 'BDT::Tree<193, 123, 62, ap_fixed<16, 6, (ap_q_mode)5, (ap_o_mode)3, 0> [15], ap_fixed<16, 6, (ap_q_mode)5, (ap_o_mode)3, 0>, ap_fixed<16, 6, (ap_q_mode)5, (ap_o_mode)3, 0> >::decision_function<ap_fixed<16, 6, (ap_q_mode)5, (ap_o_mode)3, 0>, ap_fixed<16, 6, (ap_q_mode)5, (ap_o_mode)3, 0> >' completely with a factor of 62 (ppg_rf_hls/firmware/BDT.h:56:0)
INFO: [HLS 214-186] Unrolling loop 'Activate' (ppg_rf_hls/firmware/BDT.h:97:15) in function 'BDT::Tree<193, 123, 62, ap_fixed<16, 6, (ap_q_mode)5, (ap_o_mode)3, 0> [15], ap_fixed<16, 6, (ap_q_mode)5, (ap_o_mode)3, 0>, ap_fixed<16, 6, (ap_q_mode)5, (ap_o_mode)3, 0> >::decision_function<ap_fixed<16, 6, (ap_q_mode)5, (ap_o_mode)3, 0>, ap_fixed<16, 6, (ap_q_mode)5, (ap_o_mode)3, 0> >' completely with a factor of 123 (ppg_rf_hls/firmware/BDT.h:56:0)
INFO: [HLS 214-186] Unrolling loop 'Compare' (ppg_rf_hls/firmware/BDT.h:84:11) in function 'BDT::Tree<193, 123, 62, ap_fixed<16, 6, (ap_q_mode)5, (ap_o_mode)3, 0> [15], ap_fixed<16, 6, (ap_q_mode)5, (ap_o_mode)3, 0>, ap_fixed<16, 6, (ap_q_mode)5, (ap_o_mode)3, 0> >::decision_function<ap_fixed<16, 6, (ap_q_mode)5, (ap_o_mode)3, 0>, ap_fixed<16, 6, (ap_q_mode)5, (ap_o_mode)3, 0> >' completely with a factor of 123 (ppg_rf_hls/firmware/BDT.h:56:0)
INFO: [HLS 214-186] Unrolling loop 'VITIS_LOOP_119_1' (ppg_rf_hls/firmware/BDT.h:119:23) in function 'BDT::Tree<192, 135, 68, ap_fixed<16, 6, (ap_q_mode)5, (ap_o_mode)3, 0> [15], ap_fixed<16, 6, (ap_q_mode)5, (ap_o_mode)3, 0>, ap_fixed<16, 6, (ap_q_mode)5, (ap_o_mode)3, 0> >::decision_function<ap_fixed<16, 6, (ap_q_mode)5, (ap_o_mode)3, 0>, ap_fixed<16, 6, (ap_q_mode)5, (ap_o_mode)3, 0> >' completely with a factor of 68 (ppg_rf_hls/firmware/BDT.h:56:0)
INFO: [HLS 214-186] Unrolling loop 'Activate' (ppg_rf_hls/firmware/BDT.h:97:15) in function 'BDT::Tree<192, 135, 68, ap_fixed<16, 6, (ap_q_mode)5, (ap_o_mode)3, 0> [15], ap_fixed<16, 6, (ap_q_mode)5, (ap_o_mode)3, 0>, ap_fixed<16, 6, (ap_q_mode)5, (ap_o_mode)3, 0> >::decision_function<ap_fixed<16, 6, (ap_q_mode)5, (ap_o_mode)3, 0>, ap_fixed<16, 6, (ap_q_mode)5, (ap_o_mode)3, 0> >' completely with a factor of 135 (ppg_rf_hls/firmware/BDT.h:56:0)
INFO: [HLS 214-186] Unrolling loop 'Compare' (ppg_rf_hls/firmware/BDT.h:84:11) in function 'BDT::Tree<192, 135, 68, ap_fixed<16, 6, (ap_q_mode)5, (ap_o_mode)3, 0> [15], ap_fixed<16, 6, (ap_q_mode)5, (ap_o_mode)3, 0>, ap_fixed<16, 6, (ap_q_mode)5, (ap_o_mode)3, 0> >::decision_function<ap_fixed<16, 6, (ap_q_mode)5, (ap_o_mode)3, 0>, ap_fixed<16, 6, (ap_q_mode)5, (ap_o_mode)3, 0> >' completely with a factor of 135 (ppg_rf_hls/firmware/BDT.h:56:0)
INFO: [HLS 214-186] Unrolling loop 'VITIS_LOOP_119_1' (ppg_rf_hls/firmware/BDT.h:119:23) in function 'BDT::Tree<191, 109, 55, ap_fixed<16, 6, (ap_q_mode)5, (ap_o_mode)3, 0> [15], ap_fixed<16, 6, (ap_q_mode)5, (ap_o_mode)3, 0>, ap_fixed<16, 6, (ap_q_mode)5, (ap_o_mode)3, 0> >::decision_function<ap_fixed<16, 6, (ap_q_mode)5, (ap_o_mode)3, 0>, ap_fixed<16, 6, (ap_q_mode)5, (ap_o_mode)3, 0> >' completely with a factor of 55 (ppg_rf_hls/firmware/BDT.h:56:0)
INFO: [HLS 214-186] Unrolling loop 'Activate' (ppg_rf_hls/firmware/BDT.h:97:15) in function 'BDT::Tree<191, 109, 55, ap_fixed<16, 6, (ap_q_mode)5, (ap_o_mode)3, 0> [15], ap_fixed<16, 6, (ap_q_mode)5, (ap_o_mode)3, 0>, ap_fixed<16, 6, (ap_q_mode)5, (ap_o_mode)3, 0> >::decision_function<ap_fixed<16, 6, (ap_q_mode)5, (ap_o_mode)3, 0>, ap_fixed<16, 6, (ap_q_mode)5, (ap_o_mode)3, 0> >' completely with a factor of 109 (ppg_rf_hls/firmware/BDT.h:56:0)
INFO: [HLS 214-186] Unrolling loop 'Compare' (ppg_rf_hls/firmware/BDT.h:84:11) in function 'BDT::Tree<191, 109, 55, ap_fixed<16, 6, (ap_q_mode)5, (ap_o_mode)3, 0> [15], ap_fixed<16, 6, (ap_q_mode)5, (ap_o_mode)3, 0>, ap_fixed<16, 6, (ap_q_mode)5, (ap_o_mode)3, 0> >::decision_function<ap_fixed<16, 6, (ap_q_mode)5, (ap_o_mode)3, 0>, ap_fixed<16, 6, (ap_q_mode)5, (ap_o_mode)3, 0> >' completely with a factor of 109 (ppg_rf_hls/firmware/BDT.h:56:0)
INFO: [HLS 214-186] Unrolling loop 'VITIS_LOOP_119_1' (ppg_rf_hls/firmware/BDT.h:119:23) in function 'BDT::Tree<190, 107, 54, ap_fixed<16, 6, (ap_q_mode)5, (ap_o_mode)3, 0> [15], ap_fixed<16, 6, (ap_q_mode)5, (ap_o_mode)3, 0>, ap_fixed<16, 6, (ap_q_mode)5, (ap_o_mode)3, 0> >::decision_function<ap_fixed<16, 6, (ap_q_mode)5, (ap_o_mode)3, 0>, ap_fixed<16, 6, (ap_q_mode)5, (ap_o_mode)3, 0> >' completely with a factor of 54 (ppg_rf_hls/firmware/BDT.h:56:0)
INFO: [HLS 214-186] Unrolling loop 'Activate' (ppg_rf_hls/firmware/BDT.h:97:15) in function 'BDT::Tree<190, 107, 54, ap_fixed<16, 6, (ap_q_mode)5, (ap_o_mode)3, 0> [15], ap_fixed<16, 6, (ap_q_mode)5, (ap_o_mode)3, 0>, ap_fixed<16, 6, (ap_q_mode)5, (ap_o_mode)3, 0> >::decision_function<ap_fixed<16, 6, (ap_q_mode)5, (ap_o_mode)3, 0>, ap_fixed<16, 6, (ap_q_mode)5, (ap_o_mode)3, 0> >' completely with a factor of 107 (ppg_rf_hls/firmware/BDT.h:56:0)
INFO: [HLS 214-186] Unrolling loop 'Compare' (ppg_rf_hls/firmware/BDT.h:84:11) in function 'BDT::Tree<190, 107, 54, ap_fixed<16, 6, (ap_q_mode)5, (ap_o_mode)3, 0> [15], ap_fixed<16, 6, (ap_q_mode)5, (ap_o_mode)3, 0>, ap_fixed<16, 6, (ap_q_mode)5, (ap_o_mode)3, 0> >::decision_function<ap_fixed<16, 6, (ap_q_mode)5, (ap_o_mode)3, 0>, ap_fixed<16, 6, (ap_q_mode)5, (ap_o_mode)3, 0> >' completely with a factor of 107 (ppg_rf_hls/firmware/BDT.h:56:0)
INFO: [HLS 214-186] Unrolling loop 'VITIS_LOOP_119_1' (ppg_rf_hls/firmware/BDT.h:119:23) in function 'BDT::Tree<189, 119, 60, ap_fixed<16, 6, (ap_q_mode)5, (ap_o_mode)3, 0> [15], ap_fixed<16, 6, (ap_q_mode)5, (ap_o_mode)3, 0>, ap_fixed<16, 6, (ap_q_mode)5, (ap_o_mode)3, 0> >::decision_function<ap_fixed<16, 6, (ap_q_mode)5, (ap_o_mode)3, 0>, ap_fixed<16, 6, (ap_q_mode)5, (ap_o_mode)3, 0> >' completely with a factor of 60 (ppg_rf_hls/firmware/BDT.h:56:0)
INFO: [HLS 214-186] Unrolling loop 'Activate' (ppg_rf_hls/firmware/BDT.h:97:15) in function 'BDT::Tree<189, 119, 60, ap_fixed<16, 6, (ap_q_mode)5, (ap_o_mode)3, 0> [15], ap_fixed<16, 6, (ap_q_mode)5, (ap_o_mode)3, 0>, ap_fixed<16, 6, (ap_q_mode)5, (ap_o_mode)3, 0> >::decision_function<ap_fixed<16, 6, (ap_q_mode)5, (ap_o_mode)3, 0>, ap_fixed<16, 6, (ap_q_mode)5, (ap_o_mode)3, 0> >' completely with a factor of 119 (ppg_rf_hls/firmware/BDT.h:56:0)
INFO: [HLS 214-186] Unrolling loop 'Compare' (ppg_rf_hls/firmware/BDT.h:84:11) in function 'BDT::Tree<189, 119, 60, ap_fixed<16, 6, (ap_q_mode)5, (ap_o_mode)3, 0> [15], ap_fixed<16, 6, (ap_q_mode)5, (ap_o_mode)3, 0>, ap_fixed<16, 6, (ap_q_mode)5, (ap_o_mode)3, 0> >::decision_function<ap_fixed<16, 6, (ap_q_mode)5, (ap_o_mode)3, 0>, ap_fixed<16, 6, (ap_q_mode)5, (ap_o_mode)3, 0> >' completely with a factor of 119 (ppg_rf_hls/firmware/BDT.h:56:0)
INFO: [HLS 214-186] Unrolling loop 'VITIS_LOOP_119_1' (ppg_rf_hls/firmware/BDT.h:119:23) in function 'BDT::Tree<188, 109, 55, ap_fixed<16, 6, (ap_q_mode)5, (ap_o_mode)3, 0> [15], ap_fixed<16, 6, (ap_q_mode)5, (ap_o_mode)3, 0>, ap_fixed<16, 6, (ap_q_mode)5, (ap_o_mode)3, 0> >::decision_function<ap_fixed<16, 6, (ap_q_mode)5, (ap_o_mode)3, 0>, ap_fixed<16, 6, (ap_q_mode)5, (ap_o_mode)3, 0> >' completely with a factor of 55 (ppg_rf_hls/firmware/BDT.h:56:0)
INFO: [HLS 214-186] Unrolling loop 'Activate' (ppg_rf_hls/firmware/BDT.h:97:15) in function 'BDT::Tree<188, 109, 55, ap_fixed<16, 6, (ap_q_mode)5, (ap_o_mode)3, 0> [15], ap_fixed<16, 6, (ap_q_mode)5, (ap_o_mode)3, 0>, ap_fixed<16, 6, (ap_q_mode)5, (ap_o_mode)3, 0> >::decision_function<ap_fixed<16, 6, (ap_q_mode)5, (ap_o_mode)3, 0>, ap_fixed<16, 6, (ap_q_mode)5, (ap_o_mode)3, 0> >' completely with a factor of 109 (ppg_rf_hls/firmware/BDT.h:56:0)
INFO: [HLS 214-186] Unrolling loop 'Compare' (ppg_rf_hls/firmware/BDT.h:84:11) in function 'BDT::Tree<188, 109, 55, ap_fixed<16, 6, (ap_q_mode)5, (ap_o_mode)3, 0> [15], ap_fixed<16, 6, (ap_q_mode)5, (ap_o_mode)3, 0>, ap_fixed<16, 6, (ap_q_mode)5, (ap_o_mode)3, 0> >::decision_function<ap_fixed<16, 6, (ap_q_mode)5, (ap_o_mode)3, 0>, ap_fixed<16, 6, (ap_q_mode)5, (ap_o_mode)3, 0> >' completely with a factor of 109 (ppg_rf_hls/firmware/BDT.h:56:0)
INFO: [HLS 214-186] Unrolling loop 'VITIS_LOOP_119_1' (ppg_rf_hls/firmware/BDT.h:119:23) in function 'BDT::Tree<187, 129, 65, ap_fixed<16, 6, (ap_q_mode)5, (ap_o_mode)3, 0> [15], ap_fixed<16, 6, (ap_q_mode)5, (ap_o_mode)3, 0>, ap_fixed<16, 6, (ap_q_mode)5, (ap_o_mode)3, 0> >::decision_function<ap_fixed<16, 6, (ap_q_mode)5, (ap_o_mode)3, 0>, ap_fixed<16, 6, (ap_q_mode)5, (ap_o_mode)3, 0> >' completely with a factor of 65 (ppg_rf_hls/firmware/BDT.h:56:0)
INFO: [HLS 214-186] Unrolling loop 'Activate' (ppg_rf_hls/firmware/BDT.h:97:15) in function 'BDT::Tree<187, 129, 65, ap_fixed<16, 6, (ap_q_mode)5, (ap_o_mode)3, 0> [15], ap_fixed<16, 6, (ap_q_mode)5, (ap_o_mode)3, 0>, ap_fixed<16, 6, (ap_q_mode)5, (ap_o_mode)3, 0> >::decision_function<ap_fixed<16, 6, (ap_q_mode)5, (ap_o_mode)3, 0>, ap_fixed<16, 6, (ap_q_mode)5, (ap_o_mode)3, 0> >' completely with a factor of 129 (ppg_rf_hls/firmware/BDT.h:56:0)
INFO: [HLS 214-186] Unrolling loop 'Compare' (ppg_rf_hls/firmware/BDT.h:84:11) in function 'BDT::Tree<187, 129, 65, ap_fixed<16, 6, (ap_q_mode)5, (ap_o_mode)3, 0> [15], ap_fixed<16, 6, (ap_q_mode)5, (ap_o_mode)3, 0>, ap_fixed<16, 6, (ap_q_mode)5, (ap_o_mode)3, 0> >::decision_function<ap_fixed<16, 6, (ap_q_mode)5, (ap_o_mode)3, 0>, ap_fixed<16, 6, (ap_q_mode)5, (ap_o_mode)3, 0> >' completely with a factor of 129 (ppg_rf_hls/firmware/BDT.h:56:0)
INFO: [HLS 214-186] Unrolling loop 'VITIS_LOOP_119_1' (ppg_rf_hls/firmware/BDT.h:119:23) in function 'BDT::Tree<186, 143, 72, ap_fixed<16, 6, (ap_q_mode)5, (ap_o_mode)3, 0> [15], ap_fixed<16, 6, (ap_q_mode)5, (ap_o_mode)3, 0>, ap_fixed<16, 6, (ap_q_mode)5, (ap_o_mode)3, 0> >::decision_function<ap_fixed<16, 6, (ap_q_mode)5, (ap_o_mode)3, 0>, ap_fixed<16, 6, (ap_q_mode)5, (ap_o_mode)3, 0> >' completely with a factor of 72 (ppg_rf_hls/firmware/BDT.h:56:0)
INFO: [HLS 214-186] Unrolling loop 'Activate' (ppg_rf_hls/firmware/BDT.h:97:15) in function 'BDT::Tree<186, 143, 72, ap_fixed<16, 6, (ap_q_mode)5, (ap_o_mode)3, 0> [15], ap_fixed<16, 6, (ap_q_mode)5, (ap_o_mode)3, 0>, ap_fixed<16, 6, (ap_q_mode)5, (ap_o_mode)3, 0> >::decision_function<ap_fixed<16, 6, (ap_q_mode)5, (ap_o_mode)3, 0>, ap_fixed<16, 6, (ap_q_mode)5, (ap_o_mode)3, 0> >' completely with a factor of 143 (ppg_rf_hls/firmware/BDT.h:56:0)
INFO: [HLS 214-186] Unrolling loop 'Compare' (ppg_rf_hls/firmware/BDT.h:84:11) in function 'BDT::Tree<186, 143, 72, ap_fixed<16, 6, (ap_q_mode)5, (ap_o_mode)3, 0> [15], ap_fixed<16, 6, (ap_q_mode)5, (ap_o_mode)3, 0>, ap_fixed<16, 6, (ap_q_mode)5, (ap_o_mode)3, 0> >::decision_function<ap_fixed<16, 6, (ap_q_mode)5, (ap_o_mode)3, 0>, ap_fixed<16, 6, (ap_q_mode)5, (ap_o_mode)3, 0> >' completely with a factor of 143 (ppg_rf_hls/firmware/BDT.h:56:0)
INFO: [HLS 214-186] Unrolling loop 'VITIS_LOOP_119_1' (ppg_rf_hls/firmware/BDT.h:119:23) in function 'BDT::Tree<185, 133, 67, ap_fixed<16, 6, (ap_q_mode)5, (ap_o_mode)3, 0> [15], ap_fixed<16, 6, (ap_q_mode)5, (ap_o_mode)3, 0>, ap_fixed<16, 6, (ap_q_mode)5, (ap_o_mode)3, 0> >::decision_function<ap_fixed<16, 6, (ap_q_mode)5, (ap_o_mode)3, 0>, ap_fixed<16, 6, (ap_q_mode)5, (ap_o_mode)3, 0> >' completely with a factor of 67 (ppg_rf_hls/firmware/BDT.h:56:0)
INFO: [HLS 214-186] Unrolling loop 'Activate' (ppg_rf_hls/firmware/BDT.h:97:15) in function 'BDT::Tree<185, 133, 67, ap_fixed<16, 6, (ap_q_mode)5, (ap_o_mode)3, 0> [15], ap_fixed<16, 6, (ap_q_mode)5, (ap_o_mode)3, 0>, ap_fixed<16, 6, (ap_q_mode)5, (ap_o_mode)3, 0> >::decision_function<ap_fixed<16, 6, (ap_q_mode)5, (ap_o_mode)3, 0>, ap_fixed<16, 6, (ap_q_mode)5, (ap_o_mode)3, 0> >' completely with a factor of 133 (ppg_rf_hls/firmware/BDT.h:56:0)
INFO: [HLS 214-186] Unrolling loop 'Compare' (ppg_rf_hls/firmware/BDT.h:84:11) in function 'BDT::Tree<185, 133, 67, ap_fixed<16, 6, (ap_q_mode)5, (ap_o_mode)3, 0> [15], ap_fixed<16, 6, (ap_q_mode)5, (ap_o_mode)3, 0>, ap_fixed<16, 6, (ap_q_mode)5, (ap_o_mode)3, 0> >::decision_function<ap_fixed<16, 6, (ap_q_mode)5, (ap_o_mode)3, 0>, ap_fixed<16, 6, (ap_q_mode)5, (ap_o_mode)3, 0> >' completely with a factor of 133 (ppg_rf_hls/firmware/BDT.h:56:0)
INFO: [HLS 214-186] Unrolling loop 'VITIS_LOOP_119_1' (ppg_rf_hls/firmware/BDT.h:119:23) in function 'BDT::Tree<184, 135, 68, ap_fixed<16, 6, (ap_q_mode)5, (ap_o_mode)3, 0> [15], ap_fixed<16, 6, (ap_q_mode)5, (ap_o_mode)3, 0>, ap_fixed<16, 6, (ap_q_mode)5, (ap_o_mode)3, 0> >::decision_function<ap_fixed<16, 6, (ap_q_mode)5, (ap_o_mode)3, 0>, ap_fixed<16, 6, (ap_q_mode)5, (ap_o_mode)3, 0> >' completely with a factor of 68 (ppg_rf_hls/firmware/BDT.h:56:0)
INFO: [HLS 214-186] Unrolling loop 'Activate' (ppg_rf_hls/firmware/BDT.h:97:15) in function 'BDT::Tree<184, 135, 68, ap_fixed<16, 6, (ap_q_mode)5, (ap_o_mode)3, 0> [15], ap_fixed<16, 6, (ap_q_mode)5, (ap_o_mode)3, 0>, ap_fixed<16, 6, (ap_q_mode)5, (ap_o_mode)3, 0> >::decision_function<ap_fixed<16, 6, (ap_q_mode)5, (ap_o_mode)3, 0>, ap_fixed<16, 6, (ap_q_mode)5, (ap_o_mode)3, 0> >' completely with a factor of 135 (ppg_rf_hls/firmware/BDT.h:56:0)
INFO: [HLS 214-186] Unrolling loop 'Compare' (ppg_rf_hls/firmware/BDT.h:84:11) in function 'BDT::Tree<184, 135, 68, ap_fixed<16, 6, (ap_q_mode)5, (ap_o_mode)3, 0> [15], ap_fixed<16, 6, (ap_q_mode)5, (ap_o_mode)3, 0>, ap_fixed<16, 6, (ap_q_mode)5, (ap_o_mode)3, 0> >::decision_function<ap_fixed<16, 6, (ap_q_mode)5, (ap_o_mode)3, 0>, ap_fixed<16, 6, (ap_q_mode)5, (ap_o_mode)3, 0> >' completely with a factor of 135 (ppg_rf_hls/firmware/BDT.h:56:0)
INFO: [HLS 214-186] Unrolling loop 'VITIS_LOOP_119_1' (ppg_rf_hls/firmware/BDT.h:119:23) in function 'BDT::Tree<183, 125, 63, ap_fixed<16, 6, (ap_q_mode)5, (ap_o_mode)3, 0> [15], ap_fixed<16, 6, (ap_q_mode)5, (ap_o_mode)3, 0>, ap_fixed<16, 6, (ap_q_mode)5, (ap_o_mode)3, 0> >::decision_function<ap_fixed<16, 6, (ap_q_mode)5, (ap_o_mode)3, 0>, ap_fixed<16, 6, (ap_q_mode)5, (ap_o_mode)3, 0> >' completely with a factor of 63 (ppg_rf_hls/firmware/BDT.h:56:0)
INFO: [HLS 214-186] Unrolling loop 'Activate' (ppg_rf_hls/firmware/BDT.h:97:15) in function 'BDT::Tree<183, 125, 63, ap_fixed<16, 6, (ap_q_mode)5, (ap_o_mode)3, 0> [15], ap_fixed<16, 6, (ap_q_mode)5, (ap_o_mode)3, 0>, ap_fixed<16, 6, (ap_q_mode)5, (ap_o_mode)3, 0> >::decision_function<ap_fixed<16, 6, (ap_q_mode)5, (ap_o_mode)3, 0>, ap_fixed<16, 6, (ap_q_mode)5, (ap_o_mode)3, 0> >' completely with a factor of 125 (ppg_rf_hls/firmware/BDT.h:56:0)
INFO: [HLS 214-186] Unrolling loop 'Compare' (ppg_rf_hls/firmware/BDT.h:84:11) in function 'BDT::Tree<183, 125, 63, ap_fixed<16, 6, (ap_q_mode)5, (ap_o_mode)3, 0> [15], ap_fixed<16, 6, (ap_q_mode)5, (ap_o_mode)3, 0>, ap_fixed<16, 6, (ap_q_mode)5, (ap_o_mode)3, 0> >::decision_function<ap_fixed<16, 6, (ap_q_mode)5, (ap_o_mode)3, 0>, ap_fixed<16, 6, (ap_q_mode)5, (ap_o_mode)3, 0> >' completely with a factor of 125 (ppg_rf_hls/firmware/BDT.h:56:0)
INFO: [HLS 214-186] Unrolling loop 'VITIS_LOOP_119_1' (ppg_rf_hls/firmware/BDT.h:119:23) in function 'BDT::Tree<182, 129, 65, ap_fixed<16, 6, (ap_q_mode)5, (ap_o_mode)3, 0> [15], ap_fixed<16, 6, (ap_q_mode)5, (ap_o_mode)3, 0>, ap_fixed<16, 6, (ap_q_mode)5, (ap_o_mode)3, 0> >::decision_function<ap_fixed<16, 6, (ap_q_mode)5, (ap_o_mode)3, 0>, ap_fixed<16, 6, (ap_q_mode)5, (ap_o_mode)3, 0> >' completely with a factor of 65 (ppg_rf_hls/firmware/BDT.h:56:0)
INFO: [HLS 214-186] Unrolling loop 'Activate' (ppg_rf_hls/firmware/BDT.h:97:15) in function 'BDT::Tree<182, 129, 65, ap_fixed<16, 6, (ap_q_mode)5, (ap_o_mode)3, 0> [15], ap_fixed<16, 6, (ap_q_mode)5, (ap_o_mode)3, 0>, ap_fixed<16, 6, (ap_q_mode)5, (ap_o_mode)3, 0> >::decision_function<ap_fixed<16, 6, (ap_q_mode)5, (ap_o_mode)3, 0>, ap_fixed<16, 6, (ap_q_mode)5, (ap_o_mode)3, 0> >' completely with a factor of 129 (ppg_rf_hls/firmware/BDT.h:56:0)
INFO: [HLS 214-186] Unrolling loop 'Compare' (ppg_rf_hls/firmware/BDT.h:84:11) in function 'BDT::Tree<182, 129, 65, ap_fixed<16, 6, (ap_q_mode)5, (ap_o_mode)3, 0> [15], ap_fixed<16, 6, (ap_q_mode)5, (ap_o_mode)3, 0>, ap_fixed<16, 6, (ap_q_mode)5, (ap_o_mode)3, 0> >::decision_function<ap_fixed<16, 6, (ap_q_mode)5, (ap_o_mode)3, 0>, ap_fixed<16, 6, (ap_q_mode)5, (ap_o_mode)3, 0> >' completely with a factor of 129 (ppg_rf_hls/firmware/BDT.h:56:0)
INFO: [HLS 214-186] Unrolling loop 'VITIS_LOOP_119_1' (ppg_rf_hls/firmware/BDT.h:119:23) in function 'BDT::Tree<181, 125, 63, ap_fixed<16, 6, (ap_q_mode)5, (ap_o_mode)3, 0> [15], ap_fixed<16, 6, (ap_q_mode)5, (ap_o_mode)3, 0>, ap_fixed<16, 6, (ap_q_mode)5, (ap_o_mode)3, 0> >::decision_function<ap_fixed<16, 6, (ap_q_mode)5, (ap_o_mode)3, 0>, ap_fixed<16, 6, (ap_q_mode)5, (ap_o_mode)3, 0> >' completely with a factor of 63 (ppg_rf_hls/firmware/BDT.h:56:0)
INFO: [HLS 214-186] Unrolling loop 'Activate' (ppg_rf_hls/firmware/BDT.h:97:15) in function 'BDT::Tree<181, 125, 63, ap_fixed<16, 6, (ap_q_mode)5, (ap_o_mode)3, 0> [15], ap_fixed<16, 6, (ap_q_mode)5, (ap_o_mode)3, 0>, ap_fixed<16, 6, (ap_q_mode)5, (ap_o_mode)3, 0> >::decision_function<ap_fixed<16, 6, (ap_q_mode)5, (ap_o_mode)3, 0>, ap_fixed<16, 6, (ap_q_mode)5, (ap_o_mode)3, 0> >' completely with a factor of 125 (ppg_rf_hls/firmware/BDT.h:56:0)
INFO: [HLS 214-186] Unrolling loop 'Compare' (ppg_rf_hls/firmware/BDT.h:84:11) in function 'BDT::Tree<181, 125, 63, ap_fixed<16, 6, (ap_q_mode)5, (ap_o_mode)3, 0> [15], ap_fixed<16, 6, (ap_q_mode)5, (ap_o_mode)3, 0>, ap_fixed<16, 6, (ap_q_mode)5, (ap_o_mode)3, 0> >::decision_function<ap_fixed<16, 6, (ap_q_mode)5, (ap_o_mode)3, 0>, ap_fixed<16, 6, (ap_q_mode)5, (ap_o_mode)3, 0> >' completely with a factor of 125 (ppg_rf_hls/firmware/BDT.h:56:0)
INFO: [HLS 214-186] Unrolling loop 'VITIS_LOOP_119_1' (ppg_rf_hls/firmware/BDT.h:119:23) in function 'BDT::Tree<180, 113, 57, ap_fixed<16, 6, (ap_q_mode)5, (ap_o_mode)3, 0> [15], ap_fixed<16, 6, (ap_q_mode)5, (ap_o_mode)3, 0>, ap_fixed<16, 6, (ap_q_mode)5, (ap_o_mode)3, 0> >::decision_function<ap_fixed<16, 6, (ap_q_mode)5, (ap_o_mode)3, 0>, ap_fixed<16, 6, (ap_q_mode)5, (ap_o_mode)3, 0> >' completely with a factor of 57 (ppg_rf_hls/firmware/BDT.h:56:0)
INFO: [HLS 214-186] Unrolling loop 'Activate' (ppg_rf_hls/firmware/BDT.h:97:15) in function 'BDT::Tree<180, 113, 57, ap_fixed<16, 6, (ap_q_mode)5, (ap_o_mode)3, 0> [15], ap_fixed<16, 6, (ap_q_mode)5, (ap_o_mode)3, 0>, ap_fixed<16, 6, (ap_q_mode)5, (ap_o_mode)3, 0> >::decision_function<ap_fixed<16, 6, (ap_q_mode)5, (ap_o_mode)3, 0>, ap_fixed<16, 6, (ap_q_mode)5, (ap_o_mode)3, 0> >' completely with a factor of 113 (ppg_rf_hls/firmware/BDT.h:56:0)
INFO: [HLS 214-186] Unrolling loop 'Compare' (ppg_rf_hls/firmware/BDT.h:84:11) in function 'BDT::Tree<180, 113, 57, ap_fixed<16, 6, (ap_q_mode)5, (ap_o_mode)3, 0> [15], ap_fixed<16, 6, (ap_q_mode)5, (ap_o_mode)3, 0>, ap_fixed<16, 6, (ap_q_mode)5, (ap_o_mode)3, 0> >::decision_function<ap_fixed<16, 6, (ap_q_mode)5, (ap_o_mode)3, 0>, ap_fixed<16, 6, (ap_q_mode)5, (ap_o_mode)3, 0> >' completely with a factor of 113 (ppg_rf_hls/firmware/BDT.h:56:0)
INFO: [HLS 214-186] Unrolling loop 'VITIS_LOOP_119_1' (ppg_rf_hls/firmware/BDT.h:119:23) in function 'BDT::Tree<179, 137, 69, ap_fixed<16, 6, (ap_q_mode)5, (ap_o_mode)3, 0> [15], ap_fixed<16, 6, (ap_q_mode)5, (ap_o_mode)3, 0>, ap_fixed<16, 6, (ap_q_mode)5, (ap_o_mode)3, 0> >::decision_function<ap_fixed<16, 6, (ap_q_mode)5, (ap_o_mode)3, 0>, ap_fixed<16, 6, (ap_q_mode)5, (ap_o_mode)3, 0> >' completely with a factor of 69 (ppg_rf_hls/firmware/BDT.h:56:0)
INFO: [HLS 214-186] Unrolling loop 'Activate' (ppg_rf_hls/firmware/BDT.h:97:15) in function 'BDT::Tree<179, 137, 69, ap_fixed<16, 6, (ap_q_mode)5, (ap_o_mode)3, 0> [15], ap_fixed<16, 6, (ap_q_mode)5, (ap_o_mode)3, 0>, ap_fixed<16, 6, (ap_q_mode)5, (ap_o_mode)3, 0> >::decision_function<ap_fixed<16, 6, (ap_q_mode)5, (ap_o_mode)3, 0>, ap_fixed<16, 6, (ap_q_mode)5, (ap_o_mode)3, 0> >' completely with a factor of 137 (ppg_rf_hls/firmware/BDT.h:56:0)
INFO: [HLS 214-186] Unrolling loop 'Compare' (ppg_rf_hls/firmware/BDT.h:84:11) in function 'BDT::Tree<179, 137, 69, ap_fixed<16, 6, (ap_q_mode)5, (ap_o_mode)3, 0> [15], ap_fixed<16, 6, (ap_q_mode)5, (ap_o_mode)3, 0>, ap_fixed<16, 6, (ap_q_mode)5, (ap_o_mode)3, 0> >::decision_function<ap_fixed<16, 6, (ap_q_mode)5, (ap_o_mode)3, 0>, ap_fixed<16, 6, (ap_q_mode)5, (ap_o_mode)3, 0> >' completely with a factor of 137 (ppg_rf_hls/firmware/BDT.h:56:0)
INFO: [HLS 214-186] Unrolling loop 'VITIS_LOOP_119_1' (ppg_rf_hls/firmware/BDT.h:119:23) in function 'BDT::Tree<178, 119, 60, ap_fixed<16, 6, (ap_q_mode)5, (ap_o_mode)3, 0> [15], ap_fixed<16, 6, (ap_q_mode)5, (ap_o_mode)3, 0>, ap_fixed<16, 6, (ap_q_mode)5, (ap_o_mode)3, 0> >::decision_function<ap_fixed<16, 6, (ap_q_mode)5, (ap_o_mode)3, 0>, ap_fixed<16, 6, (ap_q_mode)5, (ap_o_mode)3, 0> >' completely with a factor of 60 (ppg_rf_hls/firmware/BDT.h:56:0)
INFO: [HLS 214-186] Unrolling loop 'Activate' (ppg_rf_hls/firmware/BDT.h:97:15) in function 'BDT::Tree<178, 119, 60, ap_fixed<16, 6, (ap_q_mode)5, (ap_o_mode)3, 0> [15], ap_fixed<16, 6, (ap_q_mode)5, (ap_o_mode)3, 0>, ap_fixed<16, 6, (ap_q_mode)5, (ap_o_mode)3, 0> >::decision_function<ap_fixed<16, 6, (ap_q_mode)5, (ap_o_mode)3, 0>, ap_fixed<16, 6, (ap_q_mode)5, (ap_o_mode)3, 0> >' completely with a factor of 119 (ppg_rf_hls/firmware/BDT.h:56:0)
INFO: [HLS 214-186] Unrolling loop 'Compare' (ppg_rf_hls/firmware/BDT.h:84:11) in function 'BDT::Tree<178, 119, 60, ap_fixed<16, 6, (ap_q_mode)5, (ap_o_mode)3, 0> [15], ap_fixed<16, 6, (ap_q_mode)5, (ap_o_mode)3, 0>, ap_fixed<16, 6, (ap_q_mode)5, (ap_o_mode)3, 0> >::decision_function<ap_fixed<16, 6, (ap_q_mode)5, (ap_o_mode)3, 0>, ap_fixed<16, 6, (ap_q_mode)5, (ap_o_mode)3, 0> >' completely with a factor of 119 (ppg_rf_hls/firmware/BDT.h:56:0)
INFO: [HLS 214-186] Unrolling loop 'VITIS_LOOP_119_1' (ppg_rf_hls/firmware/BDT.h:119:23) in function 'BDT::Tree<177, 137, 69, ap_fixed<16, 6, (ap_q_mode)5, (ap_o_mode)3, 0> [15], ap_fixed<16, 6, (ap_q_mode)5, (ap_o_mode)3, 0>, ap_fixed<16, 6, (ap_q_mode)5, (ap_o_mode)3, 0> >::decision_function<ap_fixed<16, 6, (ap_q_mode)5, (ap_o_mode)3, 0>, ap_fixed<16, 6, (ap_q_mode)5, (ap_o_mode)3, 0> >' completely with a factor of 69 (ppg_rf_hls/firmware/BDT.h:56:0)
INFO: [HLS 214-186] Unrolling loop 'Activate' (ppg_rf_hls/firmware/BDT.h:97:15) in function 'BDT::Tree<177, 137, 69, ap_fixed<16, 6, (ap_q_mode)5, (ap_o_mode)3, 0> [15], ap_fixed<16, 6, (ap_q_mode)5, (ap_o_mode)3, 0>, ap_fixed<16, 6, (ap_q_mode)5, (ap_o_mode)3, 0> >::decision_function<ap_fixed<16, 6, (ap_q_mode)5, (ap_o_mode)3, 0>, ap_fixed<16, 6, (ap_q_mode)5, (ap_o_mode)3, 0> >' completely with a factor of 137 (ppg_rf_hls/firmware/BDT.h:56:0)
INFO: [HLS 214-186] Unrolling loop 'Compare' (ppg_rf_hls/firmware/BDT.h:84:11) in function 'BDT::Tree<177, 137, 69, ap_fixed<16, 6, (ap_q_mode)5, (ap_o_mode)3, 0> [15], ap_fixed<16, 6, (ap_q_mode)5, (ap_o_mode)3, 0>, ap_fixed<16, 6, (ap_q_mode)5, (ap_o_mode)3, 0> >::decision_function<ap_fixed<16, 6, (ap_q_mode)5, (ap_o_mode)3, 0>, ap_fixed<16, 6, (ap_q_mode)5, (ap_o_mode)3, 0> >' completely with a factor of 137 (ppg_rf_hls/firmware/BDT.h:56:0)
INFO: [HLS 214-186] Unrolling loop 'VITIS_LOOP_119_1' (ppg_rf_hls/firmware/BDT.h:119:23) in function 'BDT::Tree<176, 129, 65, ap_fixed<16, 6, (ap_q_mode)5, (ap_o_mode)3, 0> [15], ap_fixed<16, 6, (ap_q_mode)5, (ap_o_mode)3, 0>, ap_fixed<16, 6, (ap_q_mode)5, (ap_o_mode)3, 0> >::decision_function<ap_fixed<16, 6, (ap_q_mode)5, (ap_o_mode)3, 0>, ap_fixed<16, 6, (ap_q_mode)5, (ap_o_mode)3, 0> >' completely with a factor of 65 (ppg_rf_hls/firmware/BDT.h:56:0)
INFO: [HLS 214-186] Unrolling loop 'Activate' (ppg_rf_hls/firmware/BDT.h:97:15) in function 'BDT::Tree<176, 129, 65, ap_fixed<16, 6, (ap_q_mode)5, (ap_o_mode)3, 0> [15], ap_fixed<16, 6, (ap_q_mode)5, (ap_o_mode)3, 0>, ap_fixed<16, 6, (ap_q_mode)5, (ap_o_mode)3, 0> >::decision_function<ap_fixed<16, 6, (ap_q_mode)5, (ap_o_mode)3, 0>, ap_fixed<16, 6, (ap_q_mode)5, (ap_o_mode)3, 0> >' completely with a factor of 129 (ppg_rf_hls/firmware/BDT.h:56:0)
INFO: [HLS 214-186] Unrolling loop 'Compare' (ppg_rf_hls/firmware/BDT.h:84:11) in function 'BDT::Tree<176, 129, 65, ap_fixed<16, 6, (ap_q_mode)5, (ap_o_mode)3, 0> [15], ap_fixed<16, 6, (ap_q_mode)5, (ap_o_mode)3, 0>, ap_fixed<16, 6, (ap_q_mode)5, (ap_o_mode)3, 0> >::decision_function<ap_fixed<16, 6, (ap_q_mode)5, (ap_o_mode)3, 0>, ap_fixed<16, 6, (ap_q_mode)5, (ap_o_mode)3, 0> >' completely with a factor of 129 (ppg_rf_hls/firmware/BDT.h:56:0)
INFO: [HLS 214-186] Unrolling loop 'VITIS_LOOP_119_1' (ppg_rf_hls/firmware/BDT.h:119:23) in function 'BDT::Tree<175, 93, 47, ap_fixed<16, 6, (ap_q_mode)5, (ap_o_mode)3, 0> [15], ap_fixed<16, 6, (ap_q_mode)5, (ap_o_mode)3, 0>, ap_fixed<16, 6, (ap_q_mode)5, (ap_o_mode)3, 0> >::decision_function<ap_fixed<16, 6, (ap_q_mode)5, (ap_o_mode)3, 0>, ap_fixed<16, 6, (ap_q_mode)5, (ap_o_mode)3, 0> >' completely with a factor of 47 (ppg_rf_hls/firmware/BDT.h:56:0)
INFO: [HLS 214-186] Unrolling loop 'Activate' (ppg_rf_hls/firmware/BDT.h:97:15) in function 'BDT::Tree<175, 93, 47, ap_fixed<16, 6, (ap_q_mode)5, (ap_o_mode)3, 0> [15], ap_fixed<16, 6, (ap_q_mode)5, (ap_o_mode)3, 0>, ap_fixed<16, 6, (ap_q_mode)5, (ap_o_mode)3, 0> >::decision_function<ap_fixed<16, 6, (ap_q_mode)5, (ap_o_mode)3, 0>, ap_fixed<16, 6, (ap_q_mode)5, (ap_o_mode)3, 0> >' completely with a factor of 93 (ppg_rf_hls/firmware/BDT.h:56:0)
INFO: [HLS 214-186] Unrolling loop 'Compare' (ppg_rf_hls/firmware/BDT.h:84:11) in function 'BDT::Tree<175, 93, 47, ap_fixed<16, 6, (ap_q_mode)5, (ap_o_mode)3, 0> [15], ap_fixed<16, 6, (ap_q_mode)5, (ap_o_mode)3, 0>, ap_fixed<16, 6, (ap_q_mode)5, (ap_o_mode)3, 0> >::decision_function<ap_fixed<16, 6, (ap_q_mode)5, (ap_o_mode)3, 0>, ap_fixed<16, 6, (ap_q_mode)5, (ap_o_mode)3, 0> >' completely with a factor of 93 (ppg_rf_hls/firmware/BDT.h:56:0)
INFO: [HLS 214-186] Unrolling loop 'VITIS_LOOP_119_1' (ppg_rf_hls/firmware/BDT.h:119:23) in function 'BDT::Tree<174, 115, 58, ap_fixed<16, 6, (ap_q_mode)5, (ap_o_mode)3, 0> [15], ap_fixed<16, 6, (ap_q_mode)5, (ap_o_mode)3, 0>, ap_fixed<16, 6, (ap_q_mode)5, (ap_o_mode)3, 0> >::decision_function<ap_fixed<16, 6, (ap_q_mode)5, (ap_o_mode)3, 0>, ap_fixed<16, 6, (ap_q_mode)5, (ap_o_mode)3, 0> >' completely with a factor of 58 (ppg_rf_hls/firmware/BDT.h:56:0)
INFO: [HLS 214-186] Unrolling loop 'Activate' (ppg_rf_hls/firmware/BDT.h:97:15) in function 'BDT::Tree<174, 115, 58, ap_fixed<16, 6, (ap_q_mode)5, (ap_o_mode)3, 0> [15], ap_fixed<16, 6, (ap_q_mode)5, (ap_o_mode)3, 0>, ap_fixed<16, 6, (ap_q_mode)5, (ap_o_mode)3, 0> >::decision_function<ap_fixed<16, 6, (ap_q_mode)5, (ap_o_mode)3, 0>, ap_fixed<16, 6, (ap_q_mode)5, (ap_o_mode)3, 0> >' completely with a factor of 115 (ppg_rf_hls/firmware/BDT.h:56:0)
INFO: [HLS 214-186] Unrolling loop 'Compare' (ppg_rf_hls/firmware/BDT.h:84:11) in function 'BDT::Tree<174, 115, 58, ap_fixed<16, 6, (ap_q_mode)5, (ap_o_mode)3, 0> [15], ap_fixed<16, 6, (ap_q_mode)5, (ap_o_mode)3, 0>, ap_fixed<16, 6, (ap_q_mode)5, (ap_o_mode)3, 0> >::decision_function<ap_fixed<16, 6, (ap_q_mode)5, (ap_o_mode)3, 0>, ap_fixed<16, 6, (ap_q_mode)5, (ap_o_mode)3, 0> >' completely with a factor of 115 (ppg_rf_hls/firmware/BDT.h:56:0)
INFO: [HLS 214-186] Unrolling loop 'VITIS_LOOP_119_1' (ppg_rf_hls/firmware/BDT.h:119:23) in function 'BDT::Tree<173, 123, 62, ap_fixed<16, 6, (ap_q_mode)5, (ap_o_mode)3, 0> [15], ap_fixed<16, 6, (ap_q_mode)5, (ap_o_mode)3, 0>, ap_fixed<16, 6, (ap_q_mode)5, (ap_o_mode)3, 0> >::decision_function<ap_fixed<16, 6, (ap_q_mode)5, (ap_o_mode)3, 0>, ap_fixed<16, 6, (ap_q_mode)5, (ap_o_mode)3, 0> >' completely with a factor of 62 (ppg_rf_hls/firmware/BDT.h:56:0)
INFO: [HLS 214-186] Unrolling loop 'Activate' (ppg_rf_hls/firmware/BDT.h:97:15) in function 'BDT::Tree<173, 123, 62, ap_fixed<16, 6, (ap_q_mode)5, (ap_o_mode)3, 0> [15], ap_fixed<16, 6, (ap_q_mode)5, (ap_o_mode)3, 0>, ap_fixed<16, 6, (ap_q_mode)5, (ap_o_mode)3, 0> >::decision_function<ap_fixed<16, 6, (ap_q_mode)5, (ap_o_mode)3, 0>, ap_fixed<16, 6, (ap_q_mode)5, (ap_o_mode)3, 0> >' completely with a factor of 123 (ppg_rf_hls/firmware/BDT.h:56:0)
INFO: [HLS 214-186] Unrolling loop 'Compare' (ppg_rf_hls/firmware/BDT.h:84:11) in function 'BDT::Tree<173, 123, 62, ap_fixed<16, 6, (ap_q_mode)5, (ap_o_mode)3, 0> [15], ap_fixed<16, 6, (ap_q_mode)5, (ap_o_mode)3, 0>, ap_fixed<16, 6, (ap_q_mode)5, (ap_o_mode)3, 0> >::decision_function<ap_fixed<16, 6, (ap_q_mode)5, (ap_o_mode)3, 0>, ap_fixed<16, 6, (ap_q_mode)5, (ap_o_mode)3, 0> >' completely with a factor of 123 (ppg_rf_hls/firmware/BDT.h:56:0)
INFO: [HLS 214-186] Unrolling loop 'VITIS_LOOP_119_1' (ppg_rf_hls/firmware/BDT.h:119:23) in function 'BDT::Tree<172, 105, 53, ap_fixed<16, 6, (ap_q_mode)5, (ap_o_mode)3, 0> [15], ap_fixed<16, 6, (ap_q_mode)5, (ap_o_mode)3, 0>, ap_fixed<16, 6, (ap_q_mode)5, (ap_o_mode)3, 0> >::decision_function<ap_fixed<16, 6, (ap_q_mode)5, (ap_o_mode)3, 0>, ap_fixed<16, 6, (ap_q_mode)5, (ap_o_mode)3, 0> >' completely with a factor of 53 (ppg_rf_hls/firmware/BDT.h:56:0)
INFO: [HLS 214-186] Unrolling loop 'Activate' (ppg_rf_hls/firmware/BDT.h:97:15) in function 'BDT::Tree<172, 105, 53, ap_fixed<16, 6, (ap_q_mode)5, (ap_o_mode)3, 0> [15], ap_fixed<16, 6, (ap_q_mode)5, (ap_o_mode)3, 0>, ap_fixed<16, 6, (ap_q_mode)5, (ap_o_mode)3, 0> >::decision_function<ap_fixed<16, 6, (ap_q_mode)5, (ap_o_mode)3, 0>, ap_fixed<16, 6, (ap_q_mode)5, (ap_o_mode)3, 0> >' completely with a factor of 105 (ppg_rf_hls/firmware/BDT.h:56:0)
INFO: [HLS 214-186] Unrolling loop 'Compare' (ppg_rf_hls/firmware/BDT.h:84:11) in function 'BDT::Tree<172, 105, 53, ap_fixed<16, 6, (ap_q_mode)5, (ap_o_mode)3, 0> [15], ap_fixed<16, 6, (ap_q_mode)5, (ap_o_mode)3, 0>, ap_fixed<16, 6, (ap_q_mode)5, (ap_o_mode)3, 0> >::decision_function<ap_fixed<16, 6, (ap_q_mode)5, (ap_o_mode)3, 0>, ap_fixed<16, 6, (ap_q_mode)5, (ap_o_mode)3, 0> >' completely with a factor of 105 (ppg_rf_hls/firmware/BDT.h:56:0)
INFO: [HLS 214-186] Unrolling loop 'VITIS_LOOP_119_1' (ppg_rf_hls/firmware/BDT.h:119:23) in function 'BDT::Tree<171, 123, 62, ap_fixed<16, 6, (ap_q_mode)5, (ap_o_mode)3, 0> [15], ap_fixed<16, 6, (ap_q_mode)5, (ap_o_mode)3, 0>, ap_fixed<16, 6, (ap_q_mode)5, (ap_o_mode)3, 0> >::decision_function<ap_fixed<16, 6, (ap_q_mode)5, (ap_o_mode)3, 0>, ap_fixed<16, 6, (ap_q_mode)5, (ap_o_mode)3, 0> >' completely with a factor of 62 (ppg_rf_hls/firmware/BDT.h:56:0)
INFO: [HLS 214-186] Unrolling loop 'Activate' (ppg_rf_hls/firmware/BDT.h:97:15) in function 'BDT::Tree<171, 123, 62, ap_fixed<16, 6, (ap_q_mode)5, (ap_o_mode)3, 0> [15], ap_fixed<16, 6, (ap_q_mode)5, (ap_o_mode)3, 0>, ap_fixed<16, 6, (ap_q_mode)5, (ap_o_mode)3, 0> >::decision_function<ap_fixed<16, 6, (ap_q_mode)5, (ap_o_mode)3, 0>, ap_fixed<16, 6, (ap_q_mode)5, (ap_o_mode)3, 0> >' completely with a factor of 123 (ppg_rf_hls/firmware/BDT.h:56:0)
INFO: [HLS 214-186] Unrolling loop 'Compare' (ppg_rf_hls/firmware/BDT.h:84:11) in function 'BDT::Tree<171, 123, 62, ap_fixed<16, 6, (ap_q_mode)5, (ap_o_mode)3, 0> [15], ap_fixed<16, 6, (ap_q_mode)5, (ap_o_mode)3, 0>, ap_fixed<16, 6, (ap_q_mode)5, (ap_o_mode)3, 0> >::decision_function<ap_fixed<16, 6, (ap_q_mode)5, (ap_o_mode)3, 0>, ap_fixed<16, 6, (ap_q_mode)5, (ap_o_mode)3, 0> >' completely with a factor of 123 (ppg_rf_hls/firmware/BDT.h:56:0)
INFO: [HLS 214-186] Unrolling loop 'VITIS_LOOP_119_1' (ppg_rf_hls/firmware/BDT.h:119:23) in function 'BDT::Tree<170, 111, 56, ap_fixed<16, 6, (ap_q_mode)5, (ap_o_mode)3, 0> [15], ap_fixed<16, 6, (ap_q_mode)5, (ap_o_mode)3, 0>, ap_fixed<16, 6, (ap_q_mode)5, (ap_o_mode)3, 0> >::decision_function<ap_fixed<16, 6, (ap_q_mode)5, (ap_o_mode)3, 0>, ap_fixed<16, 6, (ap_q_mode)5, (ap_o_mode)3, 0> >' completely with a factor of 56 (ppg_rf_hls/firmware/BDT.h:56:0)
INFO: [HLS 214-186] Unrolling loop 'Activate' (ppg_rf_hls/firmware/BDT.h:97:15) in function 'BDT::Tree<170, 111, 56, ap_fixed<16, 6, (ap_q_mode)5, (ap_o_mode)3, 0> [15], ap_fixed<16, 6, (ap_q_mode)5, (ap_o_mode)3, 0>, ap_fixed<16, 6, (ap_q_mode)5, (ap_o_mode)3, 0> >::decision_function<ap_fixed<16, 6, (ap_q_mode)5, (ap_o_mode)3, 0>, ap_fixed<16, 6, (ap_q_mode)5, (ap_o_mode)3, 0> >' completely with a factor of 111 (ppg_rf_hls/firmware/BDT.h:56:0)
INFO: [HLS 214-186] Unrolling loop 'Compare' (ppg_rf_hls/firmware/BDT.h:84:11) in function 'BDT::Tree<170, 111, 56, ap_fixed<16, 6, (ap_q_mode)5, (ap_o_mode)3, 0> [15], ap_fixed<16, 6, (ap_q_mode)5, (ap_o_mode)3, 0>, ap_fixed<16, 6, (ap_q_mode)5, (ap_o_mode)3, 0> >::decision_function<ap_fixed<16, 6, (ap_q_mode)5, (ap_o_mode)3, 0>, ap_fixed<16, 6, (ap_q_mode)5, (ap_o_mode)3, 0> >' completely with a factor of 111 (ppg_rf_hls/firmware/BDT.h:56:0)
INFO: [HLS 214-186] Unrolling loop 'VITIS_LOOP_119_1' (ppg_rf_hls/firmware/BDT.h:119:23) in function 'BDT::Tree<169, 117, 59, ap_fixed<16, 6, (ap_q_mode)5, (ap_o_mode)3, 0> [15], ap_fixed<16, 6, (ap_q_mode)5, (ap_o_mode)3, 0>, ap_fixed<16, 6, (ap_q_mode)5, (ap_o_mode)3, 0> >::decision_function<ap_fixed<16, 6, (ap_q_mode)5, (ap_o_mode)3, 0>, ap_fixed<16, 6, (ap_q_mode)5, (ap_o_mode)3, 0> >' completely with a factor of 59 (ppg_rf_hls/firmware/BDT.h:56:0)
INFO: [HLS 214-186] Unrolling loop 'Activate' (ppg_rf_hls/firmware/BDT.h:97:15) in function 'BDT::Tree<169, 117, 59, ap_fixed<16, 6, (ap_q_mode)5, (ap_o_mode)3, 0> [15], ap_fixed<16, 6, (ap_q_mode)5, (ap_o_mode)3, 0>, ap_fixed<16, 6, (ap_q_mode)5, (ap_o_mode)3, 0> >::decision_function<ap_fixed<16, 6, (ap_q_mode)5, (ap_o_mode)3, 0>, ap_fixed<16, 6, (ap_q_mode)5, (ap_o_mode)3, 0> >' completely with a factor of 117 (ppg_rf_hls/firmware/BDT.h:56:0)
INFO: [HLS 214-186] Unrolling loop 'Compare' (ppg_rf_hls/firmware/BDT.h:84:11) in function 'BDT::Tree<169, 117, 59, ap_fixed<16, 6, (ap_q_mode)5, (ap_o_mode)3, 0> [15], ap_fixed<16, 6, (ap_q_mode)5, (ap_o_mode)3, 0>, ap_fixed<16, 6, (ap_q_mode)5, (ap_o_mode)3, 0> >::decision_function<ap_fixed<16, 6, (ap_q_mode)5, (ap_o_mode)3, 0>, ap_fixed<16, 6, (ap_q_mode)5, (ap_o_mode)3, 0> >' completely with a factor of 117 (ppg_rf_hls/firmware/BDT.h:56:0)
INFO: [HLS 214-186] Unrolling loop 'VITIS_LOOP_119_1' (ppg_rf_hls/firmware/BDT.h:119:23) in function 'BDT::Tree<168, 125, 63, ap_fixed<16, 6, (ap_q_mode)5, (ap_o_mode)3, 0> [15], ap_fixed<16, 6, (ap_q_mode)5, (ap_o_mode)3, 0>, ap_fixed<16, 6, (ap_q_mode)5, (ap_o_mode)3, 0> >::decision_function<ap_fixed<16, 6, (ap_q_mode)5, (ap_o_mode)3, 0>, ap_fixed<16, 6, (ap_q_mode)5, (ap_o_mode)3, 0> >' completely with a factor of 63 (ppg_rf_hls/firmware/BDT.h:56:0)
INFO: [HLS 214-186] Unrolling loop 'Activate' (ppg_rf_hls/firmware/BDT.h:97:15) in function 'BDT::Tree<168, 125, 63, ap_fixed<16, 6, (ap_q_mode)5, (ap_o_mode)3, 0> [15], ap_fixed<16, 6, (ap_q_mode)5, (ap_o_mode)3, 0>, ap_fixed<16, 6, (ap_q_mode)5, (ap_o_mode)3, 0> >::decision_function<ap_fixed<16, 6, (ap_q_mode)5, (ap_o_mode)3, 0>, ap_fixed<16, 6, (ap_q_mode)5, (ap_o_mode)3, 0> >' completely with a factor of 125 (ppg_rf_hls/firmware/BDT.h:56:0)
INFO: [HLS 214-186] Unrolling loop 'Compare' (ppg_rf_hls/firmware/BDT.h:84:11) in function 'BDT::Tree<168, 125, 63, ap_fixed<16, 6, (ap_q_mode)5, (ap_o_mode)3, 0> [15], ap_fixed<16, 6, (ap_q_mode)5, (ap_o_mode)3, 0>, ap_fixed<16, 6, (ap_q_mode)5, (ap_o_mode)3, 0> >::decision_function<ap_fixed<16, 6, (ap_q_mode)5, (ap_o_mode)3, 0>, ap_fixed<16, 6, (ap_q_mode)5, (ap_o_mode)3, 0> >' completely with a factor of 125 (ppg_rf_hls/firmware/BDT.h:56:0)
INFO: [HLS 214-186] Unrolling loop 'VITIS_LOOP_119_1' (ppg_rf_hls/firmware/BDT.h:119:23) in function 'BDT::Tree<167, 139, 70, ap_fixed<16, 6, (ap_q_mode)5, (ap_o_mode)3, 0> [15], ap_fixed<16, 6, (ap_q_mode)5, (ap_o_mode)3, 0>, ap_fixed<16, 6, (ap_q_mode)5, (ap_o_mode)3, 0> >::decision_function<ap_fixed<16, 6, (ap_q_mode)5, (ap_o_mode)3, 0>, ap_fixed<16, 6, (ap_q_mode)5, (ap_o_mode)3, 0> >' completely with a factor of 70 (ppg_rf_hls/firmware/BDT.h:56:0)
INFO: [HLS 214-186] Unrolling loop 'Activate' (ppg_rf_hls/firmware/BDT.h:97:15) in function 'BDT::Tree<167, 139, 70, ap_fixed<16, 6, (ap_q_mode)5, (ap_o_mode)3, 0> [15], ap_fixed<16, 6, (ap_q_mode)5, (ap_o_mode)3, 0>, ap_fixed<16, 6, (ap_q_mode)5, (ap_o_mode)3, 0> >::decision_function<ap_fixed<16, 6, (ap_q_mode)5, (ap_o_mode)3, 0>, ap_fixed<16, 6, (ap_q_mode)5, (ap_o_mode)3, 0> >' completely with a factor of 139 (ppg_rf_hls/firmware/BDT.h:56:0)
INFO: [HLS 214-186] Unrolling loop 'Compare' (ppg_rf_hls/firmware/BDT.h:84:11) in function 'BDT::Tree<167, 139, 70, ap_fixed<16, 6, (ap_q_mode)5, (ap_o_mode)3, 0> [15], ap_fixed<16, 6, (ap_q_mode)5, (ap_o_mode)3, 0>, ap_fixed<16, 6, (ap_q_mode)5, (ap_o_mode)3, 0> >::decision_function<ap_fixed<16, 6, (ap_q_mode)5, (ap_o_mode)3, 0>, ap_fixed<16, 6, (ap_q_mode)5, (ap_o_mode)3, 0> >' completely with a factor of 139 (ppg_rf_hls/firmware/BDT.h:56:0)
INFO: [HLS 214-186] Unrolling loop 'VITIS_LOOP_119_1' (ppg_rf_hls/firmware/BDT.h:119:23) in function 'BDT::Tree<166, 131, 66, ap_fixed<16, 6, (ap_q_mode)5, (ap_o_mode)3, 0> [15], ap_fixed<16, 6, (ap_q_mode)5, (ap_o_mode)3, 0>, ap_fixed<16, 6, (ap_q_mode)5, (ap_o_mode)3, 0> >::decision_function<ap_fixed<16, 6, (ap_q_mode)5, (ap_o_mode)3, 0>, ap_fixed<16, 6, (ap_q_mode)5, (ap_o_mode)3, 0> >' completely with a factor of 66 (ppg_rf_hls/firmware/BDT.h:56:0)
INFO: [HLS 214-186] Unrolling loop 'Activate' (ppg_rf_hls/firmware/BDT.h:97:15) in function 'BDT::Tree<166, 131, 66, ap_fixed<16, 6, (ap_q_mode)5, (ap_o_mode)3, 0> [15], ap_fixed<16, 6, (ap_q_mode)5, (ap_o_mode)3, 0>, ap_fixed<16, 6, (ap_q_mode)5, (ap_o_mode)3, 0> >::decision_function<ap_fixed<16, 6, (ap_q_mode)5, (ap_o_mode)3, 0>, ap_fixed<16, 6, (ap_q_mode)5, (ap_o_mode)3, 0> >' completely with a factor of 131 (ppg_rf_hls/firmware/BDT.h:56:0)
INFO: [HLS 214-186] Unrolling loop 'Compare' (ppg_rf_hls/firmware/BDT.h:84:11) in function 'BDT::Tree<166, 131, 66, ap_fixed<16, 6, (ap_q_mode)5, (ap_o_mode)3, 0> [15], ap_fixed<16, 6, (ap_q_mode)5, (ap_o_mode)3, 0>, ap_fixed<16, 6, (ap_q_mode)5, (ap_o_mode)3, 0> >::decision_function<ap_fixed<16, 6, (ap_q_mode)5, (ap_o_mode)3, 0>, ap_fixed<16, 6, (ap_q_mode)5, (ap_o_mode)3, 0> >' completely with a factor of 131 (ppg_rf_hls/firmware/BDT.h:56:0)
INFO: [HLS 214-186] Unrolling loop 'VITIS_LOOP_119_1' (ppg_rf_hls/firmware/BDT.h:119:23) in function 'BDT::Tree<165, 113, 57, ap_fixed<16, 6, (ap_q_mode)5, (ap_o_mode)3, 0> [15], ap_fixed<16, 6, (ap_q_mode)5, (ap_o_mode)3, 0>, ap_fixed<16, 6, (ap_q_mode)5, (ap_o_mode)3, 0> >::decision_function<ap_fixed<16, 6, (ap_q_mode)5, (ap_o_mode)3, 0>, ap_fixed<16, 6, (ap_q_mode)5, (ap_o_mode)3, 0> >' completely with a factor of 57 (ppg_rf_hls/firmware/BDT.h:56:0)
INFO: [HLS 214-186] Unrolling loop 'Activate' (ppg_rf_hls/firmware/BDT.h:97:15) in function 'BDT::Tree<165, 113, 57, ap_fixed<16, 6, (ap_q_mode)5, (ap_o_mode)3, 0> [15], ap_fixed<16, 6, (ap_q_mode)5, (ap_o_mode)3, 0>, ap_fixed<16, 6, (ap_q_mode)5, (ap_o_mode)3, 0> >::decision_function<ap_fixed<16, 6, (ap_q_mode)5, (ap_o_mode)3, 0>, ap_fixed<16, 6, (ap_q_mode)5, (ap_o_mode)3, 0> >' completely with a factor of 113 (ppg_rf_hls/firmware/BDT.h:56:0)
INFO: [HLS 214-186] Unrolling loop 'Compare' (ppg_rf_hls/firmware/BDT.h:84:11) in function 'BDT::Tree<165, 113, 57, ap_fixed<16, 6, (ap_q_mode)5, (ap_o_mode)3, 0> [15], ap_fixed<16, 6, (ap_q_mode)5, (ap_o_mode)3, 0>, ap_fixed<16, 6, (ap_q_mode)5, (ap_o_mode)3, 0> >::decision_function<ap_fixed<16, 6, (ap_q_mode)5, (ap_o_mode)3, 0>, ap_fixed<16, 6, (ap_q_mode)5, (ap_o_mode)3, 0> >' completely with a factor of 113 (ppg_rf_hls/firmware/BDT.h:56:0)
INFO: [HLS 214-186] Unrolling loop 'VITIS_LOOP_119_1' (ppg_rf_hls/firmware/BDT.h:119:23) in function 'BDT::Tree<164, 123, 62, ap_fixed<16, 6, (ap_q_mode)5, (ap_o_mode)3, 0> [15], ap_fixed<16, 6, (ap_q_mode)5, (ap_o_mode)3, 0>, ap_fixed<16, 6, (ap_q_mode)5, (ap_o_mode)3, 0> >::decision_function<ap_fixed<16, 6, (ap_q_mode)5, (ap_o_mode)3, 0>, ap_fixed<16, 6, (ap_q_mode)5, (ap_o_mode)3, 0> >' completely with a factor of 62 (ppg_rf_hls/firmware/BDT.h:56:0)
INFO: [HLS 214-186] Unrolling loop 'Activate' (ppg_rf_hls/firmware/BDT.h:97:15) in function 'BDT::Tree<164, 123, 62, ap_fixed<16, 6, (ap_q_mode)5, (ap_o_mode)3, 0> [15], ap_fixed<16, 6, (ap_q_mode)5, (ap_o_mode)3, 0>, ap_fixed<16, 6, (ap_q_mode)5, (ap_o_mode)3, 0> >::decision_function<ap_fixed<16, 6, (ap_q_mode)5, (ap_o_mode)3, 0>, ap_fixed<16, 6, (ap_q_mode)5, (ap_o_mode)3, 0> >' completely with a factor of 123 (ppg_rf_hls/firmware/BDT.h:56:0)
INFO: [HLS 214-186] Unrolling loop 'Compare' (ppg_rf_hls/firmware/BDT.h:84:11) in function 'BDT::Tree<164, 123, 62, ap_fixed<16, 6, (ap_q_mode)5, (ap_o_mode)3, 0> [15], ap_fixed<16, 6, (ap_q_mode)5, (ap_o_mode)3, 0>, ap_fixed<16, 6, (ap_q_mode)5, (ap_o_mode)3, 0> >::decision_function<ap_fixed<16, 6, (ap_q_mode)5, (ap_o_mode)3, 0>, ap_fixed<16, 6, (ap_q_mode)5, (ap_o_mode)3, 0> >' completely with a factor of 123 (ppg_rf_hls/firmware/BDT.h:56:0)
INFO: [HLS 214-186] Unrolling loop 'VITIS_LOOP_119_1' (ppg_rf_hls/firmware/BDT.h:119:23) in function 'BDT::Tree<163, 117, 59, ap_fixed<16, 6, (ap_q_mode)5, (ap_o_mode)3, 0> [15], ap_fixed<16, 6, (ap_q_mode)5, (ap_o_mode)3, 0>, ap_fixed<16, 6, (ap_q_mode)5, (ap_o_mode)3, 0> >::decision_function<ap_fixed<16, 6, (ap_q_mode)5, (ap_o_mode)3, 0>, ap_fixed<16, 6, (ap_q_mode)5, (ap_o_mode)3, 0> >' completely with a factor of 59 (ppg_rf_hls/firmware/BDT.h:56:0)
INFO: [HLS 214-186] Unrolling loop 'Activate' (ppg_rf_hls/firmware/BDT.h:97:15) in function 'BDT::Tree<163, 117, 59, ap_fixed<16, 6, (ap_q_mode)5, (ap_o_mode)3, 0> [15], ap_fixed<16, 6, (ap_q_mode)5, (ap_o_mode)3, 0>, ap_fixed<16, 6, (ap_q_mode)5, (ap_o_mode)3, 0> >::decision_function<ap_fixed<16, 6, (ap_q_mode)5, (ap_o_mode)3, 0>, ap_fixed<16, 6, (ap_q_mode)5, (ap_o_mode)3, 0> >' completely with a factor of 117 (ppg_rf_hls/firmware/BDT.h:56:0)
INFO: [HLS 214-186] Unrolling loop 'Compare' (ppg_rf_hls/firmware/BDT.h:84:11) in function 'BDT::Tree<163, 117, 59, ap_fixed<16, 6, (ap_q_mode)5, (ap_o_mode)3, 0> [15], ap_fixed<16, 6, (ap_q_mode)5, (ap_o_mode)3, 0>, ap_fixed<16, 6, (ap_q_mode)5, (ap_o_mode)3, 0> >::decision_function<ap_fixed<16, 6, (ap_q_mode)5, (ap_o_mode)3, 0>, ap_fixed<16, 6, (ap_q_mode)5, (ap_o_mode)3, 0> >' completely with a factor of 117 (ppg_rf_hls/firmware/BDT.h:56:0)
INFO: [HLS 214-186] Unrolling loop 'VITIS_LOOP_119_1' (ppg_rf_hls/firmware/BDT.h:119:23) in function 'BDT::Tree<162, 137, 69, ap_fixed<16, 6, (ap_q_mode)5, (ap_o_mode)3, 0> [15], ap_fixed<16, 6, (ap_q_mode)5, (ap_o_mode)3, 0>, ap_fixed<16, 6, (ap_q_mode)5, (ap_o_mode)3, 0> >::decision_function<ap_fixed<16, 6, (ap_q_mode)5, (ap_o_mode)3, 0>, ap_fixed<16, 6, (ap_q_mode)5, (ap_o_mode)3, 0> >' completely with a factor of 69 (ppg_rf_hls/firmware/BDT.h:56:0)
INFO: [HLS 214-186] Unrolling loop 'Activate' (ppg_rf_hls/firmware/BDT.h:97:15) in function 'BDT::Tree<162, 137, 69, ap_fixed<16, 6, (ap_q_mode)5, (ap_o_mode)3, 0> [15], ap_fixed<16, 6, (ap_q_mode)5, (ap_o_mode)3, 0>, ap_fixed<16, 6, (ap_q_mode)5, (ap_o_mode)3, 0> >::decision_function<ap_fixed<16, 6, (ap_q_mode)5, (ap_o_mode)3, 0>, ap_fixed<16, 6, (ap_q_mode)5, (ap_o_mode)3, 0> >' completely with a factor of 137 (ppg_rf_hls/firmware/BDT.h:56:0)
INFO: [HLS 214-186] Unrolling loop 'Compare' (ppg_rf_hls/firmware/BDT.h:84:11) in function 'BDT::Tree<162, 137, 69, ap_fixed<16, 6, (ap_q_mode)5, (ap_o_mode)3, 0> [15], ap_fixed<16, 6, (ap_q_mode)5, (ap_o_mode)3, 0>, ap_fixed<16, 6, (ap_q_mode)5, (ap_o_mode)3, 0> >::decision_function<ap_fixed<16, 6, (ap_q_mode)5, (ap_o_mode)3, 0>, ap_fixed<16, 6, (ap_q_mode)5, (ap_o_mode)3, 0> >' completely with a factor of 137 (ppg_rf_hls/firmware/BDT.h:56:0)
INFO: [HLS 214-186] Unrolling loop 'VITIS_LOOP_119_1' (ppg_rf_hls/firmware/BDT.h:119:23) in function 'BDT::Tree<161, 137, 69, ap_fixed<16, 6, (ap_q_mode)5, (ap_o_mode)3, 0> [15], ap_fixed<16, 6, (ap_q_mode)5, (ap_o_mode)3, 0>, ap_fixed<16, 6, (ap_q_mode)5, (ap_o_mode)3, 0> >::decision_function<ap_fixed<16, 6, (ap_q_mode)5, (ap_o_mode)3, 0>, ap_fixed<16, 6, (ap_q_mode)5, (ap_o_mode)3, 0> >' completely with a factor of 69 (ppg_rf_hls/firmware/BDT.h:56:0)
INFO: [HLS 214-186] Unrolling loop 'Activate' (ppg_rf_hls/firmware/BDT.h:97:15) in function 'BDT::Tree<161, 137, 69, ap_fixed<16, 6, (ap_q_mode)5, (ap_o_mode)3, 0> [15], ap_fixed<16, 6, (ap_q_mode)5, (ap_o_mode)3, 0>, ap_fixed<16, 6, (ap_q_mode)5, (ap_o_mode)3, 0> >::decision_function<ap_fixed<16, 6, (ap_q_mode)5, (ap_o_mode)3, 0>, ap_fixed<16, 6, (ap_q_mode)5, (ap_o_mode)3, 0> >' completely with a factor of 137 (ppg_rf_hls/firmware/BDT.h:56:0)
INFO: [HLS 214-186] Unrolling loop 'Compare' (ppg_rf_hls/firmware/BDT.h:84:11) in function 'BDT::Tree<161, 137, 69, ap_fixed<16, 6, (ap_q_mode)5, (ap_o_mode)3, 0> [15], ap_fixed<16, 6, (ap_q_mode)5, (ap_o_mode)3, 0>, ap_fixed<16, 6, (ap_q_mode)5, (ap_o_mode)3, 0> >::decision_function<ap_fixed<16, 6, (ap_q_mode)5, (ap_o_mode)3, 0>, ap_fixed<16, 6, (ap_q_mode)5, (ap_o_mode)3, 0> >' completely with a factor of 137 (ppg_rf_hls/firmware/BDT.h:56:0)
INFO: [HLS 214-186] Unrolling loop 'VITIS_LOOP_119_1' (ppg_rf_hls/firmware/BDT.h:119:23) in function 'BDT::Tree<160, 141, 71, ap_fixed<16, 6, (ap_q_mode)5, (ap_o_mode)3, 0> [15], ap_fixed<16, 6, (ap_q_mode)5, (ap_o_mode)3, 0>, ap_fixed<16, 6, (ap_q_mode)5, (ap_o_mode)3, 0> >::decision_function<ap_fixed<16, 6, (ap_q_mode)5, (ap_o_mode)3, 0>, ap_fixed<16, 6, (ap_q_mode)5, (ap_o_mode)3, 0> >' completely with a factor of 71 (ppg_rf_hls/firmware/BDT.h:56:0)
INFO: [HLS 214-186] Unrolling loop 'Activate' (ppg_rf_hls/firmware/BDT.h:97:15) in function 'BDT::Tree<160, 141, 71, ap_fixed<16, 6, (ap_q_mode)5, (ap_o_mode)3, 0> [15], ap_fixed<16, 6, (ap_q_mode)5, (ap_o_mode)3, 0>, ap_fixed<16, 6, (ap_q_mode)5, (ap_o_mode)3, 0> >::decision_function<ap_fixed<16, 6, (ap_q_mode)5, (ap_o_mode)3, 0>, ap_fixed<16, 6, (ap_q_mode)5, (ap_o_mode)3, 0> >' completely with a factor of 141 (ppg_rf_hls/firmware/BDT.h:56:0)
INFO: [HLS 214-186] Unrolling loop 'Compare' (ppg_rf_hls/firmware/BDT.h:84:11) in function 'BDT::Tree<160, 141, 71, ap_fixed<16, 6, (ap_q_mode)5, (ap_o_mode)3, 0> [15], ap_fixed<16, 6, (ap_q_mode)5, (ap_o_mode)3, 0>, ap_fixed<16, 6, (ap_q_mode)5, (ap_o_mode)3, 0> >::decision_function<ap_fixed<16, 6, (ap_q_mode)5, (ap_o_mode)3, 0>, ap_fixed<16, 6, (ap_q_mode)5, (ap_o_mode)3, 0> >' completely with a factor of 141 (ppg_rf_hls/firmware/BDT.h:56:0)
INFO: [HLS 214-186] Unrolling loop 'VITIS_LOOP_119_1' (ppg_rf_hls/firmware/BDT.h:119:23) in function 'BDT::Tree<159, 131, 66, ap_fixed<16, 6, (ap_q_mode)5, (ap_o_mode)3, 0> [15], ap_fixed<16, 6, (ap_q_mode)5, (ap_o_mode)3, 0>, ap_fixed<16, 6, (ap_q_mode)5, (ap_o_mode)3, 0> >::decision_function<ap_fixed<16, 6, (ap_q_mode)5, (ap_o_mode)3, 0>, ap_fixed<16, 6, (ap_q_mode)5, (ap_o_mode)3, 0> >' completely with a factor of 66 (ppg_rf_hls/firmware/BDT.h:56:0)
INFO: [HLS 214-186] Unrolling loop 'Activate' (ppg_rf_hls/firmware/BDT.h:97:15) in function 'BDT::Tree<159, 131, 66, ap_fixed<16, 6, (ap_q_mode)5, (ap_o_mode)3, 0> [15], ap_fixed<16, 6, (ap_q_mode)5, (ap_o_mode)3, 0>, ap_fixed<16, 6, (ap_q_mode)5, (ap_o_mode)3, 0> >::decision_function<ap_fixed<16, 6, (ap_q_mode)5, (ap_o_mode)3, 0>, ap_fixed<16, 6, (ap_q_mode)5, (ap_o_mode)3, 0> >' completely with a factor of 131 (ppg_rf_hls/firmware/BDT.h:56:0)
INFO: [HLS 214-186] Unrolling loop 'Compare' (ppg_rf_hls/firmware/BDT.h:84:11) in function 'BDT::Tree<159, 131, 66, ap_fixed<16, 6, (ap_q_mode)5, (ap_o_mode)3, 0> [15], ap_fixed<16, 6, (ap_q_mode)5, (ap_o_mode)3, 0>, ap_fixed<16, 6, (ap_q_mode)5, (ap_o_mode)3, 0> >::decision_function<ap_fixed<16, 6, (ap_q_mode)5, (ap_o_mode)3, 0>, ap_fixed<16, 6, (ap_q_mode)5, (ap_o_mode)3, 0> >' completely with a factor of 131 (ppg_rf_hls/firmware/BDT.h:56:0)
INFO: [HLS 214-186] Unrolling loop 'VITIS_LOOP_119_1' (ppg_rf_hls/firmware/BDT.h:119:23) in function 'BDT::Tree<158, 139, 70, ap_fixed<16, 6, (ap_q_mode)5, (ap_o_mode)3, 0> [15], ap_fixed<16, 6, (ap_q_mode)5, (ap_o_mode)3, 0>, ap_fixed<16, 6, (ap_q_mode)5, (ap_o_mode)3, 0> >::decision_function<ap_fixed<16, 6, (ap_q_mode)5, (ap_o_mode)3, 0>, ap_fixed<16, 6, (ap_q_mode)5, (ap_o_mode)3, 0> >' completely with a factor of 70 (ppg_rf_hls/firmware/BDT.h:56:0)
INFO: [HLS 214-186] Unrolling loop 'Activate' (ppg_rf_hls/firmware/BDT.h:97:15) in function 'BDT::Tree<158, 139, 70, ap_fixed<16, 6, (ap_q_mode)5, (ap_o_mode)3, 0> [15], ap_fixed<16, 6, (ap_q_mode)5, (ap_o_mode)3, 0>, ap_fixed<16, 6, (ap_q_mode)5, (ap_o_mode)3, 0> >::decision_function<ap_fixed<16, 6, (ap_q_mode)5, (ap_o_mode)3, 0>, ap_fixed<16, 6, (ap_q_mode)5, (ap_o_mode)3, 0> >' completely with a factor of 139 (ppg_rf_hls/firmware/BDT.h:56:0)
INFO: [HLS 214-186] Unrolling loop 'Compare' (ppg_rf_hls/firmware/BDT.h:84:11) in function 'BDT::Tree<158, 139, 70, ap_fixed<16, 6, (ap_q_mode)5, (ap_o_mode)3, 0> [15], ap_fixed<16, 6, (ap_q_mode)5, (ap_o_mode)3, 0>, ap_fixed<16, 6, (ap_q_mode)5, (ap_o_mode)3, 0> >::decision_function<ap_fixed<16, 6, (ap_q_mode)5, (ap_o_mode)3, 0>, ap_fixed<16, 6, (ap_q_mode)5, (ap_o_mode)3, 0> >' completely with a factor of 139 (ppg_rf_hls/firmware/BDT.h:56:0)
INFO: [HLS 214-186] Unrolling loop 'VITIS_LOOP_119_1' (ppg_rf_hls/firmware/BDT.h:119:23) in function 'BDT::Tree<157, 135, 68, ap_fixed<16, 6, (ap_q_mode)5, (ap_o_mode)3, 0> [15], ap_fixed<16, 6, (ap_q_mode)5, (ap_o_mode)3, 0>, ap_fixed<16, 6, (ap_q_mode)5, (ap_o_mode)3, 0> >::decision_function<ap_fixed<16, 6, (ap_q_mode)5, (ap_o_mode)3, 0>, ap_fixed<16, 6, (ap_q_mode)5, (ap_o_mode)3, 0> >' completely with a factor of 68 (ppg_rf_hls/firmware/BDT.h:56:0)
INFO: [HLS 214-186] Unrolling loop 'Activate' (ppg_rf_hls/firmware/BDT.h:97:15) in function 'BDT::Tree<157, 135, 68, ap_fixed<16, 6, (ap_q_mode)5, (ap_o_mode)3, 0> [15], ap_fixed<16, 6, (ap_q_mode)5, (ap_o_mode)3, 0>, ap_fixed<16, 6, (ap_q_mode)5, (ap_o_mode)3, 0> >::decision_function<ap_fixed<16, 6, (ap_q_mode)5, (ap_o_mode)3, 0>, ap_fixed<16, 6, (ap_q_mode)5, (ap_o_mode)3, 0> >' completely with a factor of 135 (ppg_rf_hls/firmware/BDT.h:56:0)
INFO: [HLS 214-186] Unrolling loop 'Compare' (ppg_rf_hls/firmware/BDT.h:84:11) in function 'BDT::Tree<157, 135, 68, ap_fixed<16, 6, (ap_q_mode)5, (ap_o_mode)3, 0> [15], ap_fixed<16, 6, (ap_q_mode)5, (ap_o_mode)3, 0>, ap_fixed<16, 6, (ap_q_mode)5, (ap_o_mode)3, 0> >::decision_function<ap_fixed<16, 6, (ap_q_mode)5, (ap_o_mode)3, 0>, ap_fixed<16, 6, (ap_q_mode)5, (ap_o_mode)3, 0> >' completely with a factor of 135 (ppg_rf_hls/firmware/BDT.h:56:0)
INFO: [HLS 214-186] Unrolling loop 'VITIS_LOOP_119_1' (ppg_rf_hls/firmware/BDT.h:119:23) in function 'BDT::Tree<156, 127, 64, ap_fixed<16, 6, (ap_q_mode)5, (ap_o_mode)3, 0> [15], ap_fixed<16, 6, (ap_q_mode)5, (ap_o_mode)3, 0>, ap_fixed<16, 6, (ap_q_mode)5, (ap_o_mode)3, 0> >::decision_function<ap_fixed<16, 6, (ap_q_mode)5, (ap_o_mode)3, 0>, ap_fixed<16, 6, (ap_q_mode)5, (ap_o_mode)3, 0> >' completely with a factor of 64 (ppg_rf_hls/firmware/BDT.h:56:0)
INFO: [HLS 214-186] Unrolling loop 'Activate' (ppg_rf_hls/firmware/BDT.h:97:15) in function 'BDT::Tree<156, 127, 64, ap_fixed<16, 6, (ap_q_mode)5, (ap_o_mode)3, 0> [15], ap_fixed<16, 6, (ap_q_mode)5, (ap_o_mode)3, 0>, ap_fixed<16, 6, (ap_q_mode)5, (ap_o_mode)3, 0> >::decision_function<ap_fixed<16, 6, (ap_q_mode)5, (ap_o_mode)3, 0>, ap_fixed<16, 6, (ap_q_mode)5, (ap_o_mode)3, 0> >' completely with a factor of 127 (ppg_rf_hls/firmware/BDT.h:56:0)
INFO: [HLS 214-186] Unrolling loop 'Compare' (ppg_rf_hls/firmware/BDT.h:84:11) in function 'BDT::Tree<156, 127, 64, ap_fixed<16, 6, (ap_q_mode)5, (ap_o_mode)3, 0> [15], ap_fixed<16, 6, (ap_q_mode)5, (ap_o_mode)3, 0>, ap_fixed<16, 6, (ap_q_mode)5, (ap_o_mode)3, 0> >::decision_function<ap_fixed<16, 6, (ap_q_mode)5, (ap_o_mode)3, 0>, ap_fixed<16, 6, (ap_q_mode)5, (ap_o_mode)3, 0> >' completely with a factor of 127 (ppg_rf_hls/firmware/BDT.h:56:0)
INFO: [HLS 214-186] Unrolling loop 'VITIS_LOOP_119_1' (ppg_rf_hls/firmware/BDT.h:119:23) in function 'BDT::Tree<155, 121, 61, ap_fixed<16, 6, (ap_q_mode)5, (ap_o_mode)3, 0> [15], ap_fixed<16, 6, (ap_q_mode)5, (ap_o_mode)3, 0>, ap_fixed<16, 6, (ap_q_mode)5, (ap_o_mode)3, 0> >::decision_function<ap_fixed<16, 6, (ap_q_mode)5, (ap_o_mode)3, 0>, ap_fixed<16, 6, (ap_q_mode)5, (ap_o_mode)3, 0> >' completely with a factor of 61 (ppg_rf_hls/firmware/BDT.h:56:0)
INFO: [HLS 214-186] Unrolling loop 'Activate' (ppg_rf_hls/firmware/BDT.h:97:15) in function 'BDT::Tree<155, 121, 61, ap_fixed<16, 6, (ap_q_mode)5, (ap_o_mode)3, 0> [15], ap_fixed<16, 6, (ap_q_mode)5, (ap_o_mode)3, 0>, ap_fixed<16, 6, (ap_q_mode)5, (ap_o_mode)3, 0> >::decision_function<ap_fixed<16, 6, (ap_q_mode)5, (ap_o_mode)3, 0>, ap_fixed<16, 6, (ap_q_mode)5, (ap_o_mode)3, 0> >' completely with a factor of 121 (ppg_rf_hls/firmware/BDT.h:56:0)
INFO: [HLS 214-186] Unrolling loop 'Compare' (ppg_rf_hls/firmware/BDT.h:84:11) in function 'BDT::Tree<155, 121, 61, ap_fixed<16, 6, (ap_q_mode)5, (ap_o_mode)3, 0> [15], ap_fixed<16, 6, (ap_q_mode)5, (ap_o_mode)3, 0>, ap_fixed<16, 6, (ap_q_mode)5, (ap_o_mode)3, 0> >::decision_function<ap_fixed<16, 6, (ap_q_mode)5, (ap_o_mode)3, 0>, ap_fixed<16, 6, (ap_q_mode)5, (ap_o_mode)3, 0> >' completely with a factor of 121 (ppg_rf_hls/firmware/BDT.h:56:0)
INFO: [HLS 214-186] Unrolling loop 'VITIS_LOOP_119_1' (ppg_rf_hls/firmware/BDT.h:119:23) in function 'BDT::Tree<154, 125, 63, ap_fixed<16, 6, (ap_q_mode)5, (ap_o_mode)3, 0> [15], ap_fixed<16, 6, (ap_q_mode)5, (ap_o_mode)3, 0>, ap_fixed<16, 6, (ap_q_mode)5, (ap_o_mode)3, 0> >::decision_function<ap_fixed<16, 6, (ap_q_mode)5, (ap_o_mode)3, 0>, ap_fixed<16, 6, (ap_q_mode)5, (ap_o_mode)3, 0> >' completely with a factor of 63 (ppg_rf_hls/firmware/BDT.h:56:0)
INFO: [HLS 214-186] Unrolling loop 'Activate' (ppg_rf_hls/firmware/BDT.h:97:15) in function 'BDT::Tree<154, 125, 63, ap_fixed<16, 6, (ap_q_mode)5, (ap_o_mode)3, 0> [15], ap_fixed<16, 6, (ap_q_mode)5, (ap_o_mode)3, 0>, ap_fixed<16, 6, (ap_q_mode)5, (ap_o_mode)3, 0> >::decision_function<ap_fixed<16, 6, (ap_q_mode)5, (ap_o_mode)3, 0>, ap_fixed<16, 6, (ap_q_mode)5, (ap_o_mode)3, 0> >' completely with a factor of 125 (ppg_rf_hls/firmware/BDT.h:56:0)
INFO: [HLS 214-186] Unrolling loop 'Compare' (ppg_rf_hls/firmware/BDT.h:84:11) in function 'BDT::Tree<154, 125, 63, ap_fixed<16, 6, (ap_q_mode)5, (ap_o_mode)3, 0> [15], ap_fixed<16, 6, (ap_q_mode)5, (ap_o_mode)3, 0>, ap_fixed<16, 6, (ap_q_mode)5, (ap_o_mode)3, 0> >::decision_function<ap_fixed<16, 6, (ap_q_mode)5, (ap_o_mode)3, 0>, ap_fixed<16, 6, (ap_q_mode)5, (ap_o_mode)3, 0> >' completely with a factor of 125 (ppg_rf_hls/firmware/BDT.h:56:0)
INFO: [HLS 214-186] Unrolling loop 'VITIS_LOOP_119_1' (ppg_rf_hls/firmware/BDT.h:119:23) in function 'BDT::Tree<153, 135, 68, ap_fixed<16, 6, (ap_q_mode)5, (ap_o_mode)3, 0> [15], ap_fixed<16, 6, (ap_q_mode)5, (ap_o_mode)3, 0>, ap_fixed<16, 6, (ap_q_mode)5, (ap_o_mode)3, 0> >::decision_function<ap_fixed<16, 6, (ap_q_mode)5, (ap_o_mode)3, 0>, ap_fixed<16, 6, (ap_q_mode)5, (ap_o_mode)3, 0> >' completely with a factor of 68 (ppg_rf_hls/firmware/BDT.h:56:0)
INFO: [HLS 214-186] Unrolling loop 'Activate' (ppg_rf_hls/firmware/BDT.h:97:15) in function 'BDT::Tree<153, 135, 68, ap_fixed<16, 6, (ap_q_mode)5, (ap_o_mode)3, 0> [15], ap_fixed<16, 6, (ap_q_mode)5, (ap_o_mode)3, 0>, ap_fixed<16, 6, (ap_q_mode)5, (ap_o_mode)3, 0> >::decision_function<ap_fixed<16, 6, (ap_q_mode)5, (ap_o_mode)3, 0>, ap_fixed<16, 6, (ap_q_mode)5, (ap_o_mode)3, 0> >' completely with a factor of 135 (ppg_rf_hls/firmware/BDT.h:56:0)
INFO: [HLS 214-186] Unrolling loop 'Compare' (ppg_rf_hls/firmware/BDT.h:84:11) in function 'BDT::Tree<153, 135, 68, ap_fixed<16, 6, (ap_q_mode)5, (ap_o_mode)3, 0> [15], ap_fixed<16, 6, (ap_q_mode)5, (ap_o_mode)3, 0>, ap_fixed<16, 6, (ap_q_mode)5, (ap_o_mode)3, 0> >::decision_function<ap_fixed<16, 6, (ap_q_mode)5, (ap_o_mode)3, 0>, ap_fixed<16, 6, (ap_q_mode)5, (ap_o_mode)3, 0> >' completely with a factor of 135 (ppg_rf_hls/firmware/BDT.h:56:0)
INFO: [HLS 214-186] Unrolling loop 'VITIS_LOOP_119_1' (ppg_rf_hls/firmware/BDT.h:119:23) in function 'BDT::Tree<152, 107, 54, ap_fixed<16, 6, (ap_q_mode)5, (ap_o_mode)3, 0> [15], ap_fixed<16, 6, (ap_q_mode)5, (ap_o_mode)3, 0>, ap_fixed<16, 6, (ap_q_mode)5, (ap_o_mode)3, 0> >::decision_function<ap_fixed<16, 6, (ap_q_mode)5, (ap_o_mode)3, 0>, ap_fixed<16, 6, (ap_q_mode)5, (ap_o_mode)3, 0> >' completely with a factor of 54 (ppg_rf_hls/firmware/BDT.h:56:0)
INFO: [HLS 214-186] Unrolling loop 'Activate' (ppg_rf_hls/firmware/BDT.h:97:15) in function 'BDT::Tree<152, 107, 54, ap_fixed<16, 6, (ap_q_mode)5, (ap_o_mode)3, 0> [15], ap_fixed<16, 6, (ap_q_mode)5, (ap_o_mode)3, 0>, ap_fixed<16, 6, (ap_q_mode)5, (ap_o_mode)3, 0> >::decision_function<ap_fixed<16, 6, (ap_q_mode)5, (ap_o_mode)3, 0>, ap_fixed<16, 6, (ap_q_mode)5, (ap_o_mode)3, 0> >' completely with a factor of 107 (ppg_rf_hls/firmware/BDT.h:56:0)
INFO: [HLS 214-186] Unrolling loop 'Compare' (ppg_rf_hls/firmware/BDT.h:84:11) in function 'BDT::Tree<152, 107, 54, ap_fixed<16, 6, (ap_q_mode)5, (ap_o_mode)3, 0> [15], ap_fixed<16, 6, (ap_q_mode)5, (ap_o_mode)3, 0>, ap_fixed<16, 6, (ap_q_mode)5, (ap_o_mode)3, 0> >::decision_function<ap_fixed<16, 6, (ap_q_mode)5, (ap_o_mode)3, 0>, ap_fixed<16, 6, (ap_q_mode)5, (ap_o_mode)3, 0> >' completely with a factor of 107 (ppg_rf_hls/firmware/BDT.h:56:0)
INFO: [HLS 214-186] Unrolling loop 'VITIS_LOOP_119_1' (ppg_rf_hls/firmware/BDT.h:119:23) in function 'BDT::Tree<151, 127, 64, ap_fixed<16, 6, (ap_q_mode)5, (ap_o_mode)3, 0> [15], ap_fixed<16, 6, (ap_q_mode)5, (ap_o_mode)3, 0>, ap_fixed<16, 6, (ap_q_mode)5, (ap_o_mode)3, 0> >::decision_function<ap_fixed<16, 6, (ap_q_mode)5, (ap_o_mode)3, 0>, ap_fixed<16, 6, (ap_q_mode)5, (ap_o_mode)3, 0> >' completely with a factor of 64 (ppg_rf_hls/firmware/BDT.h:56:0)
INFO: [HLS 214-186] Unrolling loop 'Activate' (ppg_rf_hls/firmware/BDT.h:97:15) in function 'BDT::Tree<151, 127, 64, ap_fixed<16, 6, (ap_q_mode)5, (ap_o_mode)3, 0> [15], ap_fixed<16, 6, (ap_q_mode)5, (ap_o_mode)3, 0>, ap_fixed<16, 6, (ap_q_mode)5, (ap_o_mode)3, 0> >::decision_function<ap_fixed<16, 6, (ap_q_mode)5, (ap_o_mode)3, 0>, ap_fixed<16, 6, (ap_q_mode)5, (ap_o_mode)3, 0> >' completely with a factor of 127 (ppg_rf_hls/firmware/BDT.h:56:0)
INFO: [HLS 214-186] Unrolling loop 'Compare' (ppg_rf_hls/firmware/BDT.h:84:11) in function 'BDT::Tree<151, 127, 64, ap_fixed<16, 6, (ap_q_mode)5, (ap_o_mode)3, 0> [15], ap_fixed<16, 6, (ap_q_mode)5, (ap_o_mode)3, 0>, ap_fixed<16, 6, (ap_q_mode)5, (ap_o_mode)3, 0> >::decision_function<ap_fixed<16, 6, (ap_q_mode)5, (ap_o_mode)3, 0>, ap_fixed<16, 6, (ap_q_mode)5, (ap_o_mode)3, 0> >' completely with a factor of 127 (ppg_rf_hls/firmware/BDT.h:56:0)
INFO: [HLS 214-186] Unrolling loop 'VITIS_LOOP_119_1' (ppg_rf_hls/firmware/BDT.h:119:23) in function 'BDT::Tree<150, 121, 61, ap_fixed<16, 6, (ap_q_mode)5, (ap_o_mode)3, 0> [15], ap_fixed<16, 6, (ap_q_mode)5, (ap_o_mode)3, 0>, ap_fixed<16, 6, (ap_q_mode)5, (ap_o_mode)3, 0> >::decision_function<ap_fixed<16, 6, (ap_q_mode)5, (ap_o_mode)3, 0>, ap_fixed<16, 6, (ap_q_mode)5, (ap_o_mode)3, 0> >' completely with a factor of 61 (ppg_rf_hls/firmware/BDT.h:56:0)
INFO: [HLS 214-186] Unrolling loop 'Activate' (ppg_rf_hls/firmware/BDT.h:97:15) in function 'BDT::Tree<150, 121, 61, ap_fixed<16, 6, (ap_q_mode)5, (ap_o_mode)3, 0> [15], ap_fixed<16, 6, (ap_q_mode)5, (ap_o_mode)3, 0>, ap_fixed<16, 6, (ap_q_mode)5, (ap_o_mode)3, 0> >::decision_function<ap_fixed<16, 6, (ap_q_mode)5, (ap_o_mode)3, 0>, ap_fixed<16, 6, (ap_q_mode)5, (ap_o_mode)3, 0> >' completely with a factor of 121 (ppg_rf_hls/firmware/BDT.h:56:0)
INFO: [HLS 214-186] Unrolling loop 'Compare' (ppg_rf_hls/firmware/BDT.h:84:11) in function 'BDT::Tree<150, 121, 61, ap_fixed<16, 6, (ap_q_mode)5, (ap_o_mode)3, 0> [15], ap_fixed<16, 6, (ap_q_mode)5, (ap_o_mode)3, 0>, ap_fixed<16, 6, (ap_q_mode)5, (ap_o_mode)3, 0> >::decision_function<ap_fixed<16, 6, (ap_q_mode)5, (ap_o_mode)3, 0>, ap_fixed<16, 6, (ap_q_mode)5, (ap_o_mode)3, 0> >' completely with a factor of 121 (ppg_rf_hls/firmware/BDT.h:56:0)
INFO: [HLS 214-186] Unrolling loop 'VITIS_LOOP_119_1' (ppg_rf_hls/firmware/BDT.h:119:23) in function 'BDT::Tree<149, 113, 57, ap_fixed<16, 6, (ap_q_mode)5, (ap_o_mode)3, 0> [15], ap_fixed<16, 6, (ap_q_mode)5, (ap_o_mode)3, 0>, ap_fixed<16, 6, (ap_q_mode)5, (ap_o_mode)3, 0> >::decision_function<ap_fixed<16, 6, (ap_q_mode)5, (ap_o_mode)3, 0>, ap_fixed<16, 6, (ap_q_mode)5, (ap_o_mode)3, 0> >' completely with a factor of 57 (ppg_rf_hls/firmware/BDT.h:56:0)
INFO: [HLS 214-186] Unrolling loop 'Activate' (ppg_rf_hls/firmware/BDT.h:97:15) in function 'BDT::Tree<149, 113, 57, ap_fixed<16, 6, (ap_q_mode)5, (ap_o_mode)3, 0> [15], ap_fixed<16, 6, (ap_q_mode)5, (ap_o_mode)3, 0>, ap_fixed<16, 6, (ap_q_mode)5, (ap_o_mode)3, 0> >::decision_function<ap_fixed<16, 6, (ap_q_mode)5, (ap_o_mode)3, 0>, ap_fixed<16, 6, (ap_q_mode)5, (ap_o_mode)3, 0> >' completely with a factor of 113 (ppg_rf_hls/firmware/BDT.h:56:0)
INFO: [HLS 214-186] Unrolling loop 'Compare' (ppg_rf_hls/firmware/BDT.h:84:11) in function 'BDT::Tree<149, 113, 57, ap_fixed<16, 6, (ap_q_mode)5, (ap_o_mode)3, 0> [15], ap_fixed<16, 6, (ap_q_mode)5, (ap_o_mode)3, 0>, ap_fixed<16, 6, (ap_q_mode)5, (ap_o_mode)3, 0> >::decision_function<ap_fixed<16, 6, (ap_q_mode)5, (ap_o_mode)3, 0>, ap_fixed<16, 6, (ap_q_mode)5, (ap_o_mode)3, 0> >' completely with a factor of 113 (ppg_rf_hls/firmware/BDT.h:56:0)
INFO: [HLS 214-186] Unrolling loop 'VITIS_LOOP_119_1' (ppg_rf_hls/firmware/BDT.h:119:23) in function 'BDT::Tree<148, 127, 64, ap_fixed<16, 6, (ap_q_mode)5, (ap_o_mode)3, 0> [15], ap_fixed<16, 6, (ap_q_mode)5, (ap_o_mode)3, 0>, ap_fixed<16, 6, (ap_q_mode)5, (ap_o_mode)3, 0> >::decision_function<ap_fixed<16, 6, (ap_q_mode)5, (ap_o_mode)3, 0>, ap_fixed<16, 6, (ap_q_mode)5, (ap_o_mode)3, 0> >' completely with a factor of 64 (ppg_rf_hls/firmware/BDT.h:56:0)
INFO: [HLS 214-186] Unrolling loop 'Activate' (ppg_rf_hls/firmware/BDT.h:97:15) in function 'BDT::Tree<148, 127, 64, ap_fixed<16, 6, (ap_q_mode)5, (ap_o_mode)3, 0> [15], ap_fixed<16, 6, (ap_q_mode)5, (ap_o_mode)3, 0>, ap_fixed<16, 6, (ap_q_mode)5, (ap_o_mode)3, 0> >::decision_function<ap_fixed<16, 6, (ap_q_mode)5, (ap_o_mode)3, 0>, ap_fixed<16, 6, (ap_q_mode)5, (ap_o_mode)3, 0> >' completely with a factor of 127 (ppg_rf_hls/firmware/BDT.h:56:0)
INFO: [HLS 214-186] Unrolling loop 'Compare' (ppg_rf_hls/firmware/BDT.h:84:11) in function 'BDT::Tree<148, 127, 64, ap_fixed<16, 6, (ap_q_mode)5, (ap_o_mode)3, 0> [15], ap_fixed<16, 6, (ap_q_mode)5, (ap_o_mode)3, 0>, ap_fixed<16, 6, (ap_q_mode)5, (ap_o_mode)3, 0> >::decision_function<ap_fixed<16, 6, (ap_q_mode)5, (ap_o_mode)3, 0>, ap_fixed<16, 6, (ap_q_mode)5, (ap_o_mode)3, 0> >' completely with a factor of 127 (ppg_rf_hls/firmware/BDT.h:56:0)
INFO: [HLS 214-186] Unrolling loop 'VITIS_LOOP_119_1' (ppg_rf_hls/firmware/BDT.h:119:23) in function 'BDT::Tree<147, 135, 68, ap_fixed<16, 6, (ap_q_mode)5, (ap_o_mode)3, 0> [15], ap_fixed<16, 6, (ap_q_mode)5, (ap_o_mode)3, 0>, ap_fixed<16, 6, (ap_q_mode)5, (ap_o_mode)3, 0> >::decision_function<ap_fixed<16, 6, (ap_q_mode)5, (ap_o_mode)3, 0>, ap_fixed<16, 6, (ap_q_mode)5, (ap_o_mode)3, 0> >' completely with a factor of 68 (ppg_rf_hls/firmware/BDT.h:56:0)
INFO: [HLS 214-186] Unrolling loop 'Activate' (ppg_rf_hls/firmware/BDT.h:97:15) in function 'BDT::Tree<147, 135, 68, ap_fixed<16, 6, (ap_q_mode)5, (ap_o_mode)3, 0> [15], ap_fixed<16, 6, (ap_q_mode)5, (ap_o_mode)3, 0>, ap_fixed<16, 6, (ap_q_mode)5, (ap_o_mode)3, 0> >::decision_function<ap_fixed<16, 6, (ap_q_mode)5, (ap_o_mode)3, 0>, ap_fixed<16, 6, (ap_q_mode)5, (ap_o_mode)3, 0> >' completely with a factor of 135 (ppg_rf_hls/firmware/BDT.h:56:0)
INFO: [HLS 214-186] Unrolling loop 'Compare' (ppg_rf_hls/firmware/BDT.h:84:11) in function 'BDT::Tree<147, 135, 68, ap_fixed<16, 6, (ap_q_mode)5, (ap_o_mode)3, 0> [15], ap_fixed<16, 6, (ap_q_mode)5, (ap_o_mode)3, 0>, ap_fixed<16, 6, (ap_q_mode)5, (ap_o_mode)3, 0> >::decision_function<ap_fixed<16, 6, (ap_q_mode)5, (ap_o_mode)3, 0>, ap_fixed<16, 6, (ap_q_mode)5, (ap_o_mode)3, 0> >' completely with a factor of 135 (ppg_rf_hls/firmware/BDT.h:56:0)
INFO: [HLS 214-186] Unrolling loop 'VITIS_LOOP_119_1' (ppg_rf_hls/firmware/BDT.h:119:23) in function 'BDT::Tree<146, 121, 61, ap_fixed<16, 6, (ap_q_mode)5, (ap_o_mode)3, 0> [15], ap_fixed<16, 6, (ap_q_mode)5, (ap_o_mode)3, 0>, ap_fixed<16, 6, (ap_q_mode)5, (ap_o_mode)3, 0> >::decision_function<ap_fixed<16, 6, (ap_q_mode)5, (ap_o_mode)3, 0>, ap_fixed<16, 6, (ap_q_mode)5, (ap_o_mode)3, 0> >' completely with a factor of 61 (ppg_rf_hls/firmware/BDT.h:56:0)
INFO: [HLS 214-186] Unrolling loop 'Activate' (ppg_rf_hls/firmware/BDT.h:97:15) in function 'BDT::Tree<146, 121, 61, ap_fixed<16, 6, (ap_q_mode)5, (ap_o_mode)3, 0> [15], ap_fixed<16, 6, (ap_q_mode)5, (ap_o_mode)3, 0>, ap_fixed<16, 6, (ap_q_mode)5, (ap_o_mode)3, 0> >::decision_function<ap_fixed<16, 6, (ap_q_mode)5, (ap_o_mode)3, 0>, ap_fixed<16, 6, (ap_q_mode)5, (ap_o_mode)3, 0> >' completely with a factor of 121 (ppg_rf_hls/firmware/BDT.h:56:0)
INFO: [HLS 214-186] Unrolling loop 'Compare' (ppg_rf_hls/firmware/BDT.h:84:11) in function 'BDT::Tree<146, 121, 61, ap_fixed<16, 6, (ap_q_mode)5, (ap_o_mode)3, 0> [15], ap_fixed<16, 6, (ap_q_mode)5, (ap_o_mode)3, 0>, ap_fixed<16, 6, (ap_q_mode)5, (ap_o_mode)3, 0> >::decision_function<ap_fixed<16, 6, (ap_q_mode)5, (ap_o_mode)3, 0>, ap_fixed<16, 6, (ap_q_mode)5, (ap_o_mode)3, 0> >' completely with a factor of 121 (ppg_rf_hls/firmware/BDT.h:56:0)
INFO: [HLS 214-186] Unrolling loop 'VITIS_LOOP_119_1' (ppg_rf_hls/firmware/BDT.h:119:23) in function 'BDT::Tree<145, 135, 68, ap_fixed<16, 6, (ap_q_mode)5, (ap_o_mode)3, 0> [15], ap_fixed<16, 6, (ap_q_mode)5, (ap_o_mode)3, 0>, ap_fixed<16, 6, (ap_q_mode)5, (ap_o_mode)3, 0> >::decision_function<ap_fixed<16, 6, (ap_q_mode)5, (ap_o_mode)3, 0>, ap_fixed<16, 6, (ap_q_mode)5, (ap_o_mode)3, 0> >' completely with a factor of 68 (ppg_rf_hls/firmware/BDT.h:56:0)
INFO: [HLS 214-186] Unrolling loop 'Activate' (ppg_rf_hls/firmware/BDT.h:97:15) in function 'BDT::Tree<145, 135, 68, ap_fixed<16, 6, (ap_q_mode)5, (ap_o_mode)3, 0> [15], ap_fixed<16, 6, (ap_q_mode)5, (ap_o_mode)3, 0>, ap_fixed<16, 6, (ap_q_mode)5, (ap_o_mode)3, 0> >::decision_function<ap_fixed<16, 6, (ap_q_mode)5, (ap_o_mode)3, 0>, ap_fixed<16, 6, (ap_q_mode)5, (ap_o_mode)3, 0> >' completely with a factor of 135 (ppg_rf_hls/firmware/BDT.h:56:0)
INFO: [HLS 214-186] Unrolling loop 'Compare' (ppg_rf_hls/firmware/BDT.h:84:11) in function 'BDT::Tree<145, 135, 68, ap_fixed<16, 6, (ap_q_mode)5, (ap_o_mode)3, 0> [15], ap_fixed<16, 6, (ap_q_mode)5, (ap_o_mode)3, 0>, ap_fixed<16, 6, (ap_q_mode)5, (ap_o_mode)3, 0> >::decision_function<ap_fixed<16, 6, (ap_q_mode)5, (ap_o_mode)3, 0>, ap_fixed<16, 6, (ap_q_mode)5, (ap_o_mode)3, 0> >' completely with a factor of 135 (ppg_rf_hls/firmware/BDT.h:56:0)
INFO: [HLS 214-186] Unrolling loop 'VITIS_LOOP_119_1' (ppg_rf_hls/firmware/BDT.h:119:23) in function 'BDT::Tree<144, 131, 66, ap_fixed<16, 6, (ap_q_mode)5, (ap_o_mode)3, 0> [15], ap_fixed<16, 6, (ap_q_mode)5, (ap_o_mode)3, 0>, ap_fixed<16, 6, (ap_q_mode)5, (ap_o_mode)3, 0> >::decision_function<ap_fixed<16, 6, (ap_q_mode)5, (ap_o_mode)3, 0>, ap_fixed<16, 6, (ap_q_mode)5, (ap_o_mode)3, 0> >' completely with a factor of 66 (ppg_rf_hls/firmware/BDT.h:56:0)
INFO: [HLS 214-186] Unrolling loop 'Activate' (ppg_rf_hls/firmware/BDT.h:97:15) in function 'BDT::Tree<144, 131, 66, ap_fixed<16, 6, (ap_q_mode)5, (ap_o_mode)3, 0> [15], ap_fixed<16, 6, (ap_q_mode)5, (ap_o_mode)3, 0>, ap_fixed<16, 6, (ap_q_mode)5, (ap_o_mode)3, 0> >::decision_function<ap_fixed<16, 6, (ap_q_mode)5, (ap_o_mode)3, 0>, ap_fixed<16, 6, (ap_q_mode)5, (ap_o_mode)3, 0> >' completely with a factor of 131 (ppg_rf_hls/firmware/BDT.h:56:0)
INFO: [HLS 214-186] Unrolling loop 'Compare' (ppg_rf_hls/firmware/BDT.h:84:11) in function 'BDT::Tree<144, 131, 66, ap_fixed<16, 6, (ap_q_mode)5, (ap_o_mode)3, 0> [15], ap_fixed<16, 6, (ap_q_mode)5, (ap_o_mode)3, 0>, ap_fixed<16, 6, (ap_q_mode)5, (ap_o_mode)3, 0> >::decision_function<ap_fixed<16, 6, (ap_q_mode)5, (ap_o_mode)3, 0>, ap_fixed<16, 6, (ap_q_mode)5, (ap_o_mode)3, 0> >' completely with a factor of 131 (ppg_rf_hls/firmware/BDT.h:56:0)
INFO: [HLS 214-186] Unrolling loop 'VITIS_LOOP_119_1' (ppg_rf_hls/firmware/BDT.h:119:23) in function 'BDT::Tree<143, 127, 64, ap_fixed<16, 6, (ap_q_mode)5, (ap_o_mode)3, 0> [15], ap_fixed<16, 6, (ap_q_mode)5, (ap_o_mode)3, 0>, ap_fixed<16, 6, (ap_q_mode)5, (ap_o_mode)3, 0> >::decision_function<ap_fixed<16, 6, (ap_q_mode)5, (ap_o_mode)3, 0>, ap_fixed<16, 6, (ap_q_mode)5, (ap_o_mode)3, 0> >' completely with a factor of 64 (ppg_rf_hls/firmware/BDT.h:56:0)
INFO: [HLS 214-186] Unrolling loop 'Activate' (ppg_rf_hls/firmware/BDT.h:97:15) in function 'BDT::Tree<143, 127, 64, ap_fixed<16, 6, (ap_q_mode)5, (ap_o_mode)3, 0> [15], ap_fixed<16, 6, (ap_q_mode)5, (ap_o_mode)3, 0>, ap_fixed<16, 6, (ap_q_mode)5, (ap_o_mode)3, 0> >::decision_function<ap_fixed<16, 6, (ap_q_mode)5, (ap_o_mode)3, 0>, ap_fixed<16, 6, (ap_q_mode)5, (ap_o_mode)3, 0> >' completely with a factor of 127 (ppg_rf_hls/firmware/BDT.h:56:0)
INFO: [HLS 214-186] Unrolling loop 'Compare' (ppg_rf_hls/firmware/BDT.h:84:11) in function 'BDT::Tree<143, 127, 64, ap_fixed<16, 6, (ap_q_mode)5, (ap_o_mode)3, 0> [15], ap_fixed<16, 6, (ap_q_mode)5, (ap_o_mode)3, 0>, ap_fixed<16, 6, (ap_q_mode)5, (ap_o_mode)3, 0> >::decision_function<ap_fixed<16, 6, (ap_q_mode)5, (ap_o_mode)3, 0>, ap_fixed<16, 6, (ap_q_mode)5, (ap_o_mode)3, 0> >' completely with a factor of 127 (ppg_rf_hls/firmware/BDT.h:56:0)
INFO: [HLS 214-186] Unrolling loop 'VITIS_LOOP_119_1' (ppg_rf_hls/firmware/BDT.h:119:23) in function 'BDT::Tree<142, 103, 52, ap_fixed<16, 6, (ap_q_mode)5, (ap_o_mode)3, 0> [15], ap_fixed<16, 6, (ap_q_mode)5, (ap_o_mode)3, 0>, ap_fixed<16, 6, (ap_q_mode)5, (ap_o_mode)3, 0> >::decision_function<ap_fixed<16, 6, (ap_q_mode)5, (ap_o_mode)3, 0>, ap_fixed<16, 6, (ap_q_mode)5, (ap_o_mode)3, 0> >' completely with a factor of 52 (ppg_rf_hls/firmware/BDT.h:56:0)
INFO: [HLS 214-186] Unrolling loop 'Activate' (ppg_rf_hls/firmware/BDT.h:97:15) in function 'BDT::Tree<142, 103, 52, ap_fixed<16, 6, (ap_q_mode)5, (ap_o_mode)3, 0> [15], ap_fixed<16, 6, (ap_q_mode)5, (ap_o_mode)3, 0>, ap_fixed<16, 6, (ap_q_mode)5, (ap_o_mode)3, 0> >::decision_function<ap_fixed<16, 6, (ap_q_mode)5, (ap_o_mode)3, 0>, ap_fixed<16, 6, (ap_q_mode)5, (ap_o_mode)3, 0> >' completely with a factor of 103 (ppg_rf_hls/firmware/BDT.h:56:0)
INFO: [HLS 214-186] Unrolling loop 'Compare' (ppg_rf_hls/firmware/BDT.h:84:11) in function 'BDT::Tree<142, 103, 52, ap_fixed<16, 6, (ap_q_mode)5, (ap_o_mode)3, 0> [15], ap_fixed<16, 6, (ap_q_mode)5, (ap_o_mode)3, 0>, ap_fixed<16, 6, (ap_q_mode)5, (ap_o_mode)3, 0> >::decision_function<ap_fixed<16, 6, (ap_q_mode)5, (ap_o_mode)3, 0>, ap_fixed<16, 6, (ap_q_mode)5, (ap_o_mode)3, 0> >' completely with a factor of 103 (ppg_rf_hls/firmware/BDT.h:56:0)
INFO: [HLS 214-186] Unrolling loop 'VITIS_LOOP_119_1' (ppg_rf_hls/firmware/BDT.h:119:23) in function 'BDT::Tree<141, 121, 61, ap_fixed<16, 6, (ap_q_mode)5, (ap_o_mode)3, 0> [15], ap_fixed<16, 6, (ap_q_mode)5, (ap_o_mode)3, 0>, ap_fixed<16, 6, (ap_q_mode)5, (ap_o_mode)3, 0> >::decision_function<ap_fixed<16, 6, (ap_q_mode)5, (ap_o_mode)3, 0>, ap_fixed<16, 6, (ap_q_mode)5, (ap_o_mode)3, 0> >' completely with a factor of 61 (ppg_rf_hls/firmware/BDT.h:56:0)
INFO: [HLS 214-186] Unrolling loop 'Activate' (ppg_rf_hls/firmware/BDT.h:97:15) in function 'BDT::Tree<141, 121, 61, ap_fixed<16, 6, (ap_q_mode)5, (ap_o_mode)3, 0> [15], ap_fixed<16, 6, (ap_q_mode)5, (ap_o_mode)3, 0>, ap_fixed<16, 6, (ap_q_mode)5, (ap_o_mode)3, 0> >::decision_function<ap_fixed<16, 6, (ap_q_mode)5, (ap_o_mode)3, 0>, ap_fixed<16, 6, (ap_q_mode)5, (ap_o_mode)3, 0> >' completely with a factor of 121 (ppg_rf_hls/firmware/BDT.h:56:0)
INFO: [HLS 214-186] Unrolling loop 'Compare' (ppg_rf_hls/firmware/BDT.h:84:11) in function 'BDT::Tree<141, 121, 61, ap_fixed<16, 6, (ap_q_mode)5, (ap_o_mode)3, 0> [15], ap_fixed<16, 6, (ap_q_mode)5, (ap_o_mode)3, 0>, ap_fixed<16, 6, (ap_q_mode)5, (ap_o_mode)3, 0> >::decision_function<ap_fixed<16, 6, (ap_q_mode)5, (ap_o_mode)3, 0>, ap_fixed<16, 6, (ap_q_mode)5, (ap_o_mode)3, 0> >' completely with a factor of 121 (ppg_rf_hls/firmware/BDT.h:56:0)
INFO: [HLS 214-186] Unrolling loop 'VITIS_LOOP_119_1' (ppg_rf_hls/firmware/BDT.h:119:23) in function 'BDT::Tree<140, 123, 62, ap_fixed<16, 6, (ap_q_mode)5, (ap_o_mode)3, 0> [15], ap_fixed<16, 6, (ap_q_mode)5, (ap_o_mode)3, 0>, ap_fixed<16, 6, (ap_q_mode)5, (ap_o_mode)3, 0> >::decision_function<ap_fixed<16, 6, (ap_q_mode)5, (ap_o_mode)3, 0>, ap_fixed<16, 6, (ap_q_mode)5, (ap_o_mode)3, 0> >' completely with a factor of 62 (ppg_rf_hls/firmware/BDT.h:56:0)
INFO: [HLS 214-186] Unrolling loop 'Activate' (ppg_rf_hls/firmware/BDT.h:97:15) in function 'BDT::Tree<140, 123, 62, ap_fixed<16, 6, (ap_q_mode)5, (ap_o_mode)3, 0> [15], ap_fixed<16, 6, (ap_q_mode)5, (ap_o_mode)3, 0>, ap_fixed<16, 6, (ap_q_mode)5, (ap_o_mode)3, 0> >::decision_function<ap_fixed<16, 6, (ap_q_mode)5, (ap_o_mode)3, 0>, ap_fixed<16, 6, (ap_q_mode)5, (ap_o_mode)3, 0> >' completely with a factor of 123 (ppg_rf_hls/firmware/BDT.h:56:0)
INFO: [HLS 214-186] Unrolling loop 'Compare' (ppg_rf_hls/firmware/BDT.h:84:11) in function 'BDT::Tree<140, 123, 62, ap_fixed<16, 6, (ap_q_mode)5, (ap_o_mode)3, 0> [15], ap_fixed<16, 6, (ap_q_mode)5, (ap_o_mode)3, 0>, ap_fixed<16, 6, (ap_q_mode)5, (ap_o_mode)3, 0> >::decision_function<ap_fixed<16, 6, (ap_q_mode)5, (ap_o_mode)3, 0>, ap_fixed<16, 6, (ap_q_mode)5, (ap_o_mode)3, 0> >' completely with a factor of 123 (ppg_rf_hls/firmware/BDT.h:56:0)
INFO: [HLS 214-186] Unrolling loop 'VITIS_LOOP_119_1' (ppg_rf_hls/firmware/BDT.h:119:23) in function 'BDT::Tree<139, 111, 56, ap_fixed<16, 6, (ap_q_mode)5, (ap_o_mode)3, 0> [15], ap_fixed<16, 6, (ap_q_mode)5, (ap_o_mode)3, 0>, ap_fixed<16, 6, (ap_q_mode)5, (ap_o_mode)3, 0> >::decision_function<ap_fixed<16, 6, (ap_q_mode)5, (ap_o_mode)3, 0>, ap_fixed<16, 6, (ap_q_mode)5, (ap_o_mode)3, 0> >' completely with a factor of 56 (ppg_rf_hls/firmware/BDT.h:56:0)
INFO: [HLS 214-186] Unrolling loop 'Activate' (ppg_rf_hls/firmware/BDT.h:97:15) in function 'BDT::Tree<139, 111, 56, ap_fixed<16, 6, (ap_q_mode)5, (ap_o_mode)3, 0> [15], ap_fixed<16, 6, (ap_q_mode)5, (ap_o_mode)3, 0>, ap_fixed<16, 6, (ap_q_mode)5, (ap_o_mode)3, 0> >::decision_function<ap_fixed<16, 6, (ap_q_mode)5, (ap_o_mode)3, 0>, ap_fixed<16, 6, (ap_q_mode)5, (ap_o_mode)3, 0> >' completely with a factor of 111 (ppg_rf_hls/firmware/BDT.h:56:0)
INFO: [HLS 214-186] Unrolling loop 'Compare' (ppg_rf_hls/firmware/BDT.h:84:11) in function 'BDT::Tree<139, 111, 56, ap_fixed<16, 6, (ap_q_mode)5, (ap_o_mode)3, 0> [15], ap_fixed<16, 6, (ap_q_mode)5, (ap_o_mode)3, 0>, ap_fixed<16, 6, (ap_q_mode)5, (ap_o_mode)3, 0> >::decision_function<ap_fixed<16, 6, (ap_q_mode)5, (ap_o_mode)3, 0>, ap_fixed<16, 6, (ap_q_mode)5, (ap_o_mode)3, 0> >' completely with a factor of 111 (ppg_rf_hls/firmware/BDT.h:56:0)
INFO: [HLS 214-186] Unrolling loop 'VITIS_LOOP_119_1' (ppg_rf_hls/firmware/BDT.h:119:23) in function 'BDT::Tree<138, 121, 61, ap_fixed<16, 6, (ap_q_mode)5, (ap_o_mode)3, 0> [15], ap_fixed<16, 6, (ap_q_mode)5, (ap_o_mode)3, 0>, ap_fixed<16, 6, (ap_q_mode)5, (ap_o_mode)3, 0> >::decision_function<ap_fixed<16, 6, (ap_q_mode)5, (ap_o_mode)3, 0>, ap_fixed<16, 6, (ap_q_mode)5, (ap_o_mode)3, 0> >' completely with a factor of 61 (ppg_rf_hls/firmware/BDT.h:56:0)
INFO: [HLS 214-186] Unrolling loop 'Activate' (ppg_rf_hls/firmware/BDT.h:97:15) in function 'BDT::Tree<138, 121, 61, ap_fixed<16, 6, (ap_q_mode)5, (ap_o_mode)3, 0> [15], ap_fixed<16, 6, (ap_q_mode)5, (ap_o_mode)3, 0>, ap_fixed<16, 6, (ap_q_mode)5, (ap_o_mode)3, 0> >::decision_function<ap_fixed<16, 6, (ap_q_mode)5, (ap_o_mode)3, 0>, ap_fixed<16, 6, (ap_q_mode)5, (ap_o_mode)3, 0> >' completely with a factor of 121 (ppg_rf_hls/firmware/BDT.h:56:0)
INFO: [HLS 214-186] Unrolling loop 'Compare' (ppg_rf_hls/firmware/BDT.h:84:11) in function 'BDT::Tree<138, 121, 61, ap_fixed<16, 6, (ap_q_mode)5, (ap_o_mode)3, 0> [15], ap_fixed<16, 6, (ap_q_mode)5, (ap_o_mode)3, 0>, ap_fixed<16, 6, (ap_q_mode)5, (ap_o_mode)3, 0> >::decision_function<ap_fixed<16, 6, (ap_q_mode)5, (ap_o_mode)3, 0>, ap_fixed<16, 6, (ap_q_mode)5, (ap_o_mode)3, 0> >' completely with a factor of 121 (ppg_rf_hls/firmware/BDT.h:56:0)
INFO: [HLS 214-186] Unrolling loop 'VITIS_LOOP_119_1' (ppg_rf_hls/firmware/BDT.h:119:23) in function 'BDT::Tree<137, 127, 64, ap_fixed<16, 6, (ap_q_mode)5, (ap_o_mode)3, 0> [15], ap_fixed<16, 6, (ap_q_mode)5, (ap_o_mode)3, 0>, ap_fixed<16, 6, (ap_q_mode)5, (ap_o_mode)3, 0> >::decision_function<ap_fixed<16, 6, (ap_q_mode)5, (ap_o_mode)3, 0>, ap_fixed<16, 6, (ap_q_mode)5, (ap_o_mode)3, 0> >' completely with a factor of 64 (ppg_rf_hls/firmware/BDT.h:56:0)
INFO: [HLS 214-186] Unrolling loop 'Activate' (ppg_rf_hls/firmware/BDT.h:97:15) in function 'BDT::Tree<137, 127, 64, ap_fixed<16, 6, (ap_q_mode)5, (ap_o_mode)3, 0> [15], ap_fixed<16, 6, (ap_q_mode)5, (ap_o_mode)3, 0>, ap_fixed<16, 6, (ap_q_mode)5, (ap_o_mode)3, 0> >::decision_function<ap_fixed<16, 6, (ap_q_mode)5, (ap_o_mode)3, 0>, ap_fixed<16, 6, (ap_q_mode)5, (ap_o_mode)3, 0> >' completely with a factor of 127 (ppg_rf_hls/firmware/BDT.h:56:0)
INFO: [HLS 214-186] Unrolling loop 'Compare' (ppg_rf_hls/firmware/BDT.h:84:11) in function 'BDT::Tree<137, 127, 64, ap_fixed<16, 6, (ap_q_mode)5, (ap_o_mode)3, 0> [15], ap_fixed<16, 6, (ap_q_mode)5, (ap_o_mode)3, 0>, ap_fixed<16, 6, (ap_q_mode)5, (ap_o_mode)3, 0> >::decision_function<ap_fixed<16, 6, (ap_q_mode)5, (ap_o_mode)3, 0>, ap_fixed<16, 6, (ap_q_mode)5, (ap_o_mode)3, 0> >' completely with a factor of 127 (ppg_rf_hls/firmware/BDT.h:56:0)
INFO: [HLS 214-186] Unrolling loop 'VITIS_LOOP_119_1' (ppg_rf_hls/firmware/BDT.h:119:23) in function 'BDT::Tree<136, 115, 58, ap_fixed<16, 6, (ap_q_mode)5, (ap_o_mode)3, 0> [15], ap_fixed<16, 6, (ap_q_mode)5, (ap_o_mode)3, 0>, ap_fixed<16, 6, (ap_q_mode)5, (ap_o_mode)3, 0> >::decision_function<ap_fixed<16, 6, (ap_q_mode)5, (ap_o_mode)3, 0>, ap_fixed<16, 6, (ap_q_mode)5, (ap_o_mode)3, 0> >' completely with a factor of 58 (ppg_rf_hls/firmware/BDT.h:56:0)
INFO: [HLS 214-186] Unrolling loop 'Activate' (ppg_rf_hls/firmware/BDT.h:97:15) in function 'BDT::Tree<136, 115, 58, ap_fixed<16, 6, (ap_q_mode)5, (ap_o_mode)3, 0> [15], ap_fixed<16, 6, (ap_q_mode)5, (ap_o_mode)3, 0>, ap_fixed<16, 6, (ap_q_mode)5, (ap_o_mode)3, 0> >::decision_function<ap_fixed<16, 6, (ap_q_mode)5, (ap_o_mode)3, 0>, ap_fixed<16, 6, (ap_q_mode)5, (ap_o_mode)3, 0> >' completely with a factor of 115 (ppg_rf_hls/firmware/BDT.h:56:0)
INFO: [HLS 214-186] Unrolling loop 'Compare' (ppg_rf_hls/firmware/BDT.h:84:11) in function 'BDT::Tree<136, 115, 58, ap_fixed<16, 6, (ap_q_mode)5, (ap_o_mode)3, 0> [15], ap_fixed<16, 6, (ap_q_mode)5, (ap_o_mode)3, 0>, ap_fixed<16, 6, (ap_q_mode)5, (ap_o_mode)3, 0> >::decision_function<ap_fixed<16, 6, (ap_q_mode)5, (ap_o_mode)3, 0>, ap_fixed<16, 6, (ap_q_mode)5, (ap_o_mode)3, 0> >' completely with a factor of 115 (ppg_rf_hls/firmware/BDT.h:56:0)
INFO: [HLS 214-186] Unrolling loop 'VITIS_LOOP_119_1' (ppg_rf_hls/firmware/BDT.h:119:23) in function 'BDT::Tree<135, 143, 72, ap_fixed<16, 6, (ap_q_mode)5, (ap_o_mode)3, 0> [15], ap_fixed<16, 6, (ap_q_mode)5, (ap_o_mode)3, 0>, ap_fixed<16, 6, (ap_q_mode)5, (ap_o_mode)3, 0> >::decision_function<ap_fixed<16, 6, (ap_q_mode)5, (ap_o_mode)3, 0>, ap_fixed<16, 6, (ap_q_mode)5, (ap_o_mode)3, 0> >' completely with a factor of 72 (ppg_rf_hls/firmware/BDT.h:56:0)
INFO: [HLS 214-186] Unrolling loop 'Activate' (ppg_rf_hls/firmware/BDT.h:97:15) in function 'BDT::Tree<135, 143, 72, ap_fixed<16, 6, (ap_q_mode)5, (ap_o_mode)3, 0> [15], ap_fixed<16, 6, (ap_q_mode)5, (ap_o_mode)3, 0>, ap_fixed<16, 6, (ap_q_mode)5, (ap_o_mode)3, 0> >::decision_function<ap_fixed<16, 6, (ap_q_mode)5, (ap_o_mode)3, 0>, ap_fixed<16, 6, (ap_q_mode)5, (ap_o_mode)3, 0> >' completely with a factor of 143 (ppg_rf_hls/firmware/BDT.h:56:0)
INFO: [HLS 214-186] Unrolling loop 'Compare' (ppg_rf_hls/firmware/BDT.h:84:11) in function 'BDT::Tree<135, 143, 72, ap_fixed<16, 6, (ap_q_mode)5, (ap_o_mode)3, 0> [15], ap_fixed<16, 6, (ap_q_mode)5, (ap_o_mode)3, 0>, ap_fixed<16, 6, (ap_q_mode)5, (ap_o_mode)3, 0> >::decision_function<ap_fixed<16, 6, (ap_q_mode)5, (ap_o_mode)3, 0>, ap_fixed<16, 6, (ap_q_mode)5, (ap_o_mode)3, 0> >' completely with a factor of 143 (ppg_rf_hls/firmware/BDT.h:56:0)
INFO: [HLS 214-186] Unrolling loop 'VITIS_LOOP_119_1' (ppg_rf_hls/firmware/BDT.h:119:23) in function 'BDT::Tree<134, 105, 53, ap_fixed<16, 6, (ap_q_mode)5, (ap_o_mode)3, 0> [15], ap_fixed<16, 6, (ap_q_mode)5, (ap_o_mode)3, 0>, ap_fixed<16, 6, (ap_q_mode)5, (ap_o_mode)3, 0> >::decision_function<ap_fixed<16, 6, (ap_q_mode)5, (ap_o_mode)3, 0>, ap_fixed<16, 6, (ap_q_mode)5, (ap_o_mode)3, 0> >' completely with a factor of 53 (ppg_rf_hls/firmware/BDT.h:56:0)
INFO: [HLS 214-186] Unrolling loop 'Activate' (ppg_rf_hls/firmware/BDT.h:97:15) in function 'BDT::Tree<134, 105, 53, ap_fixed<16, 6, (ap_q_mode)5, (ap_o_mode)3, 0> [15], ap_fixed<16, 6, (ap_q_mode)5, (ap_o_mode)3, 0>, ap_fixed<16, 6, (ap_q_mode)5, (ap_o_mode)3, 0> >::decision_function<ap_fixed<16, 6, (ap_q_mode)5, (ap_o_mode)3, 0>, ap_fixed<16, 6, (ap_q_mode)5, (ap_o_mode)3, 0> >' completely with a factor of 105 (ppg_rf_hls/firmware/BDT.h:56:0)
INFO: [HLS 214-186] Unrolling loop 'Compare' (ppg_rf_hls/firmware/BDT.h:84:11) in function 'BDT::Tree<134, 105, 53, ap_fixed<16, 6, (ap_q_mode)5, (ap_o_mode)3, 0> [15], ap_fixed<16, 6, (ap_q_mode)5, (ap_o_mode)3, 0>, ap_fixed<16, 6, (ap_q_mode)5, (ap_o_mode)3, 0> >::decision_function<ap_fixed<16, 6, (ap_q_mode)5, (ap_o_mode)3, 0>, ap_fixed<16, 6, (ap_q_mode)5, (ap_o_mode)3, 0> >' completely with a factor of 105 (ppg_rf_hls/firmware/BDT.h:56:0)
INFO: [HLS 214-186] Unrolling loop 'VITIS_LOOP_119_1' (ppg_rf_hls/firmware/BDT.h:119:23) in function 'BDT::Tree<133, 105, 53, ap_fixed<16, 6, (ap_q_mode)5, (ap_o_mode)3, 0> [15], ap_fixed<16, 6, (ap_q_mode)5, (ap_o_mode)3, 0>, ap_fixed<16, 6, (ap_q_mode)5, (ap_o_mode)3, 0> >::decision_function<ap_fixed<16, 6, (ap_q_mode)5, (ap_o_mode)3, 0>, ap_fixed<16, 6, (ap_q_mode)5, (ap_o_mode)3, 0> >' completely with a factor of 53 (ppg_rf_hls/firmware/BDT.h:56:0)
INFO: [HLS 214-186] Unrolling loop 'Activate' (ppg_rf_hls/firmware/BDT.h:97:15) in function 'BDT::Tree<133, 105, 53, ap_fixed<16, 6, (ap_q_mode)5, (ap_o_mode)3, 0> [15], ap_fixed<16, 6, (ap_q_mode)5, (ap_o_mode)3, 0>, ap_fixed<16, 6, (ap_q_mode)5, (ap_o_mode)3, 0> >::decision_function<ap_fixed<16, 6, (ap_q_mode)5, (ap_o_mode)3, 0>, ap_fixed<16, 6, (ap_q_mode)5, (ap_o_mode)3, 0> >' completely with a factor of 105 (ppg_rf_hls/firmware/BDT.h:56:0)
INFO: [HLS 214-186] Unrolling loop 'Compare' (ppg_rf_hls/firmware/BDT.h:84:11) in function 'BDT::Tree<133, 105, 53, ap_fixed<16, 6, (ap_q_mode)5, (ap_o_mode)3, 0> [15], ap_fixed<16, 6, (ap_q_mode)5, (ap_o_mode)3, 0>, ap_fixed<16, 6, (ap_q_mode)5, (ap_o_mode)3, 0> >::decision_function<ap_fixed<16, 6, (ap_q_mode)5, (ap_o_mode)3, 0>, ap_fixed<16, 6, (ap_q_mode)5, (ap_o_mode)3, 0> >' completely with a factor of 105 (ppg_rf_hls/firmware/BDT.h:56:0)
INFO: [HLS 214-186] Unrolling loop 'VITIS_LOOP_119_1' (ppg_rf_hls/firmware/BDT.h:119:23) in function 'BDT::Tree<132, 129, 65, ap_fixed<16, 6, (ap_q_mode)5, (ap_o_mode)3, 0> [15], ap_fixed<16, 6, (ap_q_mode)5, (ap_o_mode)3, 0>, ap_fixed<16, 6, (ap_q_mode)5, (ap_o_mode)3, 0> >::decision_function<ap_fixed<16, 6, (ap_q_mode)5, (ap_o_mode)3, 0>, ap_fixed<16, 6, (ap_q_mode)5, (ap_o_mode)3, 0> >' completely with a factor of 65 (ppg_rf_hls/firmware/BDT.h:56:0)
INFO: [HLS 214-186] Unrolling loop 'Activate' (ppg_rf_hls/firmware/BDT.h:97:15) in function 'BDT::Tree<132, 129, 65, ap_fixed<16, 6, (ap_q_mode)5, (ap_o_mode)3, 0> [15], ap_fixed<16, 6, (ap_q_mode)5, (ap_o_mode)3, 0>, ap_fixed<16, 6, (ap_q_mode)5, (ap_o_mode)3, 0> >::decision_function<ap_fixed<16, 6, (ap_q_mode)5, (ap_o_mode)3, 0>, ap_fixed<16, 6, (ap_q_mode)5, (ap_o_mode)3, 0> >' completely with a factor of 129 (ppg_rf_hls/firmware/BDT.h:56:0)
INFO: [HLS 214-186] Unrolling loop 'Compare' (ppg_rf_hls/firmware/BDT.h:84:11) in function 'BDT::Tree<132, 129, 65, ap_fixed<16, 6, (ap_q_mode)5, (ap_o_mode)3, 0> [15], ap_fixed<16, 6, (ap_q_mode)5, (ap_o_mode)3, 0>, ap_fixed<16, 6, (ap_q_mode)5, (ap_o_mode)3, 0> >::decision_function<ap_fixed<16, 6, (ap_q_mode)5, (ap_o_mode)3, 0>, ap_fixed<16, 6, (ap_q_mode)5, (ap_o_mode)3, 0> >' completely with a factor of 129 (ppg_rf_hls/firmware/BDT.h:56:0)
INFO: [HLS 214-186] Unrolling loop 'VITIS_LOOP_119_1' (ppg_rf_hls/firmware/BDT.h:119:23) in function 'BDT::Tree<131, 145, 73, ap_fixed<16, 6, (ap_q_mode)5, (ap_o_mode)3, 0> [15], ap_fixed<16, 6, (ap_q_mode)5, (ap_o_mode)3, 0>, ap_fixed<16, 6, (ap_q_mode)5, (ap_o_mode)3, 0> >::decision_function<ap_fixed<16, 6, (ap_q_mode)5, (ap_o_mode)3, 0>, ap_fixed<16, 6, (ap_q_mode)5, (ap_o_mode)3, 0> >' completely with a factor of 73 (ppg_rf_hls/firmware/BDT.h:56:0)
INFO: [HLS 214-186] Unrolling loop 'Activate' (ppg_rf_hls/firmware/BDT.h:97:15) in function 'BDT::Tree<131, 145, 73, ap_fixed<16, 6, (ap_q_mode)5, (ap_o_mode)3, 0> [15], ap_fixed<16, 6, (ap_q_mode)5, (ap_o_mode)3, 0>, ap_fixed<16, 6, (ap_q_mode)5, (ap_o_mode)3, 0> >::decision_function<ap_fixed<16, 6, (ap_q_mode)5, (ap_o_mode)3, 0>, ap_fixed<16, 6, (ap_q_mode)5, (ap_o_mode)3, 0> >' completely with a factor of 145 (ppg_rf_hls/firmware/BDT.h:56:0)
INFO: [HLS 214-186] Unrolling loop 'Compare' (ppg_rf_hls/firmware/BDT.h:84:11) in function 'BDT::Tree<131, 145, 73, ap_fixed<16, 6, (ap_q_mode)5, (ap_o_mode)3, 0> [15], ap_fixed<16, 6, (ap_q_mode)5, (ap_o_mode)3, 0>, ap_fixed<16, 6, (ap_q_mode)5, (ap_o_mode)3, 0> >::decision_function<ap_fixed<16, 6, (ap_q_mode)5, (ap_o_mode)3, 0>, ap_fixed<16, 6, (ap_q_mode)5, (ap_o_mode)3, 0> >' completely with a factor of 145 (ppg_rf_hls/firmware/BDT.h:56:0)
INFO: [HLS 214-186] Unrolling loop 'VITIS_LOOP_119_1' (ppg_rf_hls/firmware/BDT.h:119:23) in function 'BDT::Tree<130, 117, 59, ap_fixed<16, 6, (ap_q_mode)5, (ap_o_mode)3, 0> [15], ap_fixed<16, 6, (ap_q_mode)5, (ap_o_mode)3, 0>, ap_fixed<16, 6, (ap_q_mode)5, (ap_o_mode)3, 0> >::decision_function<ap_fixed<16, 6, (ap_q_mode)5, (ap_o_mode)3, 0>, ap_fixed<16, 6, (ap_q_mode)5, (ap_o_mode)3, 0> >' completely with a factor of 59 (ppg_rf_hls/firmware/BDT.h:56:0)
INFO: [HLS 214-186] Unrolling loop 'Activate' (ppg_rf_hls/firmware/BDT.h:97:15) in function 'BDT::Tree<130, 117, 59, ap_fixed<16, 6, (ap_q_mode)5, (ap_o_mode)3, 0> [15], ap_fixed<16, 6, (ap_q_mode)5, (ap_o_mode)3, 0>, ap_fixed<16, 6, (ap_q_mode)5, (ap_o_mode)3, 0> >::decision_function<ap_fixed<16, 6, (ap_q_mode)5, (ap_o_mode)3, 0>, ap_fixed<16, 6, (ap_q_mode)5, (ap_o_mode)3, 0> >' completely with a factor of 117 (ppg_rf_hls/firmware/BDT.h:56:0)
INFO: [HLS 214-186] Unrolling loop 'Compare' (ppg_rf_hls/firmware/BDT.h:84:11) in function 'BDT::Tree<130, 117, 59, ap_fixed<16, 6, (ap_q_mode)5, (ap_o_mode)3, 0> [15], ap_fixed<16, 6, (ap_q_mode)5, (ap_o_mode)3, 0>, ap_fixed<16, 6, (ap_q_mode)5, (ap_o_mode)3, 0> >::decision_function<ap_fixed<16, 6, (ap_q_mode)5, (ap_o_mode)3, 0>, ap_fixed<16, 6, (ap_q_mode)5, (ap_o_mode)3, 0> >' completely with a factor of 117 (ppg_rf_hls/firmware/BDT.h:56:0)
INFO: [HLS 214-186] Unrolling loop 'VITIS_LOOP_119_1' (ppg_rf_hls/firmware/BDT.h:119:23) in function 'BDT::Tree<129, 123, 62, ap_fixed<16, 6, (ap_q_mode)5, (ap_o_mode)3, 0> [15], ap_fixed<16, 6, (ap_q_mode)5, (ap_o_mode)3, 0>, ap_fixed<16, 6, (ap_q_mode)5, (ap_o_mode)3, 0> >::decision_function<ap_fixed<16, 6, (ap_q_mode)5, (ap_o_mode)3, 0>, ap_fixed<16, 6, (ap_q_mode)5, (ap_o_mode)3, 0> >' completely with a factor of 62 (ppg_rf_hls/firmware/BDT.h:56:0)
INFO: [HLS 214-186] Unrolling loop 'Activate' (ppg_rf_hls/firmware/BDT.h:97:15) in function 'BDT::Tree<129, 123, 62, ap_fixed<16, 6, (ap_q_mode)5, (ap_o_mode)3, 0> [15], ap_fixed<16, 6, (ap_q_mode)5, (ap_o_mode)3, 0>, ap_fixed<16, 6, (ap_q_mode)5, (ap_o_mode)3, 0> >::decision_function<ap_fixed<16, 6, (ap_q_mode)5, (ap_o_mode)3, 0>, ap_fixed<16, 6, (ap_q_mode)5, (ap_o_mode)3, 0> >' completely with a factor of 123 (ppg_rf_hls/firmware/BDT.h:56:0)
INFO: [HLS 214-186] Unrolling loop 'Compare' (ppg_rf_hls/firmware/BDT.h:84:11) in function 'BDT::Tree<129, 123, 62, ap_fixed<16, 6, (ap_q_mode)5, (ap_o_mode)3, 0> [15], ap_fixed<16, 6, (ap_q_mode)5, (ap_o_mode)3, 0>, ap_fixed<16, 6, (ap_q_mode)5, (ap_o_mode)3, 0> >::decision_function<ap_fixed<16, 6, (ap_q_mode)5, (ap_o_mode)3, 0>, ap_fixed<16, 6, (ap_q_mode)5, (ap_o_mode)3, 0> >' completely with a factor of 123 (ppg_rf_hls/firmware/BDT.h:56:0)
INFO: [HLS 214-186] Unrolling loop 'VITIS_LOOP_119_1' (ppg_rf_hls/firmware/BDT.h:119:23) in function 'BDT::Tree<128, 109, 55, ap_fixed<16, 6, (ap_q_mode)5, (ap_o_mode)3, 0> [15], ap_fixed<16, 6, (ap_q_mode)5, (ap_o_mode)3, 0>, ap_fixed<16, 6, (ap_q_mode)5, (ap_o_mode)3, 0> >::decision_function<ap_fixed<16, 6, (ap_q_mode)5, (ap_o_mode)3, 0>, ap_fixed<16, 6, (ap_q_mode)5, (ap_o_mode)3, 0> >' completely with a factor of 55 (ppg_rf_hls/firmware/BDT.h:56:0)
INFO: [HLS 214-186] Unrolling loop 'Activate' (ppg_rf_hls/firmware/BDT.h:97:15) in function 'BDT::Tree<128, 109, 55, ap_fixed<16, 6, (ap_q_mode)5, (ap_o_mode)3, 0> [15], ap_fixed<16, 6, (ap_q_mode)5, (ap_o_mode)3, 0>, ap_fixed<16, 6, (ap_q_mode)5, (ap_o_mode)3, 0> >::decision_function<ap_fixed<16, 6, (ap_q_mode)5, (ap_o_mode)3, 0>, ap_fixed<16, 6, (ap_q_mode)5, (ap_o_mode)3, 0> >' completely with a factor of 109 (ppg_rf_hls/firmware/BDT.h:56:0)
INFO: [HLS 214-186] Unrolling loop 'Compare' (ppg_rf_hls/firmware/BDT.h:84:11) in function 'BDT::Tree<128, 109, 55, ap_fixed<16, 6, (ap_q_mode)5, (ap_o_mode)3, 0> [15], ap_fixed<16, 6, (ap_q_mode)5, (ap_o_mode)3, 0>, ap_fixed<16, 6, (ap_q_mode)5, (ap_o_mode)3, 0> >::decision_function<ap_fixed<16, 6, (ap_q_mode)5, (ap_o_mode)3, 0>, ap_fixed<16, 6, (ap_q_mode)5, (ap_o_mode)3, 0> >' completely with a factor of 109 (ppg_rf_hls/firmware/BDT.h:56:0)
INFO: [HLS 214-186] Unrolling loop 'VITIS_LOOP_119_1' (ppg_rf_hls/firmware/BDT.h:119:23) in function 'BDT::Tree<127, 115, 58, ap_fixed<16, 6, (ap_q_mode)5, (ap_o_mode)3, 0> [15], ap_fixed<16, 6, (ap_q_mode)5, (ap_o_mode)3, 0>, ap_fixed<16, 6, (ap_q_mode)5, (ap_o_mode)3, 0> >::decision_function<ap_fixed<16, 6, (ap_q_mode)5, (ap_o_mode)3, 0>, ap_fixed<16, 6, (ap_q_mode)5, (ap_o_mode)3, 0> >' completely with a factor of 58 (ppg_rf_hls/firmware/BDT.h:56:0)
INFO: [HLS 214-186] Unrolling loop 'Activate' (ppg_rf_hls/firmware/BDT.h:97:15) in function 'BDT::Tree<127, 115, 58, ap_fixed<16, 6, (ap_q_mode)5, (ap_o_mode)3, 0> [15], ap_fixed<16, 6, (ap_q_mode)5, (ap_o_mode)3, 0>, ap_fixed<16, 6, (ap_q_mode)5, (ap_o_mode)3, 0> >::decision_function<ap_fixed<16, 6, (ap_q_mode)5, (ap_o_mode)3, 0>, ap_fixed<16, 6, (ap_q_mode)5, (ap_o_mode)3, 0> >' completely with a factor of 115 (ppg_rf_hls/firmware/BDT.h:56:0)
INFO: [HLS 214-186] Unrolling loop 'Compare' (ppg_rf_hls/firmware/BDT.h:84:11) in function 'BDT::Tree<127, 115, 58, ap_fixed<16, 6, (ap_q_mode)5, (ap_o_mode)3, 0> [15], ap_fixed<16, 6, (ap_q_mode)5, (ap_o_mode)3, 0>, ap_fixed<16, 6, (ap_q_mode)5, (ap_o_mode)3, 0> >::decision_function<ap_fixed<16, 6, (ap_q_mode)5, (ap_o_mode)3, 0>, ap_fixed<16, 6, (ap_q_mode)5, (ap_o_mode)3, 0> >' completely with a factor of 115 (ppg_rf_hls/firmware/BDT.h:56:0)
INFO: [HLS 214-186] Unrolling loop 'VITIS_LOOP_119_1' (ppg_rf_hls/firmware/BDT.h:119:23) in function 'BDT::Tree<126, 129, 65, ap_fixed<16, 6, (ap_q_mode)5, (ap_o_mode)3, 0> [15], ap_fixed<16, 6, (ap_q_mode)5, (ap_o_mode)3, 0>, ap_fixed<16, 6, (ap_q_mode)5, (ap_o_mode)3, 0> >::decision_function<ap_fixed<16, 6, (ap_q_mode)5, (ap_o_mode)3, 0>, ap_fixed<16, 6, (ap_q_mode)5, (ap_o_mode)3, 0> >' completely with a factor of 65 (ppg_rf_hls/firmware/BDT.h:56:0)
INFO: [HLS 214-186] Unrolling loop 'Activate' (ppg_rf_hls/firmware/BDT.h:97:15) in function 'BDT::Tree<126, 129, 65, ap_fixed<16, 6, (ap_q_mode)5, (ap_o_mode)3, 0> [15], ap_fixed<16, 6, (ap_q_mode)5, (ap_o_mode)3, 0>, ap_fixed<16, 6, (ap_q_mode)5, (ap_o_mode)3, 0> >::decision_function<ap_fixed<16, 6, (ap_q_mode)5, (ap_o_mode)3, 0>, ap_fixed<16, 6, (ap_q_mode)5, (ap_o_mode)3, 0> >' completely with a factor of 129 (ppg_rf_hls/firmware/BDT.h:56:0)
INFO: [HLS 214-186] Unrolling loop 'Compare' (ppg_rf_hls/firmware/BDT.h:84:11) in function 'BDT::Tree<126, 129, 65, ap_fixed<16, 6, (ap_q_mode)5, (ap_o_mode)3, 0> [15], ap_fixed<16, 6, (ap_q_mode)5, (ap_o_mode)3, 0>, ap_fixed<16, 6, (ap_q_mode)5, (ap_o_mode)3, 0> >::decision_function<ap_fixed<16, 6, (ap_q_mode)5, (ap_o_mode)3, 0>, ap_fixed<16, 6, (ap_q_mode)5, (ap_o_mode)3, 0> >' completely with a factor of 129 (ppg_rf_hls/firmware/BDT.h:56:0)
INFO: [HLS 214-186] Unrolling loop 'VITIS_LOOP_119_1' (ppg_rf_hls/firmware/BDT.h:119:23) in function 'BDT::Tree<125, 135, 68, ap_fixed<16, 6, (ap_q_mode)5, (ap_o_mode)3, 0> [15], ap_fixed<16, 6, (ap_q_mode)5, (ap_o_mode)3, 0>, ap_fixed<16, 6, (ap_q_mode)5, (ap_o_mode)3, 0> >::decision_function<ap_fixed<16, 6, (ap_q_mode)5, (ap_o_mode)3, 0>, ap_fixed<16, 6, (ap_q_mode)5, (ap_o_mode)3, 0> >' completely with a factor of 68 (ppg_rf_hls/firmware/BDT.h:56:0)
INFO: [HLS 214-186] Unrolling loop 'Activate' (ppg_rf_hls/firmware/BDT.h:97:15) in function 'BDT::Tree<125, 135, 68, ap_fixed<16, 6, (ap_q_mode)5, (ap_o_mode)3, 0> [15], ap_fixed<16, 6, (ap_q_mode)5, (ap_o_mode)3, 0>, ap_fixed<16, 6, (ap_q_mode)5, (ap_o_mode)3, 0> >::decision_function<ap_fixed<16, 6, (ap_q_mode)5, (ap_o_mode)3, 0>, ap_fixed<16, 6, (ap_q_mode)5, (ap_o_mode)3, 0> >' completely with a factor of 135 (ppg_rf_hls/firmware/BDT.h:56:0)
INFO: [HLS 214-186] Unrolling loop 'Compare' (ppg_rf_hls/firmware/BDT.h:84:11) in function 'BDT::Tree<125, 135, 68, ap_fixed<16, 6, (ap_q_mode)5, (ap_o_mode)3, 0> [15], ap_fixed<16, 6, (ap_q_mode)5, (ap_o_mode)3, 0>, ap_fixed<16, 6, (ap_q_mode)5, (ap_o_mode)3, 0> >::decision_function<ap_fixed<16, 6, (ap_q_mode)5, (ap_o_mode)3, 0>, ap_fixed<16, 6, (ap_q_mode)5, (ap_o_mode)3, 0> >' completely with a factor of 135 (ppg_rf_hls/firmware/BDT.h:56:0)
INFO: [HLS 214-186] Unrolling loop 'VITIS_LOOP_119_1' (ppg_rf_hls/firmware/BDT.h:119:23) in function 'BDT::Tree<124, 113, 57, ap_fixed<16, 6, (ap_q_mode)5, (ap_o_mode)3, 0> [15], ap_fixed<16, 6, (ap_q_mode)5, (ap_o_mode)3, 0>, ap_fixed<16, 6, (ap_q_mode)5, (ap_o_mode)3, 0> >::decision_function<ap_fixed<16, 6, (ap_q_mode)5, (ap_o_mode)3, 0>, ap_fixed<16, 6, (ap_q_mode)5, (ap_o_mode)3, 0> >' completely with a factor of 57 (ppg_rf_hls/firmware/BDT.h:56:0)
INFO: [HLS 214-186] Unrolling loop 'Activate' (ppg_rf_hls/firmware/BDT.h:97:15) in function 'BDT::Tree<124, 113, 57, ap_fixed<16, 6, (ap_q_mode)5, (ap_o_mode)3, 0> [15], ap_fixed<16, 6, (ap_q_mode)5, (ap_o_mode)3, 0>, ap_fixed<16, 6, (ap_q_mode)5, (ap_o_mode)3, 0> >::decision_function<ap_fixed<16, 6, (ap_q_mode)5, (ap_o_mode)3, 0>, ap_fixed<16, 6, (ap_q_mode)5, (ap_o_mode)3, 0> >' completely with a factor of 113 (ppg_rf_hls/firmware/BDT.h:56:0)
INFO: [HLS 214-186] Unrolling loop 'Compare' (ppg_rf_hls/firmware/BDT.h:84:11) in function 'BDT::Tree<124, 113, 57, ap_fixed<16, 6, (ap_q_mode)5, (ap_o_mode)3, 0> [15], ap_fixed<16, 6, (ap_q_mode)5, (ap_o_mode)3, 0>, ap_fixed<16, 6, (ap_q_mode)5, (ap_o_mode)3, 0> >::decision_function<ap_fixed<16, 6, (ap_q_mode)5, (ap_o_mode)3, 0>, ap_fixed<16, 6, (ap_q_mode)5, (ap_o_mode)3, 0> >' completely with a factor of 113 (ppg_rf_hls/firmware/BDT.h:56:0)
INFO: [HLS 214-186] Unrolling loop 'VITIS_LOOP_119_1' (ppg_rf_hls/firmware/BDT.h:119:23) in function 'BDT::Tree<123, 111, 56, ap_fixed<16, 6, (ap_q_mode)5, (ap_o_mode)3, 0> [15], ap_fixed<16, 6, (ap_q_mode)5, (ap_o_mode)3, 0>, ap_fixed<16, 6, (ap_q_mode)5, (ap_o_mode)3, 0> >::decision_function<ap_fixed<16, 6, (ap_q_mode)5, (ap_o_mode)3, 0>, ap_fixed<16, 6, (ap_q_mode)5, (ap_o_mode)3, 0> >' completely with a factor of 56 (ppg_rf_hls/firmware/BDT.h:56:0)
INFO: [HLS 214-186] Unrolling loop 'Activate' (ppg_rf_hls/firmware/BDT.h:97:15) in function 'BDT::Tree<123, 111, 56, ap_fixed<16, 6, (ap_q_mode)5, (ap_o_mode)3, 0> [15], ap_fixed<16, 6, (ap_q_mode)5, (ap_o_mode)3, 0>, ap_fixed<16, 6, (ap_q_mode)5, (ap_o_mode)3, 0> >::decision_function<ap_fixed<16, 6, (ap_q_mode)5, (ap_o_mode)3, 0>, ap_fixed<16, 6, (ap_q_mode)5, (ap_o_mode)3, 0> >' completely with a factor of 111 (ppg_rf_hls/firmware/BDT.h:56:0)
INFO: [HLS 214-186] Unrolling loop 'Compare' (ppg_rf_hls/firmware/BDT.h:84:11) in function 'BDT::Tree<123, 111, 56, ap_fixed<16, 6, (ap_q_mode)5, (ap_o_mode)3, 0> [15], ap_fixed<16, 6, (ap_q_mode)5, (ap_o_mode)3, 0>, ap_fixed<16, 6, (ap_q_mode)5, (ap_o_mode)3, 0> >::decision_function<ap_fixed<16, 6, (ap_q_mode)5, (ap_o_mode)3, 0>, ap_fixed<16, 6, (ap_q_mode)5, (ap_o_mode)3, 0> >' completely with a factor of 111 (ppg_rf_hls/firmware/BDT.h:56:0)
INFO: [HLS 214-186] Unrolling loop 'VITIS_LOOP_119_1' (ppg_rf_hls/firmware/BDT.h:119:23) in function 'BDT::Tree<122, 123, 62, ap_fixed<16, 6, (ap_q_mode)5, (ap_o_mode)3, 0> [15], ap_fixed<16, 6, (ap_q_mode)5, (ap_o_mode)3, 0>, ap_fixed<16, 6, (ap_q_mode)5, (ap_o_mode)3, 0> >::decision_function<ap_fixed<16, 6, (ap_q_mode)5, (ap_o_mode)3, 0>, ap_fixed<16, 6, (ap_q_mode)5, (ap_o_mode)3, 0> >' completely with a factor of 62 (ppg_rf_hls/firmware/BDT.h:56:0)
INFO: [HLS 214-186] Unrolling loop 'Activate' (ppg_rf_hls/firmware/BDT.h:97:15) in function 'BDT::Tree<122, 123, 62, ap_fixed<16, 6, (ap_q_mode)5, (ap_o_mode)3, 0> [15], ap_fixed<16, 6, (ap_q_mode)5, (ap_o_mode)3, 0>, ap_fixed<16, 6, (ap_q_mode)5, (ap_o_mode)3, 0> >::decision_function<ap_fixed<16, 6, (ap_q_mode)5, (ap_o_mode)3, 0>, ap_fixed<16, 6, (ap_q_mode)5, (ap_o_mode)3, 0> >' completely with a factor of 123 (ppg_rf_hls/firmware/BDT.h:56:0)
INFO: [HLS 214-186] Unrolling loop 'Compare' (ppg_rf_hls/firmware/BDT.h:84:11) in function 'BDT::Tree<122, 123, 62, ap_fixed<16, 6, (ap_q_mode)5, (ap_o_mode)3, 0> [15], ap_fixed<16, 6, (ap_q_mode)5, (ap_o_mode)3, 0>, ap_fixed<16, 6, (ap_q_mode)5, (ap_o_mode)3, 0> >::decision_function<ap_fixed<16, 6, (ap_q_mode)5, (ap_o_mode)3, 0>, ap_fixed<16, 6, (ap_q_mode)5, (ap_o_mode)3, 0> >' completely with a factor of 123 (ppg_rf_hls/firmware/BDT.h:56:0)
INFO: [HLS 214-186] Unrolling loop 'VITIS_LOOP_119_1' (ppg_rf_hls/firmware/BDT.h:119:23) in function 'BDT::Tree<121, 123, 62, ap_fixed<16, 6, (ap_q_mode)5, (ap_o_mode)3, 0> [15], ap_fixed<16, 6, (ap_q_mode)5, (ap_o_mode)3, 0>, ap_fixed<16, 6, (ap_q_mode)5, (ap_o_mode)3, 0> >::decision_function<ap_fixed<16, 6, (ap_q_mode)5, (ap_o_mode)3, 0>, ap_fixed<16, 6, (ap_q_mode)5, (ap_o_mode)3, 0> >' completely with a factor of 62 (ppg_rf_hls/firmware/BDT.h:56:0)
INFO: [HLS 214-186] Unrolling loop 'Activate' (ppg_rf_hls/firmware/BDT.h:97:15) in function 'BDT::Tree<121, 123, 62, ap_fixed<16, 6, (ap_q_mode)5, (ap_o_mode)3, 0> [15], ap_fixed<16, 6, (ap_q_mode)5, (ap_o_mode)3, 0>, ap_fixed<16, 6, (ap_q_mode)5, (ap_o_mode)3, 0> >::decision_function<ap_fixed<16, 6, (ap_q_mode)5, (ap_o_mode)3, 0>, ap_fixed<16, 6, (ap_q_mode)5, (ap_o_mode)3, 0> >' completely with a factor of 123 (ppg_rf_hls/firmware/BDT.h:56:0)
INFO: [HLS 214-186] Unrolling loop 'Compare' (ppg_rf_hls/firmware/BDT.h:84:11) in function 'BDT::Tree<121, 123, 62, ap_fixed<16, 6, (ap_q_mode)5, (ap_o_mode)3, 0> [15], ap_fixed<16, 6, (ap_q_mode)5, (ap_o_mode)3, 0>, ap_fixed<16, 6, (ap_q_mode)5, (ap_o_mode)3, 0> >::decision_function<ap_fixed<16, 6, (ap_q_mode)5, (ap_o_mode)3, 0>, ap_fixed<16, 6, (ap_q_mode)5, (ap_o_mode)3, 0> >' completely with a factor of 123 (ppg_rf_hls/firmware/BDT.h:56:0)
INFO: [HLS 214-186] Unrolling loop 'VITIS_LOOP_119_1' (ppg_rf_hls/firmware/BDT.h:119:23) in function 'BDT::Tree<120, 133, 67, ap_fixed<16, 6, (ap_q_mode)5, (ap_o_mode)3, 0> [15], ap_fixed<16, 6, (ap_q_mode)5, (ap_o_mode)3, 0>, ap_fixed<16, 6, (ap_q_mode)5, (ap_o_mode)3, 0> >::decision_function<ap_fixed<16, 6, (ap_q_mode)5, (ap_o_mode)3, 0>, ap_fixed<16, 6, (ap_q_mode)5, (ap_o_mode)3, 0> >' completely with a factor of 67 (ppg_rf_hls/firmware/BDT.h:56:0)
INFO: [HLS 214-186] Unrolling loop 'Activate' (ppg_rf_hls/firmware/BDT.h:97:15) in function 'BDT::Tree<120, 133, 67, ap_fixed<16, 6, (ap_q_mode)5, (ap_o_mode)3, 0> [15], ap_fixed<16, 6, (ap_q_mode)5, (ap_o_mode)3, 0>, ap_fixed<16, 6, (ap_q_mode)5, (ap_o_mode)3, 0> >::decision_function<ap_fixed<16, 6, (ap_q_mode)5, (ap_o_mode)3, 0>, ap_fixed<16, 6, (ap_q_mode)5, (ap_o_mode)3, 0> >' completely with a factor of 133 (ppg_rf_hls/firmware/BDT.h:56:0)
INFO: [HLS 214-186] Unrolling loop 'Compare' (ppg_rf_hls/firmware/BDT.h:84:11) in function 'BDT::Tree<120, 133, 67, ap_fixed<16, 6, (ap_q_mode)5, (ap_o_mode)3, 0> [15], ap_fixed<16, 6, (ap_q_mode)5, (ap_o_mode)3, 0>, ap_fixed<16, 6, (ap_q_mode)5, (ap_o_mode)3, 0> >::decision_function<ap_fixed<16, 6, (ap_q_mode)5, (ap_o_mode)3, 0>, ap_fixed<16, 6, (ap_q_mode)5, (ap_o_mode)3, 0> >' completely with a factor of 133 (ppg_rf_hls/firmware/BDT.h:56:0)
INFO: [HLS 214-186] Unrolling loop 'VITIS_LOOP_119_1' (ppg_rf_hls/firmware/BDT.h:119:23) in function 'BDT::Tree<119, 127, 64, ap_fixed<16, 6, (ap_q_mode)5, (ap_o_mode)3, 0> [15], ap_fixed<16, 6, (ap_q_mode)5, (ap_o_mode)3, 0>, ap_fixed<16, 6, (ap_q_mode)5, (ap_o_mode)3, 0> >::decision_function<ap_fixed<16, 6, (ap_q_mode)5, (ap_o_mode)3, 0>, ap_fixed<16, 6, (ap_q_mode)5, (ap_o_mode)3, 0> >' completely with a factor of 64 (ppg_rf_hls/firmware/BDT.h:56:0)
INFO: [HLS 214-186] Unrolling loop 'Activate' (ppg_rf_hls/firmware/BDT.h:97:15) in function 'BDT::Tree<119, 127, 64, ap_fixed<16, 6, (ap_q_mode)5, (ap_o_mode)3, 0> [15], ap_fixed<16, 6, (ap_q_mode)5, (ap_o_mode)3, 0>, ap_fixed<16, 6, (ap_q_mode)5, (ap_o_mode)3, 0> >::decision_function<ap_fixed<16, 6, (ap_q_mode)5, (ap_o_mode)3, 0>, ap_fixed<16, 6, (ap_q_mode)5, (ap_o_mode)3, 0> >' completely with a factor of 127 (ppg_rf_hls/firmware/BDT.h:56:0)
INFO: [HLS 214-186] Unrolling loop 'Compare' (ppg_rf_hls/firmware/BDT.h:84:11) in function 'BDT::Tree<119, 127, 64, ap_fixed<16, 6, (ap_q_mode)5, (ap_o_mode)3, 0> [15], ap_fixed<16, 6, (ap_q_mode)5, (ap_o_mode)3, 0>, ap_fixed<16, 6, (ap_q_mode)5, (ap_o_mode)3, 0> >::decision_function<ap_fixed<16, 6, (ap_q_mode)5, (ap_o_mode)3, 0>, ap_fixed<16, 6, (ap_q_mode)5, (ap_o_mode)3, 0> >' completely with a factor of 127 (ppg_rf_hls/firmware/BDT.h:56:0)
INFO: [HLS 214-186] Unrolling loop 'VITIS_LOOP_119_1' (ppg_rf_hls/firmware/BDT.h:119:23) in function 'BDT::Tree<118, 125, 63, ap_fixed<16, 6, (ap_q_mode)5, (ap_o_mode)3, 0> [15], ap_fixed<16, 6, (ap_q_mode)5, (ap_o_mode)3, 0>, ap_fixed<16, 6, (ap_q_mode)5, (ap_o_mode)3, 0> >::decision_function<ap_fixed<16, 6, (ap_q_mode)5, (ap_o_mode)3, 0>, ap_fixed<16, 6, (ap_q_mode)5, (ap_o_mode)3, 0> >' completely with a factor of 63 (ppg_rf_hls/firmware/BDT.h:56:0)
INFO: [HLS 214-186] Unrolling loop 'Activate' (ppg_rf_hls/firmware/BDT.h:97:15) in function 'BDT::Tree<118, 125, 63, ap_fixed<16, 6, (ap_q_mode)5, (ap_o_mode)3, 0> [15], ap_fixed<16, 6, (ap_q_mode)5, (ap_o_mode)3, 0>, ap_fixed<16, 6, (ap_q_mode)5, (ap_o_mode)3, 0> >::decision_function<ap_fixed<16, 6, (ap_q_mode)5, (ap_o_mode)3, 0>, ap_fixed<16, 6, (ap_q_mode)5, (ap_o_mode)3, 0> >' completely with a factor of 125 (ppg_rf_hls/firmware/BDT.h:56:0)
INFO: [HLS 214-186] Unrolling loop 'Compare' (ppg_rf_hls/firmware/BDT.h:84:11) in function 'BDT::Tree<118, 125, 63, ap_fixed<16, 6, (ap_q_mode)5, (ap_o_mode)3, 0> [15], ap_fixed<16, 6, (ap_q_mode)5, (ap_o_mode)3, 0>, ap_fixed<16, 6, (ap_q_mode)5, (ap_o_mode)3, 0> >::decision_function<ap_fixed<16, 6, (ap_q_mode)5, (ap_o_mode)3, 0>, ap_fixed<16, 6, (ap_q_mode)5, (ap_o_mode)3, 0> >' completely with a factor of 125 (ppg_rf_hls/firmware/BDT.h:56:0)
INFO: [HLS 214-186] Unrolling loop 'VITIS_LOOP_119_1' (ppg_rf_hls/firmware/BDT.h:119:23) in function 'BDT::Tree<117, 107, 54, ap_fixed<16, 6, (ap_q_mode)5, (ap_o_mode)3, 0> [15], ap_fixed<16, 6, (ap_q_mode)5, (ap_o_mode)3, 0>, ap_fixed<16, 6, (ap_q_mode)5, (ap_o_mode)3, 0> >::decision_function<ap_fixed<16, 6, (ap_q_mode)5, (ap_o_mode)3, 0>, ap_fixed<16, 6, (ap_q_mode)5, (ap_o_mode)3, 0> >' completely with a factor of 54 (ppg_rf_hls/firmware/BDT.h:56:0)
INFO: [HLS 214-186] Unrolling loop 'Activate' (ppg_rf_hls/firmware/BDT.h:97:15) in function 'BDT::Tree<117, 107, 54, ap_fixed<16, 6, (ap_q_mode)5, (ap_o_mode)3, 0> [15], ap_fixed<16, 6, (ap_q_mode)5, (ap_o_mode)3, 0>, ap_fixed<16, 6, (ap_q_mode)5, (ap_o_mode)3, 0> >::decision_function<ap_fixed<16, 6, (ap_q_mode)5, (ap_o_mode)3, 0>, ap_fixed<16, 6, (ap_q_mode)5, (ap_o_mode)3, 0> >' completely with a factor of 107 (ppg_rf_hls/firmware/BDT.h:56:0)
INFO: [HLS 214-186] Unrolling loop 'Compare' (ppg_rf_hls/firmware/BDT.h:84:11) in function 'BDT::Tree<117, 107, 54, ap_fixed<16, 6, (ap_q_mode)5, (ap_o_mode)3, 0> [15], ap_fixed<16, 6, (ap_q_mode)5, (ap_o_mode)3, 0>, ap_fixed<16, 6, (ap_q_mode)5, (ap_o_mode)3, 0> >::decision_function<ap_fixed<16, 6, (ap_q_mode)5, (ap_o_mode)3, 0>, ap_fixed<16, 6, (ap_q_mode)5, (ap_o_mode)3, 0> >' completely with a factor of 107 (ppg_rf_hls/firmware/BDT.h:56:0)
INFO: [HLS 214-186] Unrolling loop 'VITIS_LOOP_119_1' (ppg_rf_hls/firmware/BDT.h:119:23) in function 'BDT::Tree<116, 127, 64, ap_fixed<16, 6, (ap_q_mode)5, (ap_o_mode)3, 0> [15], ap_fixed<16, 6, (ap_q_mode)5, (ap_o_mode)3, 0>, ap_fixed<16, 6, (ap_q_mode)5, (ap_o_mode)3, 0> >::decision_function<ap_fixed<16, 6, (ap_q_mode)5, (ap_o_mode)3, 0>, ap_fixed<16, 6, (ap_q_mode)5, (ap_o_mode)3, 0> >' completely with a factor of 64 (ppg_rf_hls/firmware/BDT.h:56:0)
INFO: [HLS 214-186] Unrolling loop 'Activate' (ppg_rf_hls/firmware/BDT.h:97:15) in function 'BDT::Tree<116, 127, 64, ap_fixed<16, 6, (ap_q_mode)5, (ap_o_mode)3, 0> [15], ap_fixed<16, 6, (ap_q_mode)5, (ap_o_mode)3, 0>, ap_fixed<16, 6, (ap_q_mode)5, (ap_o_mode)3, 0> >::decision_function<ap_fixed<16, 6, (ap_q_mode)5, (ap_o_mode)3, 0>, ap_fixed<16, 6, (ap_q_mode)5, (ap_o_mode)3, 0> >' completely with a factor of 127 (ppg_rf_hls/firmware/BDT.h:56:0)
INFO: [HLS 214-186] Unrolling loop 'Compare' (ppg_rf_hls/firmware/BDT.h:84:11) in function 'BDT::Tree<116, 127, 64, ap_fixed<16, 6, (ap_q_mode)5, (ap_o_mode)3, 0> [15], ap_fixed<16, 6, (ap_q_mode)5, (ap_o_mode)3, 0>, ap_fixed<16, 6, (ap_q_mode)5, (ap_o_mode)3, 0> >::decision_function<ap_fixed<16, 6, (ap_q_mode)5, (ap_o_mode)3, 0>, ap_fixed<16, 6, (ap_q_mode)5, (ap_o_mode)3, 0> >' completely with a factor of 127 (ppg_rf_hls/firmware/BDT.h:56:0)
INFO: [HLS 214-186] Unrolling loop 'VITIS_LOOP_119_1' (ppg_rf_hls/firmware/BDT.h:119:23) in function 'BDT::Tree<115, 127, 64, ap_fixed<16, 6, (ap_q_mode)5, (ap_o_mode)3, 0> [15], ap_fixed<16, 6, (ap_q_mode)5, (ap_o_mode)3, 0>, ap_fixed<16, 6, (ap_q_mode)5, (ap_o_mode)3, 0> >::decision_function<ap_fixed<16, 6, (ap_q_mode)5, (ap_o_mode)3, 0>, ap_fixed<16, 6, (ap_q_mode)5, (ap_o_mode)3, 0> >' completely with a factor of 64 (ppg_rf_hls/firmware/BDT.h:56:0)
INFO: [HLS 214-186] Unrolling loop 'Activate' (ppg_rf_hls/firmware/BDT.h:97:15) in function 'BDT::Tree<115, 127, 64, ap_fixed<16, 6, (ap_q_mode)5, (ap_o_mode)3, 0> [15], ap_fixed<16, 6, (ap_q_mode)5, (ap_o_mode)3, 0>, ap_fixed<16, 6, (ap_q_mode)5, (ap_o_mode)3, 0> >::decision_function<ap_fixed<16, 6, (ap_q_mode)5, (ap_o_mode)3, 0>, ap_fixed<16, 6, (ap_q_mode)5, (ap_o_mode)3, 0> >' completely with a factor of 127 (ppg_rf_hls/firmware/BDT.h:56:0)
INFO: [HLS 214-186] Unrolling loop 'Compare' (ppg_rf_hls/firmware/BDT.h:84:11) in function 'BDT::Tree<115, 127, 64, ap_fixed<16, 6, (ap_q_mode)5, (ap_o_mode)3, 0> [15], ap_fixed<16, 6, (ap_q_mode)5, (ap_o_mode)3, 0>, ap_fixed<16, 6, (ap_q_mode)5, (ap_o_mode)3, 0> >::decision_function<ap_fixed<16, 6, (ap_q_mode)5, (ap_o_mode)3, 0>, ap_fixed<16, 6, (ap_q_mode)5, (ap_o_mode)3, 0> >' completely with a factor of 127 (ppg_rf_hls/firmware/BDT.h:56:0)
INFO: [HLS 214-186] Unrolling loop 'VITIS_LOOP_119_1' (ppg_rf_hls/firmware/BDT.h:119:23) in function 'BDT::Tree<114, 123, 62, ap_fixed<16, 6, (ap_q_mode)5, (ap_o_mode)3, 0> [15], ap_fixed<16, 6, (ap_q_mode)5, (ap_o_mode)3, 0>, ap_fixed<16, 6, (ap_q_mode)5, (ap_o_mode)3, 0> >::decision_function<ap_fixed<16, 6, (ap_q_mode)5, (ap_o_mode)3, 0>, ap_fixed<16, 6, (ap_q_mode)5, (ap_o_mode)3, 0> >' completely with a factor of 62 (ppg_rf_hls/firmware/BDT.h:56:0)
INFO: [HLS 214-186] Unrolling loop 'Activate' (ppg_rf_hls/firmware/BDT.h:97:15) in function 'BDT::Tree<114, 123, 62, ap_fixed<16, 6, (ap_q_mode)5, (ap_o_mode)3, 0> [15], ap_fixed<16, 6, (ap_q_mode)5, (ap_o_mode)3, 0>, ap_fixed<16, 6, (ap_q_mode)5, (ap_o_mode)3, 0> >::decision_function<ap_fixed<16, 6, (ap_q_mode)5, (ap_o_mode)3, 0>, ap_fixed<16, 6, (ap_q_mode)5, (ap_o_mode)3, 0> >' completely with a factor of 123 (ppg_rf_hls/firmware/BDT.h:56:0)
INFO: [HLS 214-186] Unrolling loop 'Compare' (ppg_rf_hls/firmware/BDT.h:84:11) in function 'BDT::Tree<114, 123, 62, ap_fixed<16, 6, (ap_q_mode)5, (ap_o_mode)3, 0> [15], ap_fixed<16, 6, (ap_q_mode)5, (ap_o_mode)3, 0>, ap_fixed<16, 6, (ap_q_mode)5, (ap_o_mode)3, 0> >::decision_function<ap_fixed<16, 6, (ap_q_mode)5, (ap_o_mode)3, 0>, ap_fixed<16, 6, (ap_q_mode)5, (ap_o_mode)3, 0> >' completely with a factor of 123 (ppg_rf_hls/firmware/BDT.h:56:0)
INFO: [HLS 214-186] Unrolling loop 'VITIS_LOOP_119_1' (ppg_rf_hls/firmware/BDT.h:119:23) in function 'BDT::Tree<113, 123, 62, ap_fixed<16, 6, (ap_q_mode)5, (ap_o_mode)3, 0> [15], ap_fixed<16, 6, (ap_q_mode)5, (ap_o_mode)3, 0>, ap_fixed<16, 6, (ap_q_mode)5, (ap_o_mode)3, 0> >::decision_function<ap_fixed<16, 6, (ap_q_mode)5, (ap_o_mode)3, 0>, ap_fixed<16, 6, (ap_q_mode)5, (ap_o_mode)3, 0> >' completely with a factor of 62 (ppg_rf_hls/firmware/BDT.h:56:0)
INFO: [HLS 214-186] Unrolling loop 'Activate' (ppg_rf_hls/firmware/BDT.h:97:15) in function 'BDT::Tree<113, 123, 62, ap_fixed<16, 6, (ap_q_mode)5, (ap_o_mode)3, 0> [15], ap_fixed<16, 6, (ap_q_mode)5, (ap_o_mode)3, 0>, ap_fixed<16, 6, (ap_q_mode)5, (ap_o_mode)3, 0> >::decision_function<ap_fixed<16, 6, (ap_q_mode)5, (ap_o_mode)3, 0>, ap_fixed<16, 6, (ap_q_mode)5, (ap_o_mode)3, 0> >' completely with a factor of 123 (ppg_rf_hls/firmware/BDT.h:56:0)
INFO: [HLS 214-186] Unrolling loop 'Compare' (ppg_rf_hls/firmware/BDT.h:84:11) in function 'BDT::Tree<113, 123, 62, ap_fixed<16, 6, (ap_q_mode)5, (ap_o_mode)3, 0> [15], ap_fixed<16, 6, (ap_q_mode)5, (ap_o_mode)3, 0>, ap_fixed<16, 6, (ap_q_mode)5, (ap_o_mode)3, 0> >::decision_function<ap_fixed<16, 6, (ap_q_mode)5, (ap_o_mode)3, 0>, ap_fixed<16, 6, (ap_q_mode)5, (ap_o_mode)3, 0> >' completely with a factor of 123 (ppg_rf_hls/firmware/BDT.h:56:0)
INFO: [HLS 214-186] Unrolling loop 'VITIS_LOOP_119_1' (ppg_rf_hls/firmware/BDT.h:119:23) in function 'BDT::Tree<112, 107, 54, ap_fixed<16, 6, (ap_q_mode)5, (ap_o_mode)3, 0> [15], ap_fixed<16, 6, (ap_q_mode)5, (ap_o_mode)3, 0>, ap_fixed<16, 6, (ap_q_mode)5, (ap_o_mode)3, 0> >::decision_function<ap_fixed<16, 6, (ap_q_mode)5, (ap_o_mode)3, 0>, ap_fixed<16, 6, (ap_q_mode)5, (ap_o_mode)3, 0> >' completely with a factor of 54 (ppg_rf_hls/firmware/BDT.h:56:0)
INFO: [HLS 214-186] Unrolling loop 'Activate' (ppg_rf_hls/firmware/BDT.h:97:15) in function 'BDT::Tree<112, 107, 54, ap_fixed<16, 6, (ap_q_mode)5, (ap_o_mode)3, 0> [15], ap_fixed<16, 6, (ap_q_mode)5, (ap_o_mode)3, 0>, ap_fixed<16, 6, (ap_q_mode)5, (ap_o_mode)3, 0> >::decision_function<ap_fixed<16, 6, (ap_q_mode)5, (ap_o_mode)3, 0>, ap_fixed<16, 6, (ap_q_mode)5, (ap_o_mode)3, 0> >' completely with a factor of 107 (ppg_rf_hls/firmware/BDT.h:56:0)
INFO: [HLS 214-186] Unrolling loop 'Compare' (ppg_rf_hls/firmware/BDT.h:84:11) in function 'BDT::Tree<112, 107, 54, ap_fixed<16, 6, (ap_q_mode)5, (ap_o_mode)3, 0> [15], ap_fixed<16, 6, (ap_q_mode)5, (ap_o_mode)3, 0>, ap_fixed<16, 6, (ap_q_mode)5, (ap_o_mode)3, 0> >::decision_function<ap_fixed<16, 6, (ap_q_mode)5, (ap_o_mode)3, 0>, ap_fixed<16, 6, (ap_q_mode)5, (ap_o_mode)3, 0> >' completely with a factor of 107 (ppg_rf_hls/firmware/BDT.h:56:0)
INFO: [HLS 214-186] Unrolling loop 'VITIS_LOOP_119_1' (ppg_rf_hls/firmware/BDT.h:119:23) in function 'BDT::Tree<111, 117, 59, ap_fixed<16, 6, (ap_q_mode)5, (ap_o_mode)3, 0> [15], ap_fixed<16, 6, (ap_q_mode)5, (ap_o_mode)3, 0>, ap_fixed<16, 6, (ap_q_mode)5, (ap_o_mode)3, 0> >::decision_function<ap_fixed<16, 6, (ap_q_mode)5, (ap_o_mode)3, 0>, ap_fixed<16, 6, (ap_q_mode)5, (ap_o_mode)3, 0> >' completely with a factor of 59 (ppg_rf_hls/firmware/BDT.h:56:0)
INFO: [HLS 214-186] Unrolling loop 'Activate' (ppg_rf_hls/firmware/BDT.h:97:15) in function 'BDT::Tree<111, 117, 59, ap_fixed<16, 6, (ap_q_mode)5, (ap_o_mode)3, 0> [15], ap_fixed<16, 6, (ap_q_mode)5, (ap_o_mode)3, 0>, ap_fixed<16, 6, (ap_q_mode)5, (ap_o_mode)3, 0> >::decision_function<ap_fixed<16, 6, (ap_q_mode)5, (ap_o_mode)3, 0>, ap_fixed<16, 6, (ap_q_mode)5, (ap_o_mode)3, 0> >' completely with a factor of 117 (ppg_rf_hls/firmware/BDT.h:56:0)
INFO: [HLS 214-186] Unrolling loop 'Compare' (ppg_rf_hls/firmware/BDT.h:84:11) in function 'BDT::Tree<111, 117, 59, ap_fixed<16, 6, (ap_q_mode)5, (ap_o_mode)3, 0> [15], ap_fixed<16, 6, (ap_q_mode)5, (ap_o_mode)3, 0>, ap_fixed<16, 6, (ap_q_mode)5, (ap_o_mode)3, 0> >::decision_function<ap_fixed<16, 6, (ap_q_mode)5, (ap_o_mode)3, 0>, ap_fixed<16, 6, (ap_q_mode)5, (ap_o_mode)3, 0> >' completely with a factor of 117 (ppg_rf_hls/firmware/BDT.h:56:0)
INFO: [HLS 214-186] Unrolling loop 'VITIS_LOOP_119_1' (ppg_rf_hls/firmware/BDT.h:119:23) in function 'BDT::Tree<110, 129, 65, ap_fixed<16, 6, (ap_q_mode)5, (ap_o_mode)3, 0> [15], ap_fixed<16, 6, (ap_q_mode)5, (ap_o_mode)3, 0>, ap_fixed<16, 6, (ap_q_mode)5, (ap_o_mode)3, 0> >::decision_function<ap_fixed<16, 6, (ap_q_mode)5, (ap_o_mode)3, 0>, ap_fixed<16, 6, (ap_q_mode)5, (ap_o_mode)3, 0> >' completely with a factor of 65 (ppg_rf_hls/firmware/BDT.h:56:0)
INFO: [HLS 214-186] Unrolling loop 'Activate' (ppg_rf_hls/firmware/BDT.h:97:15) in function 'BDT::Tree<110, 129, 65, ap_fixed<16, 6, (ap_q_mode)5, (ap_o_mode)3, 0> [15], ap_fixed<16, 6, (ap_q_mode)5, (ap_o_mode)3, 0>, ap_fixed<16, 6, (ap_q_mode)5, (ap_o_mode)3, 0> >::decision_function<ap_fixed<16, 6, (ap_q_mode)5, (ap_o_mode)3, 0>, ap_fixed<16, 6, (ap_q_mode)5, (ap_o_mode)3, 0> >' completely with a factor of 129 (ppg_rf_hls/firmware/BDT.h:56:0)
INFO: [HLS 214-186] Unrolling loop 'Compare' (ppg_rf_hls/firmware/BDT.h:84:11) in function 'BDT::Tree<110, 129, 65, ap_fixed<16, 6, (ap_q_mode)5, (ap_o_mode)3, 0> [15], ap_fixed<16, 6, (ap_q_mode)5, (ap_o_mode)3, 0>, ap_fixed<16, 6, (ap_q_mode)5, (ap_o_mode)3, 0> >::decision_function<ap_fixed<16, 6, (ap_q_mode)5, (ap_o_mode)3, 0>, ap_fixed<16, 6, (ap_q_mode)5, (ap_o_mode)3, 0> >' completely with a factor of 129 (ppg_rf_hls/firmware/BDT.h:56:0)
INFO: [HLS 214-186] Unrolling loop 'VITIS_LOOP_119_1' (ppg_rf_hls/firmware/BDT.h:119:23) in function 'BDT::Tree<109, 133, 67, ap_fixed<16, 6, (ap_q_mode)5, (ap_o_mode)3, 0> [15], ap_fixed<16, 6, (ap_q_mode)5, (ap_o_mode)3, 0>, ap_fixed<16, 6, (ap_q_mode)5, (ap_o_mode)3, 0> >::decision_function<ap_fixed<16, 6, (ap_q_mode)5, (ap_o_mode)3, 0>, ap_fixed<16, 6, (ap_q_mode)5, (ap_o_mode)3, 0> >' completely with a factor of 67 (ppg_rf_hls/firmware/BDT.h:56:0)
INFO: [HLS 214-186] Unrolling loop 'Activate' (ppg_rf_hls/firmware/BDT.h:97:15) in function 'BDT::Tree<109, 133, 67, ap_fixed<16, 6, (ap_q_mode)5, (ap_o_mode)3, 0> [15], ap_fixed<16, 6, (ap_q_mode)5, (ap_o_mode)3, 0>, ap_fixed<16, 6, (ap_q_mode)5, (ap_o_mode)3, 0> >::decision_function<ap_fixed<16, 6, (ap_q_mode)5, (ap_o_mode)3, 0>, ap_fixed<16, 6, (ap_q_mode)5, (ap_o_mode)3, 0> >' completely with a factor of 133 (ppg_rf_hls/firmware/BDT.h:56:0)
INFO: [HLS 214-186] Unrolling loop 'Compare' (ppg_rf_hls/firmware/BDT.h:84:11) in function 'BDT::Tree<109, 133, 67, ap_fixed<16, 6, (ap_q_mode)5, (ap_o_mode)3, 0> [15], ap_fixed<16, 6, (ap_q_mode)5, (ap_o_mode)3, 0>, ap_fixed<16, 6, (ap_q_mode)5, (ap_o_mode)3, 0> >::decision_function<ap_fixed<16, 6, (ap_q_mode)5, (ap_o_mode)3, 0>, ap_fixed<16, 6, (ap_q_mode)5, (ap_o_mode)3, 0> >' completely with a factor of 133 (ppg_rf_hls/firmware/BDT.h:56:0)
INFO: [HLS 214-186] Unrolling loop 'VITIS_LOOP_119_1' (ppg_rf_hls/firmware/BDT.h:119:23) in function 'BDT::Tree<108, 137, 69, ap_fixed<16, 6, (ap_q_mode)5, (ap_o_mode)3, 0> [15], ap_fixed<16, 6, (ap_q_mode)5, (ap_o_mode)3, 0>, ap_fixed<16, 6, (ap_q_mode)5, (ap_o_mode)3, 0> >::decision_function<ap_fixed<16, 6, (ap_q_mode)5, (ap_o_mode)3, 0>, ap_fixed<16, 6, (ap_q_mode)5, (ap_o_mode)3, 0> >' completely with a factor of 69 (ppg_rf_hls/firmware/BDT.h:56:0)
INFO: [HLS 214-186] Unrolling loop 'Activate' (ppg_rf_hls/firmware/BDT.h:97:15) in function 'BDT::Tree<108, 137, 69, ap_fixed<16, 6, (ap_q_mode)5, (ap_o_mode)3, 0> [15], ap_fixed<16, 6, (ap_q_mode)5, (ap_o_mode)3, 0>, ap_fixed<16, 6, (ap_q_mode)5, (ap_o_mode)3, 0> >::decision_function<ap_fixed<16, 6, (ap_q_mode)5, (ap_o_mode)3, 0>, ap_fixed<16, 6, (ap_q_mode)5, (ap_o_mode)3, 0> >' completely with a factor of 137 (ppg_rf_hls/firmware/BDT.h:56:0)
INFO: [HLS 214-186] Unrolling loop 'Compare' (ppg_rf_hls/firmware/BDT.h:84:11) in function 'BDT::Tree<108, 137, 69, ap_fixed<16, 6, (ap_q_mode)5, (ap_o_mode)3, 0> [15], ap_fixed<16, 6, (ap_q_mode)5, (ap_o_mode)3, 0>, ap_fixed<16, 6, (ap_q_mode)5, (ap_o_mode)3, 0> >::decision_function<ap_fixed<16, 6, (ap_q_mode)5, (ap_o_mode)3, 0>, ap_fixed<16, 6, (ap_q_mode)5, (ap_o_mode)3, 0> >' completely with a factor of 137 (ppg_rf_hls/firmware/BDT.h:56:0)
INFO: [HLS 214-186] Unrolling loop 'VITIS_LOOP_119_1' (ppg_rf_hls/firmware/BDT.h:119:23) in function 'BDT::Tree<107, 137, 69, ap_fixed<16, 6, (ap_q_mode)5, (ap_o_mode)3, 0> [15], ap_fixed<16, 6, (ap_q_mode)5, (ap_o_mode)3, 0>, ap_fixed<16, 6, (ap_q_mode)5, (ap_o_mode)3, 0> >::decision_function<ap_fixed<16, 6, (ap_q_mode)5, (ap_o_mode)3, 0>, ap_fixed<16, 6, (ap_q_mode)5, (ap_o_mode)3, 0> >' completely with a factor of 69 (ppg_rf_hls/firmware/BDT.h:56:0)
INFO: [HLS 214-186] Unrolling loop 'Activate' (ppg_rf_hls/firmware/BDT.h:97:15) in function 'BDT::Tree<107, 137, 69, ap_fixed<16, 6, (ap_q_mode)5, (ap_o_mode)3, 0> [15], ap_fixed<16, 6, (ap_q_mode)5, (ap_o_mode)3, 0>, ap_fixed<16, 6, (ap_q_mode)5, (ap_o_mode)3, 0> >::decision_function<ap_fixed<16, 6, (ap_q_mode)5, (ap_o_mode)3, 0>, ap_fixed<16, 6, (ap_q_mode)5, (ap_o_mode)3, 0> >' completely with a factor of 137 (ppg_rf_hls/firmware/BDT.h:56:0)
INFO: [HLS 214-186] Unrolling loop 'Compare' (ppg_rf_hls/firmware/BDT.h:84:11) in function 'BDT::Tree<107, 137, 69, ap_fixed<16, 6, (ap_q_mode)5, (ap_o_mode)3, 0> [15], ap_fixed<16, 6, (ap_q_mode)5, (ap_o_mode)3, 0>, ap_fixed<16, 6, (ap_q_mode)5, (ap_o_mode)3, 0> >::decision_function<ap_fixed<16, 6, (ap_q_mode)5, (ap_o_mode)3, 0>, ap_fixed<16, 6, (ap_q_mode)5, (ap_o_mode)3, 0> >' completely with a factor of 137 (ppg_rf_hls/firmware/BDT.h:56:0)
INFO: [HLS 214-186] Unrolling loop 'VITIS_LOOP_119_1' (ppg_rf_hls/firmware/BDT.h:119:23) in function 'BDT::Tree<106, 133, 67, ap_fixed<16, 6, (ap_q_mode)5, (ap_o_mode)3, 0> [15], ap_fixed<16, 6, (ap_q_mode)5, (ap_o_mode)3, 0>, ap_fixed<16, 6, (ap_q_mode)5, (ap_o_mode)3, 0> >::decision_function<ap_fixed<16, 6, (ap_q_mode)5, (ap_o_mode)3, 0>, ap_fixed<16, 6, (ap_q_mode)5, (ap_o_mode)3, 0> >' completely with a factor of 67 (ppg_rf_hls/firmware/BDT.h:56:0)
INFO: [HLS 214-186] Unrolling loop 'Activate' (ppg_rf_hls/firmware/BDT.h:97:15) in function 'BDT::Tree<106, 133, 67, ap_fixed<16, 6, (ap_q_mode)5, (ap_o_mode)3, 0> [15], ap_fixed<16, 6, (ap_q_mode)5, (ap_o_mode)3, 0>, ap_fixed<16, 6, (ap_q_mode)5, (ap_o_mode)3, 0> >::decision_function<ap_fixed<16, 6, (ap_q_mode)5, (ap_o_mode)3, 0>, ap_fixed<16, 6, (ap_q_mode)5, (ap_o_mode)3, 0> >' completely with a factor of 133 (ppg_rf_hls/firmware/BDT.h:56:0)
INFO: [HLS 214-186] Unrolling loop 'Compare' (ppg_rf_hls/firmware/BDT.h:84:11) in function 'BDT::Tree<106, 133, 67, ap_fixed<16, 6, (ap_q_mode)5, (ap_o_mode)3, 0> [15], ap_fixed<16, 6, (ap_q_mode)5, (ap_o_mode)3, 0>, ap_fixed<16, 6, (ap_q_mode)5, (ap_o_mode)3, 0> >::decision_function<ap_fixed<16, 6, (ap_q_mode)5, (ap_o_mode)3, 0>, ap_fixed<16, 6, (ap_q_mode)5, (ap_o_mode)3, 0> >' completely with a factor of 133 (ppg_rf_hls/firmware/BDT.h:56:0)
INFO: [HLS 214-186] Unrolling loop 'VITIS_LOOP_119_1' (ppg_rf_hls/firmware/BDT.h:119:23) in function 'BDT::Tree<105, 119, 60, ap_fixed<16, 6, (ap_q_mode)5, (ap_o_mode)3, 0> [15], ap_fixed<16, 6, (ap_q_mode)5, (ap_o_mode)3, 0>, ap_fixed<16, 6, (ap_q_mode)5, (ap_o_mode)3, 0> >::decision_function<ap_fixed<16, 6, (ap_q_mode)5, (ap_o_mode)3, 0>, ap_fixed<16, 6, (ap_q_mode)5, (ap_o_mode)3, 0> >' completely with a factor of 60 (ppg_rf_hls/firmware/BDT.h:56:0)
INFO: [HLS 214-186] Unrolling loop 'Activate' (ppg_rf_hls/firmware/BDT.h:97:15) in function 'BDT::Tree<105, 119, 60, ap_fixed<16, 6, (ap_q_mode)5, (ap_o_mode)3, 0> [15], ap_fixed<16, 6, (ap_q_mode)5, (ap_o_mode)3, 0>, ap_fixed<16, 6, (ap_q_mode)5, (ap_o_mode)3, 0> >::decision_function<ap_fixed<16, 6, (ap_q_mode)5, (ap_o_mode)3, 0>, ap_fixed<16, 6, (ap_q_mode)5, (ap_o_mode)3, 0> >' completely with a factor of 119 (ppg_rf_hls/firmware/BDT.h:56:0)
INFO: [HLS 214-186] Unrolling loop 'Compare' (ppg_rf_hls/firmware/BDT.h:84:11) in function 'BDT::Tree<105, 119, 60, ap_fixed<16, 6, (ap_q_mode)5, (ap_o_mode)3, 0> [15], ap_fixed<16, 6, (ap_q_mode)5, (ap_o_mode)3, 0>, ap_fixed<16, 6, (ap_q_mode)5, (ap_o_mode)3, 0> >::decision_function<ap_fixed<16, 6, (ap_q_mode)5, (ap_o_mode)3, 0>, ap_fixed<16, 6, (ap_q_mode)5, (ap_o_mode)3, 0> >' completely with a factor of 119 (ppg_rf_hls/firmware/BDT.h:56:0)
INFO: [HLS 214-186] Unrolling loop 'VITIS_LOOP_119_1' (ppg_rf_hls/firmware/BDT.h:119:23) in function 'BDT::Tree<104, 117, 59, ap_fixed<16, 6, (ap_q_mode)5, (ap_o_mode)3, 0> [15], ap_fixed<16, 6, (ap_q_mode)5, (ap_o_mode)3, 0>, ap_fixed<16, 6, (ap_q_mode)5, (ap_o_mode)3, 0> >::decision_function<ap_fixed<16, 6, (ap_q_mode)5, (ap_o_mode)3, 0>, ap_fixed<16, 6, (ap_q_mode)5, (ap_o_mode)3, 0> >' completely with a factor of 59 (ppg_rf_hls/firmware/BDT.h:56:0)
INFO: [HLS 214-186] Unrolling loop 'Activate' (ppg_rf_hls/firmware/BDT.h:97:15) in function 'BDT::Tree<104, 117, 59, ap_fixed<16, 6, (ap_q_mode)5, (ap_o_mode)3, 0> [15], ap_fixed<16, 6, (ap_q_mode)5, (ap_o_mode)3, 0>, ap_fixed<16, 6, (ap_q_mode)5, (ap_o_mode)3, 0> >::decision_function<ap_fixed<16, 6, (ap_q_mode)5, (ap_o_mode)3, 0>, ap_fixed<16, 6, (ap_q_mode)5, (ap_o_mode)3, 0> >' completely with a factor of 117 (ppg_rf_hls/firmware/BDT.h:56:0)
INFO: [HLS 214-186] Unrolling loop 'Compare' (ppg_rf_hls/firmware/BDT.h:84:11) in function 'BDT::Tree<104, 117, 59, ap_fixed<16, 6, (ap_q_mode)5, (ap_o_mode)3, 0> [15], ap_fixed<16, 6, (ap_q_mode)5, (ap_o_mode)3, 0>, ap_fixed<16, 6, (ap_q_mode)5, (ap_o_mode)3, 0> >::decision_function<ap_fixed<16, 6, (ap_q_mode)5, (ap_o_mode)3, 0>, ap_fixed<16, 6, (ap_q_mode)5, (ap_o_mode)3, 0> >' completely with a factor of 117 (ppg_rf_hls/firmware/BDT.h:56:0)
INFO: [HLS 214-186] Unrolling loop 'VITIS_LOOP_119_1' (ppg_rf_hls/firmware/BDT.h:119:23) in function 'BDT::Tree<103, 131, 66, ap_fixed<16, 6, (ap_q_mode)5, (ap_o_mode)3, 0> [15], ap_fixed<16, 6, (ap_q_mode)5, (ap_o_mode)3, 0>, ap_fixed<16, 6, (ap_q_mode)5, (ap_o_mode)3, 0> >::decision_function<ap_fixed<16, 6, (ap_q_mode)5, (ap_o_mode)3, 0>, ap_fixed<16, 6, (ap_q_mode)5, (ap_o_mode)3, 0> >' completely with a factor of 66 (ppg_rf_hls/firmware/BDT.h:56:0)
INFO: [HLS 214-186] Unrolling loop 'Activate' (ppg_rf_hls/firmware/BDT.h:97:15) in function 'BDT::Tree<103, 131, 66, ap_fixed<16, 6, (ap_q_mode)5, (ap_o_mode)3, 0> [15], ap_fixed<16, 6, (ap_q_mode)5, (ap_o_mode)3, 0>, ap_fixed<16, 6, (ap_q_mode)5, (ap_o_mode)3, 0> >::decision_function<ap_fixed<16, 6, (ap_q_mode)5, (ap_o_mode)3, 0>, ap_fixed<16, 6, (ap_q_mode)5, (ap_o_mode)3, 0> >' completely with a factor of 131 (ppg_rf_hls/firmware/BDT.h:56:0)
INFO: [HLS 214-186] Unrolling loop 'Compare' (ppg_rf_hls/firmware/BDT.h:84:11) in function 'BDT::Tree<103, 131, 66, ap_fixed<16, 6, (ap_q_mode)5, (ap_o_mode)3, 0> [15], ap_fixed<16, 6, (ap_q_mode)5, (ap_o_mode)3, 0>, ap_fixed<16, 6, (ap_q_mode)5, (ap_o_mode)3, 0> >::decision_function<ap_fixed<16, 6, (ap_q_mode)5, (ap_o_mode)3, 0>, ap_fixed<16, 6, (ap_q_mode)5, (ap_o_mode)3, 0> >' completely with a factor of 131 (ppg_rf_hls/firmware/BDT.h:56:0)
INFO: [HLS 214-186] Unrolling loop 'VITIS_LOOP_119_1' (ppg_rf_hls/firmware/BDT.h:119:23) in function 'BDT::Tree<102, 117, 59, ap_fixed<16, 6, (ap_q_mode)5, (ap_o_mode)3, 0> [15], ap_fixed<16, 6, (ap_q_mode)5, (ap_o_mode)3, 0>, ap_fixed<16, 6, (ap_q_mode)5, (ap_o_mode)3, 0> >::decision_function<ap_fixed<16, 6, (ap_q_mode)5, (ap_o_mode)3, 0>, ap_fixed<16, 6, (ap_q_mode)5, (ap_o_mode)3, 0> >' completely with a factor of 59 (ppg_rf_hls/firmware/BDT.h:56:0)
INFO: [HLS 214-186] Unrolling loop 'Activate' (ppg_rf_hls/firmware/BDT.h:97:15) in function 'BDT::Tree<102, 117, 59, ap_fixed<16, 6, (ap_q_mode)5, (ap_o_mode)3, 0> [15], ap_fixed<16, 6, (ap_q_mode)5, (ap_o_mode)3, 0>, ap_fixed<16, 6, (ap_q_mode)5, (ap_o_mode)3, 0> >::decision_function<ap_fixed<16, 6, (ap_q_mode)5, (ap_o_mode)3, 0>, ap_fixed<16, 6, (ap_q_mode)5, (ap_o_mode)3, 0> >' completely with a factor of 117 (ppg_rf_hls/firmware/BDT.h:56:0)
INFO: [HLS 214-186] Unrolling loop 'Compare' (ppg_rf_hls/firmware/BDT.h:84:11) in function 'BDT::Tree<102, 117, 59, ap_fixed<16, 6, (ap_q_mode)5, (ap_o_mode)3, 0> [15], ap_fixed<16, 6, (ap_q_mode)5, (ap_o_mode)3, 0>, ap_fixed<16, 6, (ap_q_mode)5, (ap_o_mode)3, 0> >::decision_function<ap_fixed<16, 6, (ap_q_mode)5, (ap_o_mode)3, 0>, ap_fixed<16, 6, (ap_q_mode)5, (ap_o_mode)3, 0> >' completely with a factor of 117 (ppg_rf_hls/firmware/BDT.h:56:0)
INFO: [HLS 214-186] Unrolling loop 'VITIS_LOOP_119_1' (ppg_rf_hls/firmware/BDT.h:119:23) in function 'BDT::Tree<101, 125, 63, ap_fixed<16, 6, (ap_q_mode)5, (ap_o_mode)3, 0> [15], ap_fixed<16, 6, (ap_q_mode)5, (ap_o_mode)3, 0>, ap_fixed<16, 6, (ap_q_mode)5, (ap_o_mode)3, 0> >::decision_function<ap_fixed<16, 6, (ap_q_mode)5, (ap_o_mode)3, 0>, ap_fixed<16, 6, (ap_q_mode)5, (ap_o_mode)3, 0> >' completely with a factor of 63 (ppg_rf_hls/firmware/BDT.h:56:0)
INFO: [HLS 214-186] Unrolling loop 'Activate' (ppg_rf_hls/firmware/BDT.h:97:15) in function 'BDT::Tree<101, 125, 63, ap_fixed<16, 6, (ap_q_mode)5, (ap_o_mode)3, 0> [15], ap_fixed<16, 6, (ap_q_mode)5, (ap_o_mode)3, 0>, ap_fixed<16, 6, (ap_q_mode)5, (ap_o_mode)3, 0> >::decision_function<ap_fixed<16, 6, (ap_q_mode)5, (ap_o_mode)3, 0>, ap_fixed<16, 6, (ap_q_mode)5, (ap_o_mode)3, 0> >' completely with a factor of 125 (ppg_rf_hls/firmware/BDT.h:56:0)
INFO: [HLS 214-186] Unrolling loop 'Compare' (ppg_rf_hls/firmware/BDT.h:84:11) in function 'BDT::Tree<101, 125, 63, ap_fixed<16, 6, (ap_q_mode)5, (ap_o_mode)3, 0> [15], ap_fixed<16, 6, (ap_q_mode)5, (ap_o_mode)3, 0>, ap_fixed<16, 6, (ap_q_mode)5, (ap_o_mode)3, 0> >::decision_function<ap_fixed<16, 6, (ap_q_mode)5, (ap_o_mode)3, 0>, ap_fixed<16, 6, (ap_q_mode)5, (ap_o_mode)3, 0> >' completely with a factor of 125 (ppg_rf_hls/firmware/BDT.h:56:0)
INFO: [HLS 214-186] Unrolling loop 'VITIS_LOOP_119_1' (ppg_rf_hls/firmware/BDT.h:119:23) in function 'BDT::Tree<100, 135, 68, ap_fixed<16, 6, (ap_q_mode)5, (ap_o_mode)3, 0> [15], ap_fixed<16, 6, (ap_q_mode)5, (ap_o_mode)3, 0>, ap_fixed<16, 6, (ap_q_mode)5, (ap_o_mode)3, 0> >::decision_function<ap_fixed<16, 6, (ap_q_mode)5, (ap_o_mode)3, 0>, ap_fixed<16, 6, (ap_q_mode)5, (ap_o_mode)3, 0> >' completely with a factor of 68 (ppg_rf_hls/firmware/BDT.h:56:0)
INFO: [HLS 214-186] Unrolling loop 'Activate' (ppg_rf_hls/firmware/BDT.h:97:15) in function 'BDT::Tree<100, 135, 68, ap_fixed<16, 6, (ap_q_mode)5, (ap_o_mode)3, 0> [15], ap_fixed<16, 6, (ap_q_mode)5, (ap_o_mode)3, 0>, ap_fixed<16, 6, (ap_q_mode)5, (ap_o_mode)3, 0> >::decision_function<ap_fixed<16, 6, (ap_q_mode)5, (ap_o_mode)3, 0>, ap_fixed<16, 6, (ap_q_mode)5, (ap_o_mode)3, 0> >' completely with a factor of 135 (ppg_rf_hls/firmware/BDT.h:56:0)
INFO: [HLS 214-186] Unrolling loop 'Compare' (ppg_rf_hls/firmware/BDT.h:84:11) in function 'BDT::Tree<100, 135, 68, ap_fixed<16, 6, (ap_q_mode)5, (ap_o_mode)3, 0> [15], ap_fixed<16, 6, (ap_q_mode)5, (ap_o_mode)3, 0>, ap_fixed<16, 6, (ap_q_mode)5, (ap_o_mode)3, 0> >::decision_function<ap_fixed<16, 6, (ap_q_mode)5, (ap_o_mode)3, 0>, ap_fixed<16, 6, (ap_q_mode)5, (ap_o_mode)3, 0> >' completely with a factor of 135 (ppg_rf_hls/firmware/BDT.h:56:0)
INFO: [HLS 214-186] Unrolling loop 'VITIS_LOOP_119_1' (ppg_rf_hls/firmware/BDT.h:119:23) in function 'BDT::Tree<99, 119, 60, ap_fixed<16, 6, (ap_q_mode)5, (ap_o_mode)3, 0> [15], ap_fixed<16, 6, (ap_q_mode)5, (ap_o_mode)3, 0>, ap_fixed<16, 6, (ap_q_mode)5, (ap_o_mode)3, 0> >::decision_function<ap_fixed<16, 6, (ap_q_mode)5, (ap_o_mode)3, 0>, ap_fixed<16, 6, (ap_q_mode)5, (ap_o_mode)3, 0> >' completely with a factor of 60 (ppg_rf_hls/firmware/BDT.h:56:0)
INFO: [HLS 214-186] Unrolling loop 'Activate' (ppg_rf_hls/firmware/BDT.h:97:15) in function 'BDT::Tree<99, 119, 60, ap_fixed<16, 6, (ap_q_mode)5, (ap_o_mode)3, 0> [15], ap_fixed<16, 6, (ap_q_mode)5, (ap_o_mode)3, 0>, ap_fixed<16, 6, (ap_q_mode)5, (ap_o_mode)3, 0> >::decision_function<ap_fixed<16, 6, (ap_q_mode)5, (ap_o_mode)3, 0>, ap_fixed<16, 6, (ap_q_mode)5, (ap_o_mode)3, 0> >' completely with a factor of 119 (ppg_rf_hls/firmware/BDT.h:56:0)
INFO: [HLS 214-186] Unrolling loop 'Compare' (ppg_rf_hls/firmware/BDT.h:84:11) in function 'BDT::Tree<99, 119, 60, ap_fixed<16, 6, (ap_q_mode)5, (ap_o_mode)3, 0> [15], ap_fixed<16, 6, (ap_q_mode)5, (ap_o_mode)3, 0>, ap_fixed<16, 6, (ap_q_mode)5, (ap_o_mode)3, 0> >::decision_function<ap_fixed<16, 6, (ap_q_mode)5, (ap_o_mode)3, 0>, ap_fixed<16, 6, (ap_q_mode)5, (ap_o_mode)3, 0> >' completely with a factor of 119 (ppg_rf_hls/firmware/BDT.h:56:0)
INFO: [HLS 214-186] Unrolling loop 'VITIS_LOOP_119_1' (ppg_rf_hls/firmware/BDT.h:119:23) in function 'BDT::Tree<98, 135, 68, ap_fixed<16, 6, (ap_q_mode)5, (ap_o_mode)3, 0> [15], ap_fixed<16, 6, (ap_q_mode)5, (ap_o_mode)3, 0>, ap_fixed<16, 6, (ap_q_mode)5, (ap_o_mode)3, 0> >::decision_function<ap_fixed<16, 6, (ap_q_mode)5, (ap_o_mode)3, 0>, ap_fixed<16, 6, (ap_q_mode)5, (ap_o_mode)3, 0> >' completely with a factor of 68 (ppg_rf_hls/firmware/BDT.h:56:0)
INFO: [HLS 214-186] Unrolling loop 'Activate' (ppg_rf_hls/firmware/BDT.h:97:15) in function 'BDT::Tree<98, 135, 68, ap_fixed<16, 6, (ap_q_mode)5, (ap_o_mode)3, 0> [15], ap_fixed<16, 6, (ap_q_mode)5, (ap_o_mode)3, 0>, ap_fixed<16, 6, (ap_q_mode)5, (ap_o_mode)3, 0> >::decision_function<ap_fixed<16, 6, (ap_q_mode)5, (ap_o_mode)3, 0>, ap_fixed<16, 6, (ap_q_mode)5, (ap_o_mode)3, 0> >' completely with a factor of 135 (ppg_rf_hls/firmware/BDT.h:56:0)
INFO: [HLS 214-186] Unrolling loop 'Compare' (ppg_rf_hls/firmware/BDT.h:84:11) in function 'BDT::Tree<98, 135, 68, ap_fixed<16, 6, (ap_q_mode)5, (ap_o_mode)3, 0> [15], ap_fixed<16, 6, (ap_q_mode)5, (ap_o_mode)3, 0>, ap_fixed<16, 6, (ap_q_mode)5, (ap_o_mode)3, 0> >::decision_function<ap_fixed<16, 6, (ap_q_mode)5, (ap_o_mode)3, 0>, ap_fixed<16, 6, (ap_q_mode)5, (ap_o_mode)3, 0> >' completely with a factor of 135 (ppg_rf_hls/firmware/BDT.h:56:0)
INFO: [HLS 214-186] Unrolling loop 'VITIS_LOOP_119_1' (ppg_rf_hls/firmware/BDT.h:119:23) in function 'BDT::Tree<97, 111, 56, ap_fixed<16, 6, (ap_q_mode)5, (ap_o_mode)3, 0> [15], ap_fixed<16, 6, (ap_q_mode)5, (ap_o_mode)3, 0>, ap_fixed<16, 6, (ap_q_mode)5, (ap_o_mode)3, 0> >::decision_function<ap_fixed<16, 6, (ap_q_mode)5, (ap_o_mode)3, 0>, ap_fixed<16, 6, (ap_q_mode)5, (ap_o_mode)3, 0> >' completely with a factor of 56 (ppg_rf_hls/firmware/BDT.h:56:0)
INFO: [HLS 214-186] Unrolling loop 'Activate' (ppg_rf_hls/firmware/BDT.h:97:15) in function 'BDT::Tree<97, 111, 56, ap_fixed<16, 6, (ap_q_mode)5, (ap_o_mode)3, 0> [15], ap_fixed<16, 6, (ap_q_mode)5, (ap_o_mode)3, 0>, ap_fixed<16, 6, (ap_q_mode)5, (ap_o_mode)3, 0> >::decision_function<ap_fixed<16, 6, (ap_q_mode)5, (ap_o_mode)3, 0>, ap_fixed<16, 6, (ap_q_mode)5, (ap_o_mode)3, 0> >' completely with a factor of 111 (ppg_rf_hls/firmware/BDT.h:56:0)
INFO: [HLS 214-186] Unrolling loop 'Compare' (ppg_rf_hls/firmware/BDT.h:84:11) in function 'BDT::Tree<97, 111, 56, ap_fixed<16, 6, (ap_q_mode)5, (ap_o_mode)3, 0> [15], ap_fixed<16, 6, (ap_q_mode)5, (ap_o_mode)3, 0>, ap_fixed<16, 6, (ap_q_mode)5, (ap_o_mode)3, 0> >::decision_function<ap_fixed<16, 6, (ap_q_mode)5, (ap_o_mode)3, 0>, ap_fixed<16, 6, (ap_q_mode)5, (ap_o_mode)3, 0> >' completely with a factor of 111 (ppg_rf_hls/firmware/BDT.h:56:0)
INFO: [HLS 214-186] Unrolling loop 'VITIS_LOOP_119_1' (ppg_rf_hls/firmware/BDT.h:119:23) in function 'BDT::Tree<96, 113, 57, ap_fixed<16, 6, (ap_q_mode)5, (ap_o_mode)3, 0> [15], ap_fixed<16, 6, (ap_q_mode)5, (ap_o_mode)3, 0>, ap_fixed<16, 6, (ap_q_mode)5, (ap_o_mode)3, 0> >::decision_function<ap_fixed<16, 6, (ap_q_mode)5, (ap_o_mode)3, 0>, ap_fixed<16, 6, (ap_q_mode)5, (ap_o_mode)3, 0> >' completely with a factor of 57 (ppg_rf_hls/firmware/BDT.h:56:0)
INFO: [HLS 214-186] Unrolling loop 'Activate' (ppg_rf_hls/firmware/BDT.h:97:15) in function 'BDT::Tree<96, 113, 57, ap_fixed<16, 6, (ap_q_mode)5, (ap_o_mode)3, 0> [15], ap_fixed<16, 6, (ap_q_mode)5, (ap_o_mode)3, 0>, ap_fixed<16, 6, (ap_q_mode)5, (ap_o_mode)3, 0> >::decision_function<ap_fixed<16, 6, (ap_q_mode)5, (ap_o_mode)3, 0>, ap_fixed<16, 6, (ap_q_mode)5, (ap_o_mode)3, 0> >' completely with a factor of 113 (ppg_rf_hls/firmware/BDT.h:56:0)
INFO: [HLS 214-186] Unrolling loop 'Compare' (ppg_rf_hls/firmware/BDT.h:84:11) in function 'BDT::Tree<96, 113, 57, ap_fixed<16, 6, (ap_q_mode)5, (ap_o_mode)3, 0> [15], ap_fixed<16, 6, (ap_q_mode)5, (ap_o_mode)3, 0>, ap_fixed<16, 6, (ap_q_mode)5, (ap_o_mode)3, 0> >::decision_function<ap_fixed<16, 6, (ap_q_mode)5, (ap_o_mode)3, 0>, ap_fixed<16, 6, (ap_q_mode)5, (ap_o_mode)3, 0> >' completely with a factor of 113 (ppg_rf_hls/firmware/BDT.h:56:0)
INFO: [HLS 214-186] Unrolling loop 'VITIS_LOOP_119_1' (ppg_rf_hls/firmware/BDT.h:119:23) in function 'BDT::Tree<95, 131, 66, ap_fixed<16, 6, (ap_q_mode)5, (ap_o_mode)3, 0> [15], ap_fixed<16, 6, (ap_q_mode)5, (ap_o_mode)3, 0>, ap_fixed<16, 6, (ap_q_mode)5, (ap_o_mode)3, 0> >::decision_function<ap_fixed<16, 6, (ap_q_mode)5, (ap_o_mode)3, 0>, ap_fixed<16, 6, (ap_q_mode)5, (ap_o_mode)3, 0> >' completely with a factor of 66 (ppg_rf_hls/firmware/BDT.h:56:0)
INFO: [HLS 214-186] Unrolling loop 'Activate' (ppg_rf_hls/firmware/BDT.h:97:15) in function 'BDT::Tree<95, 131, 66, ap_fixed<16, 6, (ap_q_mode)5, (ap_o_mode)3, 0> [15], ap_fixed<16, 6, (ap_q_mode)5, (ap_o_mode)3, 0>, ap_fixed<16, 6, (ap_q_mode)5, (ap_o_mode)3, 0> >::decision_function<ap_fixed<16, 6, (ap_q_mode)5, (ap_o_mode)3, 0>, ap_fixed<16, 6, (ap_q_mode)5, (ap_o_mode)3, 0> >' completely with a factor of 131 (ppg_rf_hls/firmware/BDT.h:56:0)
INFO: [HLS 214-186] Unrolling loop 'Compare' (ppg_rf_hls/firmware/BDT.h:84:11) in function 'BDT::Tree<95, 131, 66, ap_fixed<16, 6, (ap_q_mode)5, (ap_o_mode)3, 0> [15], ap_fixed<16, 6, (ap_q_mode)5, (ap_o_mode)3, 0>, ap_fixed<16, 6, (ap_q_mode)5, (ap_o_mode)3, 0> >::decision_function<ap_fixed<16, 6, (ap_q_mode)5, (ap_o_mode)3, 0>, ap_fixed<16, 6, (ap_q_mode)5, (ap_o_mode)3, 0> >' completely with a factor of 131 (ppg_rf_hls/firmware/BDT.h:56:0)
INFO: [HLS 214-186] Unrolling loop 'VITIS_LOOP_119_1' (ppg_rf_hls/firmware/BDT.h:119:23) in function 'BDT::Tree<94, 105, 53, ap_fixed<16, 6, (ap_q_mode)5, (ap_o_mode)3, 0> [15], ap_fixed<16, 6, (ap_q_mode)5, (ap_o_mode)3, 0>, ap_fixed<16, 6, (ap_q_mode)5, (ap_o_mode)3, 0> >::decision_function<ap_fixed<16, 6, (ap_q_mode)5, (ap_o_mode)3, 0>, ap_fixed<16, 6, (ap_q_mode)5, (ap_o_mode)3, 0> >' completely with a factor of 53 (ppg_rf_hls/firmware/BDT.h:56:0)
INFO: [HLS 214-186] Unrolling loop 'Activate' (ppg_rf_hls/firmware/BDT.h:97:15) in function 'BDT::Tree<94, 105, 53, ap_fixed<16, 6, (ap_q_mode)5, (ap_o_mode)3, 0> [15], ap_fixed<16, 6, (ap_q_mode)5, (ap_o_mode)3, 0>, ap_fixed<16, 6, (ap_q_mode)5, (ap_o_mode)3, 0> >::decision_function<ap_fixed<16, 6, (ap_q_mode)5, (ap_o_mode)3, 0>, ap_fixed<16, 6, (ap_q_mode)5, (ap_o_mode)3, 0> >' completely with a factor of 105 (ppg_rf_hls/firmware/BDT.h:56:0)
INFO: [HLS 214-186] Unrolling loop 'Compare' (ppg_rf_hls/firmware/BDT.h:84:11) in function 'BDT::Tree<94, 105, 53, ap_fixed<16, 6, (ap_q_mode)5, (ap_o_mode)3, 0> [15], ap_fixed<16, 6, (ap_q_mode)5, (ap_o_mode)3, 0>, ap_fixed<16, 6, (ap_q_mode)5, (ap_o_mode)3, 0> >::decision_function<ap_fixed<16, 6, (ap_q_mode)5, (ap_o_mode)3, 0>, ap_fixed<16, 6, (ap_q_mode)5, (ap_o_mode)3, 0> >' completely with a factor of 105 (ppg_rf_hls/firmware/BDT.h:56:0)
INFO: [HLS 214-186] Unrolling loop 'VITIS_LOOP_119_1' (ppg_rf_hls/firmware/BDT.h:119:23) in function 'BDT::Tree<93, 127, 64, ap_fixed<16, 6, (ap_q_mode)5, (ap_o_mode)3, 0> [15], ap_fixed<16, 6, (ap_q_mode)5, (ap_o_mode)3, 0>, ap_fixed<16, 6, (ap_q_mode)5, (ap_o_mode)3, 0> >::decision_function<ap_fixed<16, 6, (ap_q_mode)5, (ap_o_mode)3, 0>, ap_fixed<16, 6, (ap_q_mode)5, (ap_o_mode)3, 0> >' completely with a factor of 64 (ppg_rf_hls/firmware/BDT.h:56:0)
INFO: [HLS 214-186] Unrolling loop 'Activate' (ppg_rf_hls/firmware/BDT.h:97:15) in function 'BDT::Tree<93, 127, 64, ap_fixed<16, 6, (ap_q_mode)5, (ap_o_mode)3, 0> [15], ap_fixed<16, 6, (ap_q_mode)5, (ap_o_mode)3, 0>, ap_fixed<16, 6, (ap_q_mode)5, (ap_o_mode)3, 0> >::decision_function<ap_fixed<16, 6, (ap_q_mode)5, (ap_o_mode)3, 0>, ap_fixed<16, 6, (ap_q_mode)5, (ap_o_mode)3, 0> >' completely with a factor of 127 (ppg_rf_hls/firmware/BDT.h:56:0)
INFO: [HLS 214-186] Unrolling loop 'Compare' (ppg_rf_hls/firmware/BDT.h:84:11) in function 'BDT::Tree<93, 127, 64, ap_fixed<16, 6, (ap_q_mode)5, (ap_o_mode)3, 0> [15], ap_fixed<16, 6, (ap_q_mode)5, (ap_o_mode)3, 0>, ap_fixed<16, 6, (ap_q_mode)5, (ap_o_mode)3, 0> >::decision_function<ap_fixed<16, 6, (ap_q_mode)5, (ap_o_mode)3, 0>, ap_fixed<16, 6, (ap_q_mode)5, (ap_o_mode)3, 0> >' completely with a factor of 127 (ppg_rf_hls/firmware/BDT.h:56:0)
INFO: [HLS 214-186] Unrolling loop 'VITIS_LOOP_119_1' (ppg_rf_hls/firmware/BDT.h:119:23) in function 'BDT::Tree<92, 131, 66, ap_fixed<16, 6, (ap_q_mode)5, (ap_o_mode)3, 0> [15], ap_fixed<16, 6, (ap_q_mode)5, (ap_o_mode)3, 0>, ap_fixed<16, 6, (ap_q_mode)5, (ap_o_mode)3, 0> >::decision_function<ap_fixed<16, 6, (ap_q_mode)5, (ap_o_mode)3, 0>, ap_fixed<16, 6, (ap_q_mode)5, (ap_o_mode)3, 0> >' completely with a factor of 66 (ppg_rf_hls/firmware/BDT.h:56:0)
INFO: [HLS 214-186] Unrolling loop 'Activate' (ppg_rf_hls/firmware/BDT.h:97:15) in function 'BDT::Tree<92, 131, 66, ap_fixed<16, 6, (ap_q_mode)5, (ap_o_mode)3, 0> [15], ap_fixed<16, 6, (ap_q_mode)5, (ap_o_mode)3, 0>, ap_fixed<16, 6, (ap_q_mode)5, (ap_o_mode)3, 0> >::decision_function<ap_fixed<16, 6, (ap_q_mode)5, (ap_o_mode)3, 0>, ap_fixed<16, 6, (ap_q_mode)5, (ap_o_mode)3, 0> >' completely with a factor of 131 (ppg_rf_hls/firmware/BDT.h:56:0)
INFO: [HLS 214-186] Unrolling loop 'Compare' (ppg_rf_hls/firmware/BDT.h:84:11) in function 'BDT::Tree<92, 131, 66, ap_fixed<16, 6, (ap_q_mode)5, (ap_o_mode)3, 0> [15], ap_fixed<16, 6, (ap_q_mode)5, (ap_o_mode)3, 0>, ap_fixed<16, 6, (ap_q_mode)5, (ap_o_mode)3, 0> >::decision_function<ap_fixed<16, 6, (ap_q_mode)5, (ap_o_mode)3, 0>, ap_fixed<16, 6, (ap_q_mode)5, (ap_o_mode)3, 0> >' completely with a factor of 131 (ppg_rf_hls/firmware/BDT.h:56:0)
INFO: [HLS 214-186] Unrolling loop 'VITIS_LOOP_119_1' (ppg_rf_hls/firmware/BDT.h:119:23) in function 'BDT::Tree<91, 123, 62, ap_fixed<16, 6, (ap_q_mode)5, (ap_o_mode)3, 0> [15], ap_fixed<16, 6, (ap_q_mode)5, (ap_o_mode)3, 0>, ap_fixed<16, 6, (ap_q_mode)5, (ap_o_mode)3, 0> >::decision_function<ap_fixed<16, 6, (ap_q_mode)5, (ap_o_mode)3, 0>, ap_fixed<16, 6, (ap_q_mode)5, (ap_o_mode)3, 0> >' completely with a factor of 62 (ppg_rf_hls/firmware/BDT.h:56:0)
INFO: [HLS 214-186] Unrolling loop 'Activate' (ppg_rf_hls/firmware/BDT.h:97:15) in function 'BDT::Tree<91, 123, 62, ap_fixed<16, 6, (ap_q_mode)5, (ap_o_mode)3, 0> [15], ap_fixed<16, 6, (ap_q_mode)5, (ap_o_mode)3, 0>, ap_fixed<16, 6, (ap_q_mode)5, (ap_o_mode)3, 0> >::decision_function<ap_fixed<16, 6, (ap_q_mode)5, (ap_o_mode)3, 0>, ap_fixed<16, 6, (ap_q_mode)5, (ap_o_mode)3, 0> >' completely with a factor of 123 (ppg_rf_hls/firmware/BDT.h:56:0)
INFO: [HLS 214-186] Unrolling loop 'Compare' (ppg_rf_hls/firmware/BDT.h:84:11) in function 'BDT::Tree<91, 123, 62, ap_fixed<16, 6, (ap_q_mode)5, (ap_o_mode)3, 0> [15], ap_fixed<16, 6, (ap_q_mode)5, (ap_o_mode)3, 0>, ap_fixed<16, 6, (ap_q_mode)5, (ap_o_mode)3, 0> >::decision_function<ap_fixed<16, 6, (ap_q_mode)5, (ap_o_mode)3, 0>, ap_fixed<16, 6, (ap_q_mode)5, (ap_o_mode)3, 0> >' completely with a factor of 123 (ppg_rf_hls/firmware/BDT.h:56:0)
INFO: [HLS 214-186] Unrolling loop 'VITIS_LOOP_119_1' (ppg_rf_hls/firmware/BDT.h:119:23) in function 'BDT::Tree<90, 137, 69, ap_fixed<16, 6, (ap_q_mode)5, (ap_o_mode)3, 0> [15], ap_fixed<16, 6, (ap_q_mode)5, (ap_o_mode)3, 0>, ap_fixed<16, 6, (ap_q_mode)5, (ap_o_mode)3, 0> >::decision_function<ap_fixed<16, 6, (ap_q_mode)5, (ap_o_mode)3, 0>, ap_fixed<16, 6, (ap_q_mode)5, (ap_o_mode)3, 0> >' completely with a factor of 69 (ppg_rf_hls/firmware/BDT.h:56:0)
INFO: [HLS 214-186] Unrolling loop 'Activate' (ppg_rf_hls/firmware/BDT.h:97:15) in function 'BDT::Tree<90, 137, 69, ap_fixed<16, 6, (ap_q_mode)5, (ap_o_mode)3, 0> [15], ap_fixed<16, 6, (ap_q_mode)5, (ap_o_mode)3, 0>, ap_fixed<16, 6, (ap_q_mode)5, (ap_o_mode)3, 0> >::decision_function<ap_fixed<16, 6, (ap_q_mode)5, (ap_o_mode)3, 0>, ap_fixed<16, 6, (ap_q_mode)5, (ap_o_mode)3, 0> >' completely with a factor of 137 (ppg_rf_hls/firmware/BDT.h:56:0)
INFO: [HLS 214-186] Unrolling loop 'Compare' (ppg_rf_hls/firmware/BDT.h:84:11) in function 'BDT::Tree<90, 137, 69, ap_fixed<16, 6, (ap_q_mode)5, (ap_o_mode)3, 0> [15], ap_fixed<16, 6, (ap_q_mode)5, (ap_o_mode)3, 0>, ap_fixed<16, 6, (ap_q_mode)5, (ap_o_mode)3, 0> >::decision_function<ap_fixed<16, 6, (ap_q_mode)5, (ap_o_mode)3, 0>, ap_fixed<16, 6, (ap_q_mode)5, (ap_o_mode)3, 0> >' completely with a factor of 137 (ppg_rf_hls/firmware/BDT.h:56:0)
INFO: [HLS 214-186] Unrolling loop 'VITIS_LOOP_119_1' (ppg_rf_hls/firmware/BDT.h:119:23) in function 'BDT::Tree<89, 121, 61, ap_fixed<16, 6, (ap_q_mode)5, (ap_o_mode)3, 0> [15], ap_fixed<16, 6, (ap_q_mode)5, (ap_o_mode)3, 0>, ap_fixed<16, 6, (ap_q_mode)5, (ap_o_mode)3, 0> >::decision_function<ap_fixed<16, 6, (ap_q_mode)5, (ap_o_mode)3, 0>, ap_fixed<16, 6, (ap_q_mode)5, (ap_o_mode)3, 0> >' completely with a factor of 61 (ppg_rf_hls/firmware/BDT.h:56:0)
INFO: [HLS 214-186] Unrolling loop 'Activate' (ppg_rf_hls/firmware/BDT.h:97:15) in function 'BDT::Tree<89, 121, 61, ap_fixed<16, 6, (ap_q_mode)5, (ap_o_mode)3, 0> [15], ap_fixed<16, 6, (ap_q_mode)5, (ap_o_mode)3, 0>, ap_fixed<16, 6, (ap_q_mode)5, (ap_o_mode)3, 0> >::decision_function<ap_fixed<16, 6, (ap_q_mode)5, (ap_o_mode)3, 0>, ap_fixed<16, 6, (ap_q_mode)5, (ap_o_mode)3, 0> >' completely with a factor of 121 (ppg_rf_hls/firmware/BDT.h:56:0)
INFO: [HLS 214-186] Unrolling loop 'Compare' (ppg_rf_hls/firmware/BDT.h:84:11) in function 'BDT::Tree<89, 121, 61, ap_fixed<16, 6, (ap_q_mode)5, (ap_o_mode)3, 0> [15], ap_fixed<16, 6, (ap_q_mode)5, (ap_o_mode)3, 0>, ap_fixed<16, 6, (ap_q_mode)5, (ap_o_mode)3, 0> >::decision_function<ap_fixed<16, 6, (ap_q_mode)5, (ap_o_mode)3, 0>, ap_fixed<16, 6, (ap_q_mode)5, (ap_o_mode)3, 0> >' completely with a factor of 121 (ppg_rf_hls/firmware/BDT.h:56:0)
INFO: [HLS 214-186] Unrolling loop 'VITIS_LOOP_119_1' (ppg_rf_hls/firmware/BDT.h:119:23) in function 'BDT::Tree<88, 137, 69, ap_fixed<16, 6, (ap_q_mode)5, (ap_o_mode)3, 0> [15], ap_fixed<16, 6, (ap_q_mode)5, (ap_o_mode)3, 0>, ap_fixed<16, 6, (ap_q_mode)5, (ap_o_mode)3, 0> >::decision_function<ap_fixed<16, 6, (ap_q_mode)5, (ap_o_mode)3, 0>, ap_fixed<16, 6, (ap_q_mode)5, (ap_o_mode)3, 0> >' completely with a factor of 69 (ppg_rf_hls/firmware/BDT.h:56:0)
INFO: [HLS 214-186] Unrolling loop 'Activate' (ppg_rf_hls/firmware/BDT.h:97:15) in function 'BDT::Tree<88, 137, 69, ap_fixed<16, 6, (ap_q_mode)5, (ap_o_mode)3, 0> [15], ap_fixed<16, 6, (ap_q_mode)5, (ap_o_mode)3, 0>, ap_fixed<16, 6, (ap_q_mode)5, (ap_o_mode)3, 0> >::decision_function<ap_fixed<16, 6, (ap_q_mode)5, (ap_o_mode)3, 0>, ap_fixed<16, 6, (ap_q_mode)5, (ap_o_mode)3, 0> >' completely with a factor of 137 (ppg_rf_hls/firmware/BDT.h:56:0)
INFO: [HLS 214-186] Unrolling loop 'Compare' (ppg_rf_hls/firmware/BDT.h:84:11) in function 'BDT::Tree<88, 137, 69, ap_fixed<16, 6, (ap_q_mode)5, (ap_o_mode)3, 0> [15], ap_fixed<16, 6, (ap_q_mode)5, (ap_o_mode)3, 0>, ap_fixed<16, 6, (ap_q_mode)5, (ap_o_mode)3, 0> >::decision_function<ap_fixed<16, 6, (ap_q_mode)5, (ap_o_mode)3, 0>, ap_fixed<16, 6, (ap_q_mode)5, (ap_o_mode)3, 0> >' completely with a factor of 137 (ppg_rf_hls/firmware/BDT.h:56:0)
INFO: [HLS 214-186] Unrolling loop 'VITIS_LOOP_119_1' (ppg_rf_hls/firmware/BDT.h:119:23) in function 'BDT::Tree<87, 119, 60, ap_fixed<16, 6, (ap_q_mode)5, (ap_o_mode)3, 0> [15], ap_fixed<16, 6, (ap_q_mode)5, (ap_o_mode)3, 0>, ap_fixed<16, 6, (ap_q_mode)5, (ap_o_mode)3, 0> >::decision_function<ap_fixed<16, 6, (ap_q_mode)5, (ap_o_mode)3, 0>, ap_fixed<16, 6, (ap_q_mode)5, (ap_o_mode)3, 0> >' completely with a factor of 60 (ppg_rf_hls/firmware/BDT.h:56:0)
INFO: [HLS 214-186] Unrolling loop 'Activate' (ppg_rf_hls/firmware/BDT.h:97:15) in function 'BDT::Tree<87, 119, 60, ap_fixed<16, 6, (ap_q_mode)5, (ap_o_mode)3, 0> [15], ap_fixed<16, 6, (ap_q_mode)5, (ap_o_mode)3, 0>, ap_fixed<16, 6, (ap_q_mode)5, (ap_o_mode)3, 0> >::decision_function<ap_fixed<16, 6, (ap_q_mode)5, (ap_o_mode)3, 0>, ap_fixed<16, 6, (ap_q_mode)5, (ap_o_mode)3, 0> >' completely with a factor of 119 (ppg_rf_hls/firmware/BDT.h:56:0)
INFO: [HLS 214-186] Unrolling loop 'Compare' (ppg_rf_hls/firmware/BDT.h:84:11) in function 'BDT::Tree<87, 119, 60, ap_fixed<16, 6, (ap_q_mode)5, (ap_o_mode)3, 0> [15], ap_fixed<16, 6, (ap_q_mode)5, (ap_o_mode)3, 0>, ap_fixed<16, 6, (ap_q_mode)5, (ap_o_mode)3, 0> >::decision_function<ap_fixed<16, 6, (ap_q_mode)5, (ap_o_mode)3, 0>, ap_fixed<16, 6, (ap_q_mode)5, (ap_o_mode)3, 0> >' completely with a factor of 119 (ppg_rf_hls/firmware/BDT.h:56:0)
INFO: [HLS 214-186] Unrolling loop 'VITIS_LOOP_119_1' (ppg_rf_hls/firmware/BDT.h:119:23) in function 'BDT::Tree<86, 127, 64, ap_fixed<16, 6, (ap_q_mode)5, (ap_o_mode)3, 0> [15], ap_fixed<16, 6, (ap_q_mode)5, (ap_o_mode)3, 0>, ap_fixed<16, 6, (ap_q_mode)5, (ap_o_mode)3, 0> >::decision_function<ap_fixed<16, 6, (ap_q_mode)5, (ap_o_mode)3, 0>, ap_fixed<16, 6, (ap_q_mode)5, (ap_o_mode)3, 0> >' completely with a factor of 64 (ppg_rf_hls/firmware/BDT.h:56:0)
INFO: [HLS 214-186] Unrolling loop 'Activate' (ppg_rf_hls/firmware/BDT.h:97:15) in function 'BDT::Tree<86, 127, 64, ap_fixed<16, 6, (ap_q_mode)5, (ap_o_mode)3, 0> [15], ap_fixed<16, 6, (ap_q_mode)5, (ap_o_mode)3, 0>, ap_fixed<16, 6, (ap_q_mode)5, (ap_o_mode)3, 0> >::decision_function<ap_fixed<16, 6, (ap_q_mode)5, (ap_o_mode)3, 0>, ap_fixed<16, 6, (ap_q_mode)5, (ap_o_mode)3, 0> >' completely with a factor of 127 (ppg_rf_hls/firmware/BDT.h:56:0)
INFO: [HLS 214-186] Unrolling loop 'Compare' (ppg_rf_hls/firmware/BDT.h:84:11) in function 'BDT::Tree<86, 127, 64, ap_fixed<16, 6, (ap_q_mode)5, (ap_o_mode)3, 0> [15], ap_fixed<16, 6, (ap_q_mode)5, (ap_o_mode)3, 0>, ap_fixed<16, 6, (ap_q_mode)5, (ap_o_mode)3, 0> >::decision_function<ap_fixed<16, 6, (ap_q_mode)5, (ap_o_mode)3, 0>, ap_fixed<16, 6, (ap_q_mode)5, (ap_o_mode)3, 0> >' completely with a factor of 127 (ppg_rf_hls/firmware/BDT.h:56:0)
INFO: [HLS 214-186] Unrolling loop 'VITIS_LOOP_119_1' (ppg_rf_hls/firmware/BDT.h:119:23) in function 'BDT::Tree<85, 115, 58, ap_fixed<16, 6, (ap_q_mode)5, (ap_o_mode)3, 0> [15], ap_fixed<16, 6, (ap_q_mode)5, (ap_o_mode)3, 0>, ap_fixed<16, 6, (ap_q_mode)5, (ap_o_mode)3, 0> >::decision_function<ap_fixed<16, 6, (ap_q_mode)5, (ap_o_mode)3, 0>, ap_fixed<16, 6, (ap_q_mode)5, (ap_o_mode)3, 0> >' completely with a factor of 58 (ppg_rf_hls/firmware/BDT.h:56:0)
INFO: [HLS 214-186] Unrolling loop 'Activate' (ppg_rf_hls/firmware/BDT.h:97:15) in function 'BDT::Tree<85, 115, 58, ap_fixed<16, 6, (ap_q_mode)5, (ap_o_mode)3, 0> [15], ap_fixed<16, 6, (ap_q_mode)5, (ap_o_mode)3, 0>, ap_fixed<16, 6, (ap_q_mode)5, (ap_o_mode)3, 0> >::decision_function<ap_fixed<16, 6, (ap_q_mode)5, (ap_o_mode)3, 0>, ap_fixed<16, 6, (ap_q_mode)5, (ap_o_mode)3, 0> >' completely with a factor of 115 (ppg_rf_hls/firmware/BDT.h:56:0)
INFO: [HLS 214-186] Unrolling loop 'Compare' (ppg_rf_hls/firmware/BDT.h:84:11) in function 'BDT::Tree<85, 115, 58, ap_fixed<16, 6, (ap_q_mode)5, (ap_o_mode)3, 0> [15], ap_fixed<16, 6, (ap_q_mode)5, (ap_o_mode)3, 0>, ap_fixed<16, 6, (ap_q_mode)5, (ap_o_mode)3, 0> >::decision_function<ap_fixed<16, 6, (ap_q_mode)5, (ap_o_mode)3, 0>, ap_fixed<16, 6, (ap_q_mode)5, (ap_o_mode)3, 0> >' completely with a factor of 115 (ppg_rf_hls/firmware/BDT.h:56:0)
INFO: [HLS 214-186] Unrolling loop 'VITIS_LOOP_119_1' (ppg_rf_hls/firmware/BDT.h:119:23) in function 'BDT::Tree<84, 145, 73, ap_fixed<16, 6, (ap_q_mode)5, (ap_o_mode)3, 0> [15], ap_fixed<16, 6, (ap_q_mode)5, (ap_o_mode)3, 0>, ap_fixed<16, 6, (ap_q_mode)5, (ap_o_mode)3, 0> >::decision_function<ap_fixed<16, 6, (ap_q_mode)5, (ap_o_mode)3, 0>, ap_fixed<16, 6, (ap_q_mode)5, (ap_o_mode)3, 0> >' completely with a factor of 73 (ppg_rf_hls/firmware/BDT.h:56:0)
INFO: [HLS 214-186] Unrolling loop 'Activate' (ppg_rf_hls/firmware/BDT.h:97:15) in function 'BDT::Tree<84, 145, 73, ap_fixed<16, 6, (ap_q_mode)5, (ap_o_mode)3, 0> [15], ap_fixed<16, 6, (ap_q_mode)5, (ap_o_mode)3, 0>, ap_fixed<16, 6, (ap_q_mode)5, (ap_o_mode)3, 0> >::decision_function<ap_fixed<16, 6, (ap_q_mode)5, (ap_o_mode)3, 0>, ap_fixed<16, 6, (ap_q_mode)5, (ap_o_mode)3, 0> >' completely with a factor of 145 (ppg_rf_hls/firmware/BDT.h:56:0)
INFO: [HLS 214-186] Unrolling loop 'Compare' (ppg_rf_hls/firmware/BDT.h:84:11) in function 'BDT::Tree<84, 145, 73, ap_fixed<16, 6, (ap_q_mode)5, (ap_o_mode)3, 0> [15], ap_fixed<16, 6, (ap_q_mode)5, (ap_o_mode)3, 0>, ap_fixed<16, 6, (ap_q_mode)5, (ap_o_mode)3, 0> >::decision_function<ap_fixed<16, 6, (ap_q_mode)5, (ap_o_mode)3, 0>, ap_fixed<16, 6, (ap_q_mode)5, (ap_o_mode)3, 0> >' completely with a factor of 145 (ppg_rf_hls/firmware/BDT.h:56:0)
INFO: [HLS 214-186] Unrolling loop 'VITIS_LOOP_119_1' (ppg_rf_hls/firmware/BDT.h:119:23) in function 'BDT::Tree<83, 141, 71, ap_fixed<16, 6, (ap_q_mode)5, (ap_o_mode)3, 0> [15], ap_fixed<16, 6, (ap_q_mode)5, (ap_o_mode)3, 0>, ap_fixed<16, 6, (ap_q_mode)5, (ap_o_mode)3, 0> >::decision_function<ap_fixed<16, 6, (ap_q_mode)5, (ap_o_mode)3, 0>, ap_fixed<16, 6, (ap_q_mode)5, (ap_o_mode)3, 0> >' completely with a factor of 71 (ppg_rf_hls/firmware/BDT.h:56:0)
INFO: [HLS 214-186] Unrolling loop 'Activate' (ppg_rf_hls/firmware/BDT.h:97:15) in function 'BDT::Tree<83, 141, 71, ap_fixed<16, 6, (ap_q_mode)5, (ap_o_mode)3, 0> [15], ap_fixed<16, 6, (ap_q_mode)5, (ap_o_mode)3, 0>, ap_fixed<16, 6, (ap_q_mode)5, (ap_o_mode)3, 0> >::decision_function<ap_fixed<16, 6, (ap_q_mode)5, (ap_o_mode)3, 0>, ap_fixed<16, 6, (ap_q_mode)5, (ap_o_mode)3, 0> >' completely with a factor of 141 (ppg_rf_hls/firmware/BDT.h:56:0)
INFO: [HLS 214-186] Unrolling loop 'Compare' (ppg_rf_hls/firmware/BDT.h:84:11) in function 'BDT::Tree<83, 141, 71, ap_fixed<16, 6, (ap_q_mode)5, (ap_o_mode)3, 0> [15], ap_fixed<16, 6, (ap_q_mode)5, (ap_o_mode)3, 0>, ap_fixed<16, 6, (ap_q_mode)5, (ap_o_mode)3, 0> >::decision_function<ap_fixed<16, 6, (ap_q_mode)5, (ap_o_mode)3, 0>, ap_fixed<16, 6, (ap_q_mode)5, (ap_o_mode)3, 0> >' completely with a factor of 141 (ppg_rf_hls/firmware/BDT.h:56:0)
INFO: [HLS 214-186] Unrolling loop 'VITIS_LOOP_119_1' (ppg_rf_hls/firmware/BDT.h:119:23) in function 'BDT::Tree<82, 115, 58, ap_fixed<16, 6, (ap_q_mode)5, (ap_o_mode)3, 0> [15], ap_fixed<16, 6, (ap_q_mode)5, (ap_o_mode)3, 0>, ap_fixed<16, 6, (ap_q_mode)5, (ap_o_mode)3, 0> >::decision_function<ap_fixed<16, 6, (ap_q_mode)5, (ap_o_mode)3, 0>, ap_fixed<16, 6, (ap_q_mode)5, (ap_o_mode)3, 0> >' completely with a factor of 58 (ppg_rf_hls/firmware/BDT.h:56:0)
INFO: [HLS 214-186] Unrolling loop 'Activate' (ppg_rf_hls/firmware/BDT.h:97:15) in function 'BDT::Tree<82, 115, 58, ap_fixed<16, 6, (ap_q_mode)5, (ap_o_mode)3, 0> [15], ap_fixed<16, 6, (ap_q_mode)5, (ap_o_mode)3, 0>, ap_fixed<16, 6, (ap_q_mode)5, (ap_o_mode)3, 0> >::decision_function<ap_fixed<16, 6, (ap_q_mode)5, (ap_o_mode)3, 0>, ap_fixed<16, 6, (ap_q_mode)5, (ap_o_mode)3, 0> >' completely with a factor of 115 (ppg_rf_hls/firmware/BDT.h:56:0)
INFO: [HLS 214-186] Unrolling loop 'Compare' (ppg_rf_hls/firmware/BDT.h:84:11) in function 'BDT::Tree<82, 115, 58, ap_fixed<16, 6, (ap_q_mode)5, (ap_o_mode)3, 0> [15], ap_fixed<16, 6, (ap_q_mode)5, (ap_o_mode)3, 0>, ap_fixed<16, 6, (ap_q_mode)5, (ap_o_mode)3, 0> >::decision_function<ap_fixed<16, 6, (ap_q_mode)5, (ap_o_mode)3, 0>, ap_fixed<16, 6, (ap_q_mode)5, (ap_o_mode)3, 0> >' completely with a factor of 115 (ppg_rf_hls/firmware/BDT.h:56:0)
INFO: [HLS 214-186] Unrolling loop 'VITIS_LOOP_119_1' (ppg_rf_hls/firmware/BDT.h:119:23) in function 'BDT::Tree<81, 135, 68, ap_fixed<16, 6, (ap_q_mode)5, (ap_o_mode)3, 0> [15], ap_fixed<16, 6, (ap_q_mode)5, (ap_o_mode)3, 0>, ap_fixed<16, 6, (ap_q_mode)5, (ap_o_mode)3, 0> >::decision_function<ap_fixed<16, 6, (ap_q_mode)5, (ap_o_mode)3, 0>, ap_fixed<16, 6, (ap_q_mode)5, (ap_o_mode)3, 0> >' completely with a factor of 68 (ppg_rf_hls/firmware/BDT.h:56:0)
INFO: [HLS 214-186] Unrolling loop 'Activate' (ppg_rf_hls/firmware/BDT.h:97:15) in function 'BDT::Tree<81, 135, 68, ap_fixed<16, 6, (ap_q_mode)5, (ap_o_mode)3, 0> [15], ap_fixed<16, 6, (ap_q_mode)5, (ap_o_mode)3, 0>, ap_fixed<16, 6, (ap_q_mode)5, (ap_o_mode)3, 0> >::decision_function<ap_fixed<16, 6, (ap_q_mode)5, (ap_o_mode)3, 0>, ap_fixed<16, 6, (ap_q_mode)5, (ap_o_mode)3, 0> >' completely with a factor of 135 (ppg_rf_hls/firmware/BDT.h:56:0)
INFO: [HLS 214-186] Unrolling loop 'Compare' (ppg_rf_hls/firmware/BDT.h:84:11) in function 'BDT::Tree<81, 135, 68, ap_fixed<16, 6, (ap_q_mode)5, (ap_o_mode)3, 0> [15], ap_fixed<16, 6, (ap_q_mode)5, (ap_o_mode)3, 0>, ap_fixed<16, 6, (ap_q_mode)5, (ap_o_mode)3, 0> >::decision_function<ap_fixed<16, 6, (ap_q_mode)5, (ap_o_mode)3, 0>, ap_fixed<16, 6, (ap_q_mode)5, (ap_o_mode)3, 0> >' completely with a factor of 135 (ppg_rf_hls/firmware/BDT.h:56:0)
INFO: [HLS 214-186] Unrolling loop 'VITIS_LOOP_119_1' (ppg_rf_hls/firmware/BDT.h:119:23) in function 'BDT::Tree<80, 131, 66, ap_fixed<16, 6, (ap_q_mode)5, (ap_o_mode)3, 0> [15], ap_fixed<16, 6, (ap_q_mode)5, (ap_o_mode)3, 0>, ap_fixed<16, 6, (ap_q_mode)5, (ap_o_mode)3, 0> >::decision_function<ap_fixed<16, 6, (ap_q_mode)5, (ap_o_mode)3, 0>, ap_fixed<16, 6, (ap_q_mode)5, (ap_o_mode)3, 0> >' completely with a factor of 66 (ppg_rf_hls/firmware/BDT.h:56:0)
INFO: [HLS 214-186] Unrolling loop 'Activate' (ppg_rf_hls/firmware/BDT.h:97:15) in function 'BDT::Tree<80, 131, 66, ap_fixed<16, 6, (ap_q_mode)5, (ap_o_mode)3, 0> [15], ap_fixed<16, 6, (ap_q_mode)5, (ap_o_mode)3, 0>, ap_fixed<16, 6, (ap_q_mode)5, (ap_o_mode)3, 0> >::decision_function<ap_fixed<16, 6, (ap_q_mode)5, (ap_o_mode)3, 0>, ap_fixed<16, 6, (ap_q_mode)5, (ap_o_mode)3, 0> >' completely with a factor of 131 (ppg_rf_hls/firmware/BDT.h:56:0)
INFO: [HLS 214-186] Unrolling loop 'Compare' (ppg_rf_hls/firmware/BDT.h:84:11) in function 'BDT::Tree<80, 131, 66, ap_fixed<16, 6, (ap_q_mode)5, (ap_o_mode)3, 0> [15], ap_fixed<16, 6, (ap_q_mode)5, (ap_o_mode)3, 0>, ap_fixed<16, 6, (ap_q_mode)5, (ap_o_mode)3, 0> >::decision_function<ap_fixed<16, 6, (ap_q_mode)5, (ap_o_mode)3, 0>, ap_fixed<16, 6, (ap_q_mode)5, (ap_o_mode)3, 0> >' completely with a factor of 131 (ppg_rf_hls/firmware/BDT.h:56:0)
INFO: [HLS 214-186] Unrolling loop 'VITIS_LOOP_119_1' (ppg_rf_hls/firmware/BDT.h:119:23) in function 'BDT::Tree<79, 127, 64, ap_fixed<16, 6, (ap_q_mode)5, (ap_o_mode)3, 0> [15], ap_fixed<16, 6, (ap_q_mode)5, (ap_o_mode)3, 0>, ap_fixed<16, 6, (ap_q_mode)5, (ap_o_mode)3, 0> >::decision_function<ap_fixed<16, 6, (ap_q_mode)5, (ap_o_mode)3, 0>, ap_fixed<16, 6, (ap_q_mode)5, (ap_o_mode)3, 0> >' completely with a factor of 64 (ppg_rf_hls/firmware/BDT.h:56:0)
INFO: [HLS 214-186] Unrolling loop 'Activate' (ppg_rf_hls/firmware/BDT.h:97:15) in function 'BDT::Tree<79, 127, 64, ap_fixed<16, 6, (ap_q_mode)5, (ap_o_mode)3, 0> [15], ap_fixed<16, 6, (ap_q_mode)5, (ap_o_mode)3, 0>, ap_fixed<16, 6, (ap_q_mode)5, (ap_o_mode)3, 0> >::decision_function<ap_fixed<16, 6, (ap_q_mode)5, (ap_o_mode)3, 0>, ap_fixed<16, 6, (ap_q_mode)5, (ap_o_mode)3, 0> >' completely with a factor of 127 (ppg_rf_hls/firmware/BDT.h:56:0)
INFO: [HLS 214-186] Unrolling loop 'Compare' (ppg_rf_hls/firmware/BDT.h:84:11) in function 'BDT::Tree<79, 127, 64, ap_fixed<16, 6, (ap_q_mode)5, (ap_o_mode)3, 0> [15], ap_fixed<16, 6, (ap_q_mode)5, (ap_o_mode)3, 0>, ap_fixed<16, 6, (ap_q_mode)5, (ap_o_mode)3, 0> >::decision_function<ap_fixed<16, 6, (ap_q_mode)5, (ap_o_mode)3, 0>, ap_fixed<16, 6, (ap_q_mode)5, (ap_o_mode)3, 0> >' completely with a factor of 127 (ppg_rf_hls/firmware/BDT.h:56:0)
INFO: [HLS 214-186] Unrolling loop 'VITIS_LOOP_119_1' (ppg_rf_hls/firmware/BDT.h:119:23) in function 'BDT::Tree<78, 133, 67, ap_fixed<16, 6, (ap_q_mode)5, (ap_o_mode)3, 0> [15], ap_fixed<16, 6, (ap_q_mode)5, (ap_o_mode)3, 0>, ap_fixed<16, 6, (ap_q_mode)5, (ap_o_mode)3, 0> >::decision_function<ap_fixed<16, 6, (ap_q_mode)5, (ap_o_mode)3, 0>, ap_fixed<16, 6, (ap_q_mode)5, (ap_o_mode)3, 0> >' completely with a factor of 67 (ppg_rf_hls/firmware/BDT.h:56:0)
INFO: [HLS 214-186] Unrolling loop 'Activate' (ppg_rf_hls/firmware/BDT.h:97:15) in function 'BDT::Tree<78, 133, 67, ap_fixed<16, 6, (ap_q_mode)5, (ap_o_mode)3, 0> [15], ap_fixed<16, 6, (ap_q_mode)5, (ap_o_mode)3, 0>, ap_fixed<16, 6, (ap_q_mode)5, (ap_o_mode)3, 0> >::decision_function<ap_fixed<16, 6, (ap_q_mode)5, (ap_o_mode)3, 0>, ap_fixed<16, 6, (ap_q_mode)5, (ap_o_mode)3, 0> >' completely with a factor of 133 (ppg_rf_hls/firmware/BDT.h:56:0)
INFO: [HLS 214-186] Unrolling loop 'Compare' (ppg_rf_hls/firmware/BDT.h:84:11) in function 'BDT::Tree<78, 133, 67, ap_fixed<16, 6, (ap_q_mode)5, (ap_o_mode)3, 0> [15], ap_fixed<16, 6, (ap_q_mode)5, (ap_o_mode)3, 0>, ap_fixed<16, 6, (ap_q_mode)5, (ap_o_mode)3, 0> >::decision_function<ap_fixed<16, 6, (ap_q_mode)5, (ap_o_mode)3, 0>, ap_fixed<16, 6, (ap_q_mode)5, (ap_o_mode)3, 0> >' completely with a factor of 133 (ppg_rf_hls/firmware/BDT.h:56:0)
INFO: [HLS 214-186] Unrolling loop 'VITIS_LOOP_119_1' (ppg_rf_hls/firmware/BDT.h:119:23) in function 'BDT::Tree<77, 131, 66, ap_fixed<16, 6, (ap_q_mode)5, (ap_o_mode)3, 0> [15], ap_fixed<16, 6, (ap_q_mode)5, (ap_o_mode)3, 0>, ap_fixed<16, 6, (ap_q_mode)5, (ap_o_mode)3, 0> >::decision_function<ap_fixed<16, 6, (ap_q_mode)5, (ap_o_mode)3, 0>, ap_fixed<16, 6, (ap_q_mode)5, (ap_o_mode)3, 0> >' completely with a factor of 66 (ppg_rf_hls/firmware/BDT.h:56:0)
INFO: [HLS 214-186] Unrolling loop 'Activate' (ppg_rf_hls/firmware/BDT.h:97:15) in function 'BDT::Tree<77, 131, 66, ap_fixed<16, 6, (ap_q_mode)5, (ap_o_mode)3, 0> [15], ap_fixed<16, 6, (ap_q_mode)5, (ap_o_mode)3, 0>, ap_fixed<16, 6, (ap_q_mode)5, (ap_o_mode)3, 0> >::decision_function<ap_fixed<16, 6, (ap_q_mode)5, (ap_o_mode)3, 0>, ap_fixed<16, 6, (ap_q_mode)5, (ap_o_mode)3, 0> >' completely with a factor of 131 (ppg_rf_hls/firmware/BDT.h:56:0)
INFO: [HLS 214-186] Unrolling loop 'Compare' (ppg_rf_hls/firmware/BDT.h:84:11) in function 'BDT::Tree<77, 131, 66, ap_fixed<16, 6, (ap_q_mode)5, (ap_o_mode)3, 0> [15], ap_fixed<16, 6, (ap_q_mode)5, (ap_o_mode)3, 0>, ap_fixed<16, 6, (ap_q_mode)5, (ap_o_mode)3, 0> >::decision_function<ap_fixed<16, 6, (ap_q_mode)5, (ap_o_mode)3, 0>, ap_fixed<16, 6, (ap_q_mode)5, (ap_o_mode)3, 0> >' completely with a factor of 131 (ppg_rf_hls/firmware/BDT.h:56:0)
INFO: [HLS 214-186] Unrolling loop 'VITIS_LOOP_119_1' (ppg_rf_hls/firmware/BDT.h:119:23) in function 'BDT::Tree<76, 117, 59, ap_fixed<16, 6, (ap_q_mode)5, (ap_o_mode)3, 0> [15], ap_fixed<16, 6, (ap_q_mode)5, (ap_o_mode)3, 0>, ap_fixed<16, 6, (ap_q_mode)5, (ap_o_mode)3, 0> >::decision_function<ap_fixed<16, 6, (ap_q_mode)5, (ap_o_mode)3, 0>, ap_fixed<16, 6, (ap_q_mode)5, (ap_o_mode)3, 0> >' completely with a factor of 59 (ppg_rf_hls/firmware/BDT.h:56:0)
INFO: [HLS 214-186] Unrolling loop 'Activate' (ppg_rf_hls/firmware/BDT.h:97:15) in function 'BDT::Tree<76, 117, 59, ap_fixed<16, 6, (ap_q_mode)5, (ap_o_mode)3, 0> [15], ap_fixed<16, 6, (ap_q_mode)5, (ap_o_mode)3, 0>, ap_fixed<16, 6, (ap_q_mode)5, (ap_o_mode)3, 0> >::decision_function<ap_fixed<16, 6, (ap_q_mode)5, (ap_o_mode)3, 0>, ap_fixed<16, 6, (ap_q_mode)5, (ap_o_mode)3, 0> >' completely with a factor of 117 (ppg_rf_hls/firmware/BDT.h:56:0)
INFO: [HLS 214-186] Unrolling loop 'Compare' (ppg_rf_hls/firmware/BDT.h:84:11) in function 'BDT::Tree<76, 117, 59, ap_fixed<16, 6, (ap_q_mode)5, (ap_o_mode)3, 0> [15], ap_fixed<16, 6, (ap_q_mode)5, (ap_o_mode)3, 0>, ap_fixed<16, 6, (ap_q_mode)5, (ap_o_mode)3, 0> >::decision_function<ap_fixed<16, 6, (ap_q_mode)5, (ap_o_mode)3, 0>, ap_fixed<16, 6, (ap_q_mode)5, (ap_o_mode)3, 0> >' completely with a factor of 117 (ppg_rf_hls/firmware/BDT.h:56:0)
INFO: [HLS 214-186] Unrolling loop 'VITIS_LOOP_119_1' (ppg_rf_hls/firmware/BDT.h:119:23) in function 'BDT::Tree<75, 133, 67, ap_fixed<16, 6, (ap_q_mode)5, (ap_o_mode)3, 0> [15], ap_fixed<16, 6, (ap_q_mode)5, (ap_o_mode)3, 0>, ap_fixed<16, 6, (ap_q_mode)5, (ap_o_mode)3, 0> >::decision_function<ap_fixed<16, 6, (ap_q_mode)5, (ap_o_mode)3, 0>, ap_fixed<16, 6, (ap_q_mode)5, (ap_o_mode)3, 0> >' completely with a factor of 67 (ppg_rf_hls/firmware/BDT.h:56:0)
INFO: [HLS 214-186] Unrolling loop 'Activate' (ppg_rf_hls/firmware/BDT.h:97:15) in function 'BDT::Tree<75, 133, 67, ap_fixed<16, 6, (ap_q_mode)5, (ap_o_mode)3, 0> [15], ap_fixed<16, 6, (ap_q_mode)5, (ap_o_mode)3, 0>, ap_fixed<16, 6, (ap_q_mode)5, (ap_o_mode)3, 0> >::decision_function<ap_fixed<16, 6, (ap_q_mode)5, (ap_o_mode)3, 0>, ap_fixed<16, 6, (ap_q_mode)5, (ap_o_mode)3, 0> >' completely with a factor of 133 (ppg_rf_hls/firmware/BDT.h:56:0)
INFO: [HLS 214-186] Unrolling loop 'Compare' (ppg_rf_hls/firmware/BDT.h:84:11) in function 'BDT::Tree<75, 133, 67, ap_fixed<16, 6, (ap_q_mode)5, (ap_o_mode)3, 0> [15], ap_fixed<16, 6, (ap_q_mode)5, (ap_o_mode)3, 0>, ap_fixed<16, 6, (ap_q_mode)5, (ap_o_mode)3, 0> >::decision_function<ap_fixed<16, 6, (ap_q_mode)5, (ap_o_mode)3, 0>, ap_fixed<16, 6, (ap_q_mode)5, (ap_o_mode)3, 0> >' completely with a factor of 133 (ppg_rf_hls/firmware/BDT.h:56:0)
INFO: [HLS 214-186] Unrolling loop 'VITIS_LOOP_119_1' (ppg_rf_hls/firmware/BDT.h:119:23) in function 'BDT::Tree<74, 133, 67, ap_fixed<16, 6, (ap_q_mode)5, (ap_o_mode)3, 0> [15], ap_fixed<16, 6, (ap_q_mode)5, (ap_o_mode)3, 0>, ap_fixed<16, 6, (ap_q_mode)5, (ap_o_mode)3, 0> >::decision_function<ap_fixed<16, 6, (ap_q_mode)5, (ap_o_mode)3, 0>, ap_fixed<16, 6, (ap_q_mode)5, (ap_o_mode)3, 0> >' completely with a factor of 67 (ppg_rf_hls/firmware/BDT.h:56:0)
INFO: [HLS 214-186] Unrolling loop 'Activate' (ppg_rf_hls/firmware/BDT.h:97:15) in function 'BDT::Tree<74, 133, 67, ap_fixed<16, 6, (ap_q_mode)5, (ap_o_mode)3, 0> [15], ap_fixed<16, 6, (ap_q_mode)5, (ap_o_mode)3, 0>, ap_fixed<16, 6, (ap_q_mode)5, (ap_o_mode)3, 0> >::decision_function<ap_fixed<16, 6, (ap_q_mode)5, (ap_o_mode)3, 0>, ap_fixed<16, 6, (ap_q_mode)5, (ap_o_mode)3, 0> >' completely with a factor of 133 (ppg_rf_hls/firmware/BDT.h:56:0)
INFO: [HLS 214-186] Unrolling loop 'Compare' (ppg_rf_hls/firmware/BDT.h:84:11) in function 'BDT::Tree<74, 133, 67, ap_fixed<16, 6, (ap_q_mode)5, (ap_o_mode)3, 0> [15], ap_fixed<16, 6, (ap_q_mode)5, (ap_o_mode)3, 0>, ap_fixed<16, 6, (ap_q_mode)5, (ap_o_mode)3, 0> >::decision_function<ap_fixed<16, 6, (ap_q_mode)5, (ap_o_mode)3, 0>, ap_fixed<16, 6, (ap_q_mode)5, (ap_o_mode)3, 0> >' completely with a factor of 133 (ppg_rf_hls/firmware/BDT.h:56:0)
INFO: [HLS 214-186] Unrolling loop 'VITIS_LOOP_119_1' (ppg_rf_hls/firmware/BDT.h:119:23) in function 'BDT::Tree<73, 125, 63, ap_fixed<16, 6, (ap_q_mode)5, (ap_o_mode)3, 0> [15], ap_fixed<16, 6, (ap_q_mode)5, (ap_o_mode)3, 0>, ap_fixed<16, 6, (ap_q_mode)5, (ap_o_mode)3, 0> >::decision_function<ap_fixed<16, 6, (ap_q_mode)5, (ap_o_mode)3, 0>, ap_fixed<16, 6, (ap_q_mode)5, (ap_o_mode)3, 0> >' completely with a factor of 63 (ppg_rf_hls/firmware/BDT.h:56:0)
INFO: [HLS 214-186] Unrolling loop 'Activate' (ppg_rf_hls/firmware/BDT.h:97:15) in function 'BDT::Tree<73, 125, 63, ap_fixed<16, 6, (ap_q_mode)5, (ap_o_mode)3, 0> [15], ap_fixed<16, 6, (ap_q_mode)5, (ap_o_mode)3, 0>, ap_fixed<16, 6, (ap_q_mode)5, (ap_o_mode)3, 0> >::decision_function<ap_fixed<16, 6, (ap_q_mode)5, (ap_o_mode)3, 0>, ap_fixed<16, 6, (ap_q_mode)5, (ap_o_mode)3, 0> >' completely with a factor of 125 (ppg_rf_hls/firmware/BDT.h:56:0)
INFO: [HLS 214-186] Unrolling loop 'Compare' (ppg_rf_hls/firmware/BDT.h:84:11) in function 'BDT::Tree<73, 125, 63, ap_fixed<16, 6, (ap_q_mode)5, (ap_o_mode)3, 0> [15], ap_fixed<16, 6, (ap_q_mode)5, (ap_o_mode)3, 0>, ap_fixed<16, 6, (ap_q_mode)5, (ap_o_mode)3, 0> >::decision_function<ap_fixed<16, 6, (ap_q_mode)5, (ap_o_mode)3, 0>, ap_fixed<16, 6, (ap_q_mode)5, (ap_o_mode)3, 0> >' completely with a factor of 125 (ppg_rf_hls/firmware/BDT.h:56:0)
INFO: [HLS 214-186] Unrolling loop 'VITIS_LOOP_119_1' (ppg_rf_hls/firmware/BDT.h:119:23) in function 'BDT::Tree<72, 125, 63, ap_fixed<16, 6, (ap_q_mode)5, (ap_o_mode)3, 0> [15], ap_fixed<16, 6, (ap_q_mode)5, (ap_o_mode)3, 0>, ap_fixed<16, 6, (ap_q_mode)5, (ap_o_mode)3, 0> >::decision_function<ap_fixed<16, 6, (ap_q_mode)5, (ap_o_mode)3, 0>, ap_fixed<16, 6, (ap_q_mode)5, (ap_o_mode)3, 0> >' completely with a factor of 63 (ppg_rf_hls/firmware/BDT.h:56:0)
INFO: [HLS 214-186] Unrolling loop 'Activate' (ppg_rf_hls/firmware/BDT.h:97:15) in function 'BDT::Tree<72, 125, 63, ap_fixed<16, 6, (ap_q_mode)5, (ap_o_mode)3, 0> [15], ap_fixed<16, 6, (ap_q_mode)5, (ap_o_mode)3, 0>, ap_fixed<16, 6, (ap_q_mode)5, (ap_o_mode)3, 0> >::decision_function<ap_fixed<16, 6, (ap_q_mode)5, (ap_o_mode)3, 0>, ap_fixed<16, 6, (ap_q_mode)5, (ap_o_mode)3, 0> >' completely with a factor of 125 (ppg_rf_hls/firmware/BDT.h:56:0)
INFO: [HLS 214-186] Unrolling loop 'Compare' (ppg_rf_hls/firmware/BDT.h:84:11) in function 'BDT::Tree<72, 125, 63, ap_fixed<16, 6, (ap_q_mode)5, (ap_o_mode)3, 0> [15], ap_fixed<16, 6, (ap_q_mode)5, (ap_o_mode)3, 0>, ap_fixed<16, 6, (ap_q_mode)5, (ap_o_mode)3, 0> >::decision_function<ap_fixed<16, 6, (ap_q_mode)5, (ap_o_mode)3, 0>, ap_fixed<16, 6, (ap_q_mode)5, (ap_o_mode)3, 0> >' completely with a factor of 125 (ppg_rf_hls/firmware/BDT.h:56:0)
INFO: [HLS 214-186] Unrolling loop 'VITIS_LOOP_119_1' (ppg_rf_hls/firmware/BDT.h:119:23) in function 'BDT::Tree<71, 137, 69, ap_fixed<16, 6, (ap_q_mode)5, (ap_o_mode)3, 0> [15], ap_fixed<16, 6, (ap_q_mode)5, (ap_o_mode)3, 0>, ap_fixed<16, 6, (ap_q_mode)5, (ap_o_mode)3, 0> >::decision_function<ap_fixed<16, 6, (ap_q_mode)5, (ap_o_mode)3, 0>, ap_fixed<16, 6, (ap_q_mode)5, (ap_o_mode)3, 0> >' completely with a factor of 69 (ppg_rf_hls/firmware/BDT.h:56:0)
INFO: [HLS 214-186] Unrolling loop 'Activate' (ppg_rf_hls/firmware/BDT.h:97:15) in function 'BDT::Tree<71, 137, 69, ap_fixed<16, 6, (ap_q_mode)5, (ap_o_mode)3, 0> [15], ap_fixed<16, 6, (ap_q_mode)5, (ap_o_mode)3, 0>, ap_fixed<16, 6, (ap_q_mode)5, (ap_o_mode)3, 0> >::decision_function<ap_fixed<16, 6, (ap_q_mode)5, (ap_o_mode)3, 0>, ap_fixed<16, 6, (ap_q_mode)5, (ap_o_mode)3, 0> >' completely with a factor of 137 (ppg_rf_hls/firmware/BDT.h:56:0)
INFO: [HLS 214-186] Unrolling loop 'Compare' (ppg_rf_hls/firmware/BDT.h:84:11) in function 'BDT::Tree<71, 137, 69, ap_fixed<16, 6, (ap_q_mode)5, (ap_o_mode)3, 0> [15], ap_fixed<16, 6, (ap_q_mode)5, (ap_o_mode)3, 0>, ap_fixed<16, 6, (ap_q_mode)5, (ap_o_mode)3, 0> >::decision_function<ap_fixed<16, 6, (ap_q_mode)5, (ap_o_mode)3, 0>, ap_fixed<16, 6, (ap_q_mode)5, (ap_o_mode)3, 0> >' completely with a factor of 137 (ppg_rf_hls/firmware/BDT.h:56:0)
INFO: [HLS 214-186] Unrolling loop 'VITIS_LOOP_119_1' (ppg_rf_hls/firmware/BDT.h:119:23) in function 'BDT::Tree<70, 137, 69, ap_fixed<16, 6, (ap_q_mode)5, (ap_o_mode)3, 0> [15], ap_fixed<16, 6, (ap_q_mode)5, (ap_o_mode)3, 0>, ap_fixed<16, 6, (ap_q_mode)5, (ap_o_mode)3, 0> >::decision_function<ap_fixed<16, 6, (ap_q_mode)5, (ap_o_mode)3, 0>, ap_fixed<16, 6, (ap_q_mode)5, (ap_o_mode)3, 0> >' completely with a factor of 69 (ppg_rf_hls/firmware/BDT.h:56:0)
INFO: [HLS 214-186] Unrolling loop 'Activate' (ppg_rf_hls/firmware/BDT.h:97:15) in function 'BDT::Tree<70, 137, 69, ap_fixed<16, 6, (ap_q_mode)5, (ap_o_mode)3, 0> [15], ap_fixed<16, 6, (ap_q_mode)5, (ap_o_mode)3, 0>, ap_fixed<16, 6, (ap_q_mode)5, (ap_o_mode)3, 0> >::decision_function<ap_fixed<16, 6, (ap_q_mode)5, (ap_o_mode)3, 0>, ap_fixed<16, 6, (ap_q_mode)5, (ap_o_mode)3, 0> >' completely with a factor of 137 (ppg_rf_hls/firmware/BDT.h:56:0)
INFO: [HLS 214-186] Unrolling loop 'Compare' (ppg_rf_hls/firmware/BDT.h:84:11) in function 'BDT::Tree<70, 137, 69, ap_fixed<16, 6, (ap_q_mode)5, (ap_o_mode)3, 0> [15], ap_fixed<16, 6, (ap_q_mode)5, (ap_o_mode)3, 0>, ap_fixed<16, 6, (ap_q_mode)5, (ap_o_mode)3, 0> >::decision_function<ap_fixed<16, 6, (ap_q_mode)5, (ap_o_mode)3, 0>, ap_fixed<16, 6, (ap_q_mode)5, (ap_o_mode)3, 0> >' completely with a factor of 137 (ppg_rf_hls/firmware/BDT.h:56:0)
INFO: [HLS 214-186] Unrolling loop 'VITIS_LOOP_119_1' (ppg_rf_hls/firmware/BDT.h:119:23) in function 'BDT::Tree<69, 137, 69, ap_fixed<16, 6, (ap_q_mode)5, (ap_o_mode)3, 0> [15], ap_fixed<16, 6, (ap_q_mode)5, (ap_o_mode)3, 0>, ap_fixed<16, 6, (ap_q_mode)5, (ap_o_mode)3, 0> >::decision_function<ap_fixed<16, 6, (ap_q_mode)5, (ap_o_mode)3, 0>, ap_fixed<16, 6, (ap_q_mode)5, (ap_o_mode)3, 0> >' completely with a factor of 69 (ppg_rf_hls/firmware/BDT.h:56:0)
INFO: [HLS 214-186] Unrolling loop 'Activate' (ppg_rf_hls/firmware/BDT.h:97:15) in function 'BDT::Tree<69, 137, 69, ap_fixed<16, 6, (ap_q_mode)5, (ap_o_mode)3, 0> [15], ap_fixed<16, 6, (ap_q_mode)5, (ap_o_mode)3, 0>, ap_fixed<16, 6, (ap_q_mode)5, (ap_o_mode)3, 0> >::decision_function<ap_fixed<16, 6, (ap_q_mode)5, (ap_o_mode)3, 0>, ap_fixed<16, 6, (ap_q_mode)5, (ap_o_mode)3, 0> >' completely with a factor of 137 (ppg_rf_hls/firmware/BDT.h:56:0)
INFO: [HLS 214-186] Unrolling loop 'Compare' (ppg_rf_hls/firmware/BDT.h:84:11) in function 'BDT::Tree<69, 137, 69, ap_fixed<16, 6, (ap_q_mode)5, (ap_o_mode)3, 0> [15], ap_fixed<16, 6, (ap_q_mode)5, (ap_o_mode)3, 0>, ap_fixed<16, 6, (ap_q_mode)5, (ap_o_mode)3, 0> >::decision_function<ap_fixed<16, 6, (ap_q_mode)5, (ap_o_mode)3, 0>, ap_fixed<16, 6, (ap_q_mode)5, (ap_o_mode)3, 0> >' completely with a factor of 137 (ppg_rf_hls/firmware/BDT.h:56:0)
INFO: [HLS 214-186] Unrolling loop 'VITIS_LOOP_119_1' (ppg_rf_hls/firmware/BDT.h:119:23) in function 'BDT::Tree<68, 131, 66, ap_fixed<16, 6, (ap_q_mode)5, (ap_o_mode)3, 0> [15], ap_fixed<16, 6, (ap_q_mode)5, (ap_o_mode)3, 0>, ap_fixed<16, 6, (ap_q_mode)5, (ap_o_mode)3, 0> >::decision_function<ap_fixed<16, 6, (ap_q_mode)5, (ap_o_mode)3, 0>, ap_fixed<16, 6, (ap_q_mode)5, (ap_o_mode)3, 0> >' completely with a factor of 66 (ppg_rf_hls/firmware/BDT.h:56:0)
INFO: [HLS 214-186] Unrolling loop 'Activate' (ppg_rf_hls/firmware/BDT.h:97:15) in function 'BDT::Tree<68, 131, 66, ap_fixed<16, 6, (ap_q_mode)5, (ap_o_mode)3, 0> [15], ap_fixed<16, 6, (ap_q_mode)5, (ap_o_mode)3, 0>, ap_fixed<16, 6, (ap_q_mode)5, (ap_o_mode)3, 0> >::decision_function<ap_fixed<16, 6, (ap_q_mode)5, (ap_o_mode)3, 0>, ap_fixed<16, 6, (ap_q_mode)5, (ap_o_mode)3, 0> >' completely with a factor of 131 (ppg_rf_hls/firmware/BDT.h:56:0)
INFO: [HLS 214-186] Unrolling loop 'Compare' (ppg_rf_hls/firmware/BDT.h:84:11) in function 'BDT::Tree<68, 131, 66, ap_fixed<16, 6, (ap_q_mode)5, (ap_o_mode)3, 0> [15], ap_fixed<16, 6, (ap_q_mode)5, (ap_o_mode)3, 0>, ap_fixed<16, 6, (ap_q_mode)5, (ap_o_mode)3, 0> >::decision_function<ap_fixed<16, 6, (ap_q_mode)5, (ap_o_mode)3, 0>, ap_fixed<16, 6, (ap_q_mode)5, (ap_o_mode)3, 0> >' completely with a factor of 131 (ppg_rf_hls/firmware/BDT.h:56:0)
INFO: [HLS 214-186] Unrolling loop 'VITIS_LOOP_119_1' (ppg_rf_hls/firmware/BDT.h:119:23) in function 'BDT::Tree<67, 121, 61, ap_fixed<16, 6, (ap_q_mode)5, (ap_o_mode)3, 0> [15], ap_fixed<16, 6, (ap_q_mode)5, (ap_o_mode)3, 0>, ap_fixed<16, 6, (ap_q_mode)5, (ap_o_mode)3, 0> >::decision_function<ap_fixed<16, 6, (ap_q_mode)5, (ap_o_mode)3, 0>, ap_fixed<16, 6, (ap_q_mode)5, (ap_o_mode)3, 0> >' completely with a factor of 61 (ppg_rf_hls/firmware/BDT.h:56:0)
INFO: [HLS 214-186] Unrolling loop 'Activate' (ppg_rf_hls/firmware/BDT.h:97:15) in function 'BDT::Tree<67, 121, 61, ap_fixed<16, 6, (ap_q_mode)5, (ap_o_mode)3, 0> [15], ap_fixed<16, 6, (ap_q_mode)5, (ap_o_mode)3, 0>, ap_fixed<16, 6, (ap_q_mode)5, (ap_o_mode)3, 0> >::decision_function<ap_fixed<16, 6, (ap_q_mode)5, (ap_o_mode)3, 0>, ap_fixed<16, 6, (ap_q_mode)5, (ap_o_mode)3, 0> >' completely with a factor of 121 (ppg_rf_hls/firmware/BDT.h:56:0)
INFO: [HLS 214-186] Unrolling loop 'Compare' (ppg_rf_hls/firmware/BDT.h:84:11) in function 'BDT::Tree<67, 121, 61, ap_fixed<16, 6, (ap_q_mode)5, (ap_o_mode)3, 0> [15], ap_fixed<16, 6, (ap_q_mode)5, (ap_o_mode)3, 0>, ap_fixed<16, 6, (ap_q_mode)5, (ap_o_mode)3, 0> >::decision_function<ap_fixed<16, 6, (ap_q_mode)5, (ap_o_mode)3, 0>, ap_fixed<16, 6, (ap_q_mode)5, (ap_o_mode)3, 0> >' completely with a factor of 121 (ppg_rf_hls/firmware/BDT.h:56:0)
INFO: [HLS 214-186] Unrolling loop 'VITIS_LOOP_119_1' (ppg_rf_hls/firmware/BDT.h:119:23) in function 'BDT::Tree<66, 133, 67, ap_fixed<16, 6, (ap_q_mode)5, (ap_o_mode)3, 0> [15], ap_fixed<16, 6, (ap_q_mode)5, (ap_o_mode)3, 0>, ap_fixed<16, 6, (ap_q_mode)5, (ap_o_mode)3, 0> >::decision_function<ap_fixed<16, 6, (ap_q_mode)5, (ap_o_mode)3, 0>, ap_fixed<16, 6, (ap_q_mode)5, (ap_o_mode)3, 0> >' completely with a factor of 67 (ppg_rf_hls/firmware/BDT.h:56:0)
INFO: [HLS 214-186] Unrolling loop 'Activate' (ppg_rf_hls/firmware/BDT.h:97:15) in function 'BDT::Tree<66, 133, 67, ap_fixed<16, 6, (ap_q_mode)5, (ap_o_mode)3, 0> [15], ap_fixed<16, 6, (ap_q_mode)5, (ap_o_mode)3, 0>, ap_fixed<16, 6, (ap_q_mode)5, (ap_o_mode)3, 0> >::decision_function<ap_fixed<16, 6, (ap_q_mode)5, (ap_o_mode)3, 0>, ap_fixed<16, 6, (ap_q_mode)5, (ap_o_mode)3, 0> >' completely with a factor of 133 (ppg_rf_hls/firmware/BDT.h:56:0)
INFO: [HLS 214-186] Unrolling loop 'Compare' (ppg_rf_hls/firmware/BDT.h:84:11) in function 'BDT::Tree<66, 133, 67, ap_fixed<16, 6, (ap_q_mode)5, (ap_o_mode)3, 0> [15], ap_fixed<16, 6, (ap_q_mode)5, (ap_o_mode)3, 0>, ap_fixed<16, 6, (ap_q_mode)5, (ap_o_mode)3, 0> >::decision_function<ap_fixed<16, 6, (ap_q_mode)5, (ap_o_mode)3, 0>, ap_fixed<16, 6, (ap_q_mode)5, (ap_o_mode)3, 0> >' completely with a factor of 133 (ppg_rf_hls/firmware/BDT.h:56:0)
INFO: [HLS 214-186] Unrolling loop 'VITIS_LOOP_119_1' (ppg_rf_hls/firmware/BDT.h:119:23) in function 'BDT::Tree<65, 131, 66, ap_fixed<16, 6, (ap_q_mode)5, (ap_o_mode)3, 0> [15], ap_fixed<16, 6, (ap_q_mode)5, (ap_o_mode)3, 0>, ap_fixed<16, 6, (ap_q_mode)5, (ap_o_mode)3, 0> >::decision_function<ap_fixed<16, 6, (ap_q_mode)5, (ap_o_mode)3, 0>, ap_fixed<16, 6, (ap_q_mode)5, (ap_o_mode)3, 0> >' completely with a factor of 66 (ppg_rf_hls/firmware/BDT.h:56:0)
INFO: [HLS 214-186] Unrolling loop 'Activate' (ppg_rf_hls/firmware/BDT.h:97:15) in function 'BDT::Tree<65, 131, 66, ap_fixed<16, 6, (ap_q_mode)5, (ap_o_mode)3, 0> [15], ap_fixed<16, 6, (ap_q_mode)5, (ap_o_mode)3, 0>, ap_fixed<16, 6, (ap_q_mode)5, (ap_o_mode)3, 0> >::decision_function<ap_fixed<16, 6, (ap_q_mode)5, (ap_o_mode)3, 0>, ap_fixed<16, 6, (ap_q_mode)5, (ap_o_mode)3, 0> >' completely with a factor of 131 (ppg_rf_hls/firmware/BDT.h:56:0)
INFO: [HLS 214-186] Unrolling loop 'Compare' (ppg_rf_hls/firmware/BDT.h:84:11) in function 'BDT::Tree<65, 131, 66, ap_fixed<16, 6, (ap_q_mode)5, (ap_o_mode)3, 0> [15], ap_fixed<16, 6, (ap_q_mode)5, (ap_o_mode)3, 0>, ap_fixed<16, 6, (ap_q_mode)5, (ap_o_mode)3, 0> >::decision_function<ap_fixed<16, 6, (ap_q_mode)5, (ap_o_mode)3, 0>, ap_fixed<16, 6, (ap_q_mode)5, (ap_o_mode)3, 0> >' completely with a factor of 131 (ppg_rf_hls/firmware/BDT.h:56:0)
INFO: [HLS 214-186] Unrolling loop 'VITIS_LOOP_119_1' (ppg_rf_hls/firmware/BDT.h:119:23) in function 'BDT::Tree<64, 137, 69, ap_fixed<16, 6, (ap_q_mode)5, (ap_o_mode)3, 0> [15], ap_fixed<16, 6, (ap_q_mode)5, (ap_o_mode)3, 0>, ap_fixed<16, 6, (ap_q_mode)5, (ap_o_mode)3, 0> >::decision_function<ap_fixed<16, 6, (ap_q_mode)5, (ap_o_mode)3, 0>, ap_fixed<16, 6, (ap_q_mode)5, (ap_o_mode)3, 0> >' completely with a factor of 69 (ppg_rf_hls/firmware/BDT.h:56:0)
INFO: [HLS 214-186] Unrolling loop 'Activate' (ppg_rf_hls/firmware/BDT.h:97:15) in function 'BDT::Tree<64, 137, 69, ap_fixed<16, 6, (ap_q_mode)5, (ap_o_mode)3, 0> [15], ap_fixed<16, 6, (ap_q_mode)5, (ap_o_mode)3, 0>, ap_fixed<16, 6, (ap_q_mode)5, (ap_o_mode)3, 0> >::decision_function<ap_fixed<16, 6, (ap_q_mode)5, (ap_o_mode)3, 0>, ap_fixed<16, 6, (ap_q_mode)5, (ap_o_mode)3, 0> >' completely with a factor of 137 (ppg_rf_hls/firmware/BDT.h:56:0)
INFO: [HLS 214-186] Unrolling loop 'Compare' (ppg_rf_hls/firmware/BDT.h:84:11) in function 'BDT::Tree<64, 137, 69, ap_fixed<16, 6, (ap_q_mode)5, (ap_o_mode)3, 0> [15], ap_fixed<16, 6, (ap_q_mode)5, (ap_o_mode)3, 0>, ap_fixed<16, 6, (ap_q_mode)5, (ap_o_mode)3, 0> >::decision_function<ap_fixed<16, 6, (ap_q_mode)5, (ap_o_mode)3, 0>, ap_fixed<16, 6, (ap_q_mode)5, (ap_o_mode)3, 0> >' completely with a factor of 137 (ppg_rf_hls/firmware/BDT.h:56:0)
INFO: [HLS 214-186] Unrolling loop 'VITIS_LOOP_119_1' (ppg_rf_hls/firmware/BDT.h:119:23) in function 'BDT::Tree<63, 125, 63, ap_fixed<16, 6, (ap_q_mode)5, (ap_o_mode)3, 0> [15], ap_fixed<16, 6, (ap_q_mode)5, (ap_o_mode)3, 0>, ap_fixed<16, 6, (ap_q_mode)5, (ap_o_mode)3, 0> >::decision_function<ap_fixed<16, 6, (ap_q_mode)5, (ap_o_mode)3, 0>, ap_fixed<16, 6, (ap_q_mode)5, (ap_o_mode)3, 0> >' completely with a factor of 63 (ppg_rf_hls/firmware/BDT.h:56:0)
INFO: [HLS 214-186] Unrolling loop 'Activate' (ppg_rf_hls/firmware/BDT.h:97:15) in function 'BDT::Tree<63, 125, 63, ap_fixed<16, 6, (ap_q_mode)5, (ap_o_mode)3, 0> [15], ap_fixed<16, 6, (ap_q_mode)5, (ap_o_mode)3, 0>, ap_fixed<16, 6, (ap_q_mode)5, (ap_o_mode)3, 0> >::decision_function<ap_fixed<16, 6, (ap_q_mode)5, (ap_o_mode)3, 0>, ap_fixed<16, 6, (ap_q_mode)5, (ap_o_mode)3, 0> >' completely with a factor of 125 (ppg_rf_hls/firmware/BDT.h:56:0)
INFO: [HLS 214-186] Unrolling loop 'Compare' (ppg_rf_hls/firmware/BDT.h:84:11) in function 'BDT::Tree<63, 125, 63, ap_fixed<16, 6, (ap_q_mode)5, (ap_o_mode)3, 0> [15], ap_fixed<16, 6, (ap_q_mode)5, (ap_o_mode)3, 0>, ap_fixed<16, 6, (ap_q_mode)5, (ap_o_mode)3, 0> >::decision_function<ap_fixed<16, 6, (ap_q_mode)5, (ap_o_mode)3, 0>, ap_fixed<16, 6, (ap_q_mode)5, (ap_o_mode)3, 0> >' completely with a factor of 125 (ppg_rf_hls/firmware/BDT.h:56:0)
INFO: [HLS 214-186] Unrolling loop 'VITIS_LOOP_119_1' (ppg_rf_hls/firmware/BDT.h:119:23) in function 'BDT::Tree<62, 123, 62, ap_fixed<16, 6, (ap_q_mode)5, (ap_o_mode)3, 0> [15], ap_fixed<16, 6, (ap_q_mode)5, (ap_o_mode)3, 0>, ap_fixed<16, 6, (ap_q_mode)5, (ap_o_mode)3, 0> >::decision_function<ap_fixed<16, 6, (ap_q_mode)5, (ap_o_mode)3, 0>, ap_fixed<16, 6, (ap_q_mode)5, (ap_o_mode)3, 0> >' completely with a factor of 62 (ppg_rf_hls/firmware/BDT.h:56:0)
INFO: [HLS 214-186] Unrolling loop 'Activate' (ppg_rf_hls/firmware/BDT.h:97:15) in function 'BDT::Tree<62, 123, 62, ap_fixed<16, 6, (ap_q_mode)5, (ap_o_mode)3, 0> [15], ap_fixed<16, 6, (ap_q_mode)5, (ap_o_mode)3, 0>, ap_fixed<16, 6, (ap_q_mode)5, (ap_o_mode)3, 0> >::decision_function<ap_fixed<16, 6, (ap_q_mode)5, (ap_o_mode)3, 0>, ap_fixed<16, 6, (ap_q_mode)5, (ap_o_mode)3, 0> >' completely with a factor of 123 (ppg_rf_hls/firmware/BDT.h:56:0)
INFO: [HLS 214-186] Unrolling loop 'Compare' (ppg_rf_hls/firmware/BDT.h:84:11) in function 'BDT::Tree<62, 123, 62, ap_fixed<16, 6, (ap_q_mode)5, (ap_o_mode)3, 0> [15], ap_fixed<16, 6, (ap_q_mode)5, (ap_o_mode)3, 0>, ap_fixed<16, 6, (ap_q_mode)5, (ap_o_mode)3, 0> >::decision_function<ap_fixed<16, 6, (ap_q_mode)5, (ap_o_mode)3, 0>, ap_fixed<16, 6, (ap_q_mode)5, (ap_o_mode)3, 0> >' completely with a factor of 123 (ppg_rf_hls/firmware/BDT.h:56:0)
INFO: [HLS 214-186] Unrolling loop 'VITIS_LOOP_119_1' (ppg_rf_hls/firmware/BDT.h:119:23) in function 'BDT::Tree<61, 149, 75, ap_fixed<16, 6, (ap_q_mode)5, (ap_o_mode)3, 0> [15], ap_fixed<16, 6, (ap_q_mode)5, (ap_o_mode)3, 0>, ap_fixed<16, 6, (ap_q_mode)5, (ap_o_mode)3, 0> >::decision_function<ap_fixed<16, 6, (ap_q_mode)5, (ap_o_mode)3, 0>, ap_fixed<16, 6, (ap_q_mode)5, (ap_o_mode)3, 0> >' completely with a factor of 75 (ppg_rf_hls/firmware/BDT.h:56:0)
INFO: [HLS 214-186] Unrolling loop 'Activate' (ppg_rf_hls/firmware/BDT.h:97:15) in function 'BDT::Tree<61, 149, 75, ap_fixed<16, 6, (ap_q_mode)5, (ap_o_mode)3, 0> [15], ap_fixed<16, 6, (ap_q_mode)5, (ap_o_mode)3, 0>, ap_fixed<16, 6, (ap_q_mode)5, (ap_o_mode)3, 0> >::decision_function<ap_fixed<16, 6, (ap_q_mode)5, (ap_o_mode)3, 0>, ap_fixed<16, 6, (ap_q_mode)5, (ap_o_mode)3, 0> >' completely with a factor of 149 (ppg_rf_hls/firmware/BDT.h:56:0)
INFO: [HLS 214-186] Unrolling loop 'Compare' (ppg_rf_hls/firmware/BDT.h:84:11) in function 'BDT::Tree<61, 149, 75, ap_fixed<16, 6, (ap_q_mode)5, (ap_o_mode)3, 0> [15], ap_fixed<16, 6, (ap_q_mode)5, (ap_o_mode)3, 0>, ap_fixed<16, 6, (ap_q_mode)5, (ap_o_mode)3, 0> >::decision_function<ap_fixed<16, 6, (ap_q_mode)5, (ap_o_mode)3, 0>, ap_fixed<16, 6, (ap_q_mode)5, (ap_o_mode)3, 0> >' completely with a factor of 149 (ppg_rf_hls/firmware/BDT.h:56:0)
INFO: [HLS 214-186] Unrolling loop 'VITIS_LOOP_119_1' (ppg_rf_hls/firmware/BDT.h:119:23) in function 'BDT::Tree<60, 119, 60, ap_fixed<16, 6, (ap_q_mode)5, (ap_o_mode)3, 0> [15], ap_fixed<16, 6, (ap_q_mode)5, (ap_o_mode)3, 0>, ap_fixed<16, 6, (ap_q_mode)5, (ap_o_mode)3, 0> >::decision_function<ap_fixed<16, 6, (ap_q_mode)5, (ap_o_mode)3, 0>, ap_fixed<16, 6, (ap_q_mode)5, (ap_o_mode)3, 0> >' completely with a factor of 60 (ppg_rf_hls/firmware/BDT.h:56:0)
INFO: [HLS 214-186] Unrolling loop 'Activate' (ppg_rf_hls/firmware/BDT.h:97:15) in function 'BDT::Tree<60, 119, 60, ap_fixed<16, 6, (ap_q_mode)5, (ap_o_mode)3, 0> [15], ap_fixed<16, 6, (ap_q_mode)5, (ap_o_mode)3, 0>, ap_fixed<16, 6, (ap_q_mode)5, (ap_o_mode)3, 0> >::decision_function<ap_fixed<16, 6, (ap_q_mode)5, (ap_o_mode)3, 0>, ap_fixed<16, 6, (ap_q_mode)5, (ap_o_mode)3, 0> >' completely with a factor of 119 (ppg_rf_hls/firmware/BDT.h:56:0)
INFO: [HLS 214-186] Unrolling loop 'Compare' (ppg_rf_hls/firmware/BDT.h:84:11) in function 'BDT::Tree<60, 119, 60, ap_fixed<16, 6, (ap_q_mode)5, (ap_o_mode)3, 0> [15], ap_fixed<16, 6, (ap_q_mode)5, (ap_o_mode)3, 0>, ap_fixed<16, 6, (ap_q_mode)5, (ap_o_mode)3, 0> >::decision_function<ap_fixed<16, 6, (ap_q_mode)5, (ap_o_mode)3, 0>, ap_fixed<16, 6, (ap_q_mode)5, (ap_o_mode)3, 0> >' completely with a factor of 119 (ppg_rf_hls/firmware/BDT.h:56:0)
INFO: [HLS 214-186] Unrolling loop 'VITIS_LOOP_119_1' (ppg_rf_hls/firmware/BDT.h:119:23) in function 'BDT::Tree<59, 111, 56, ap_fixed<16, 6, (ap_q_mode)5, (ap_o_mode)3, 0> [15], ap_fixed<16, 6, (ap_q_mode)5, (ap_o_mode)3, 0>, ap_fixed<16, 6, (ap_q_mode)5, (ap_o_mode)3, 0> >::decision_function<ap_fixed<16, 6, (ap_q_mode)5, (ap_o_mode)3, 0>, ap_fixed<16, 6, (ap_q_mode)5, (ap_o_mode)3, 0> >' completely with a factor of 56 (ppg_rf_hls/firmware/BDT.h:56:0)
INFO: [HLS 214-186] Unrolling loop 'Activate' (ppg_rf_hls/firmware/BDT.h:97:15) in function 'BDT::Tree<59, 111, 56, ap_fixed<16, 6, (ap_q_mode)5, (ap_o_mode)3, 0> [15], ap_fixed<16, 6, (ap_q_mode)5, (ap_o_mode)3, 0>, ap_fixed<16, 6, (ap_q_mode)5, (ap_o_mode)3, 0> >::decision_function<ap_fixed<16, 6, (ap_q_mode)5, (ap_o_mode)3, 0>, ap_fixed<16, 6, (ap_q_mode)5, (ap_o_mode)3, 0> >' completely with a factor of 111 (ppg_rf_hls/firmware/BDT.h:56:0)
INFO: [HLS 214-186] Unrolling loop 'Compare' (ppg_rf_hls/firmware/BDT.h:84:11) in function 'BDT::Tree<59, 111, 56, ap_fixed<16, 6, (ap_q_mode)5, (ap_o_mode)3, 0> [15], ap_fixed<16, 6, (ap_q_mode)5, (ap_o_mode)3, 0>, ap_fixed<16, 6, (ap_q_mode)5, (ap_o_mode)3, 0> >::decision_function<ap_fixed<16, 6, (ap_q_mode)5, (ap_o_mode)3, 0>, ap_fixed<16, 6, (ap_q_mode)5, (ap_o_mode)3, 0> >' completely with a factor of 111 (ppg_rf_hls/firmware/BDT.h:56:0)
INFO: [HLS 214-186] Unrolling loop 'VITIS_LOOP_119_1' (ppg_rf_hls/firmware/BDT.h:119:23) in function 'BDT::Tree<58, 125, 63, ap_fixed<16, 6, (ap_q_mode)5, (ap_o_mode)3, 0> [15], ap_fixed<16, 6, (ap_q_mode)5, (ap_o_mode)3, 0>, ap_fixed<16, 6, (ap_q_mode)5, (ap_o_mode)3, 0> >::decision_function<ap_fixed<16, 6, (ap_q_mode)5, (ap_o_mode)3, 0>, ap_fixed<16, 6, (ap_q_mode)5, (ap_o_mode)3, 0> >' completely with a factor of 63 (ppg_rf_hls/firmware/BDT.h:56:0)
INFO: [HLS 214-186] Unrolling loop 'Activate' (ppg_rf_hls/firmware/BDT.h:97:15) in function 'BDT::Tree<58, 125, 63, ap_fixed<16, 6, (ap_q_mode)5, (ap_o_mode)3, 0> [15], ap_fixed<16, 6, (ap_q_mode)5, (ap_o_mode)3, 0>, ap_fixed<16, 6, (ap_q_mode)5, (ap_o_mode)3, 0> >::decision_function<ap_fixed<16, 6, (ap_q_mode)5, (ap_o_mode)3, 0>, ap_fixed<16, 6, (ap_q_mode)5, (ap_o_mode)3, 0> >' completely with a factor of 125 (ppg_rf_hls/firmware/BDT.h:56:0)
INFO: [HLS 214-186] Unrolling loop 'Compare' (ppg_rf_hls/firmware/BDT.h:84:11) in function 'BDT::Tree<58, 125, 63, ap_fixed<16, 6, (ap_q_mode)5, (ap_o_mode)3, 0> [15], ap_fixed<16, 6, (ap_q_mode)5, (ap_o_mode)3, 0>, ap_fixed<16, 6, (ap_q_mode)5, (ap_o_mode)3, 0> >::decision_function<ap_fixed<16, 6, (ap_q_mode)5, (ap_o_mode)3, 0>, ap_fixed<16, 6, (ap_q_mode)5, (ap_o_mode)3, 0> >' completely with a factor of 125 (ppg_rf_hls/firmware/BDT.h:56:0)
INFO: [HLS 214-186] Unrolling loop 'VITIS_LOOP_119_1' (ppg_rf_hls/firmware/BDT.h:119:23) in function 'BDT::Tree<57, 115, 58, ap_fixed<16, 6, (ap_q_mode)5, (ap_o_mode)3, 0> [15], ap_fixed<16, 6, (ap_q_mode)5, (ap_o_mode)3, 0>, ap_fixed<16, 6, (ap_q_mode)5, (ap_o_mode)3, 0> >::decision_function<ap_fixed<16, 6, (ap_q_mode)5, (ap_o_mode)3, 0>, ap_fixed<16, 6, (ap_q_mode)5, (ap_o_mode)3, 0> >' completely with a factor of 58 (ppg_rf_hls/firmware/BDT.h:56:0)
INFO: [HLS 214-186] Unrolling loop 'Activate' (ppg_rf_hls/firmware/BDT.h:97:15) in function 'BDT::Tree<57, 115, 58, ap_fixed<16, 6, (ap_q_mode)5, (ap_o_mode)3, 0> [15], ap_fixed<16, 6, (ap_q_mode)5, (ap_o_mode)3, 0>, ap_fixed<16, 6, (ap_q_mode)5, (ap_o_mode)3, 0> >::decision_function<ap_fixed<16, 6, (ap_q_mode)5, (ap_o_mode)3, 0>, ap_fixed<16, 6, (ap_q_mode)5, (ap_o_mode)3, 0> >' completely with a factor of 115 (ppg_rf_hls/firmware/BDT.h:56:0)
INFO: [HLS 214-186] Unrolling loop 'Compare' (ppg_rf_hls/firmware/BDT.h:84:11) in function 'BDT::Tree<57, 115, 58, ap_fixed<16, 6, (ap_q_mode)5, (ap_o_mode)3, 0> [15], ap_fixed<16, 6, (ap_q_mode)5, (ap_o_mode)3, 0>, ap_fixed<16, 6, (ap_q_mode)5, (ap_o_mode)3, 0> >::decision_function<ap_fixed<16, 6, (ap_q_mode)5, (ap_o_mode)3, 0>, ap_fixed<16, 6, (ap_q_mode)5, (ap_o_mode)3, 0> >' completely with a factor of 115 (ppg_rf_hls/firmware/BDT.h:56:0)
INFO: [HLS 214-186] Unrolling loop 'VITIS_LOOP_119_1' (ppg_rf_hls/firmware/BDT.h:119:23) in function 'BDT::Tree<56, 121, 61, ap_fixed<16, 6, (ap_q_mode)5, (ap_o_mode)3, 0> [15], ap_fixed<16, 6, (ap_q_mode)5, (ap_o_mode)3, 0>, ap_fixed<16, 6, (ap_q_mode)5, (ap_o_mode)3, 0> >::decision_function<ap_fixed<16, 6, (ap_q_mode)5, (ap_o_mode)3, 0>, ap_fixed<16, 6, (ap_q_mode)5, (ap_o_mode)3, 0> >' completely with a factor of 61 (ppg_rf_hls/firmware/BDT.h:56:0)
INFO: [HLS 214-186] Unrolling loop 'Activate' (ppg_rf_hls/firmware/BDT.h:97:15) in function 'BDT::Tree<56, 121, 61, ap_fixed<16, 6, (ap_q_mode)5, (ap_o_mode)3, 0> [15], ap_fixed<16, 6, (ap_q_mode)5, (ap_o_mode)3, 0>, ap_fixed<16, 6, (ap_q_mode)5, (ap_o_mode)3, 0> >::decision_function<ap_fixed<16, 6, (ap_q_mode)5, (ap_o_mode)3, 0>, ap_fixed<16, 6, (ap_q_mode)5, (ap_o_mode)3, 0> >' completely with a factor of 121 (ppg_rf_hls/firmware/BDT.h:56:0)
INFO: [HLS 214-186] Unrolling loop 'Compare' (ppg_rf_hls/firmware/BDT.h:84:11) in function 'BDT::Tree<56, 121, 61, ap_fixed<16, 6, (ap_q_mode)5, (ap_o_mode)3, 0> [15], ap_fixed<16, 6, (ap_q_mode)5, (ap_o_mode)3, 0>, ap_fixed<16, 6, (ap_q_mode)5, (ap_o_mode)3, 0> >::decision_function<ap_fixed<16, 6, (ap_q_mode)5, (ap_o_mode)3, 0>, ap_fixed<16, 6, (ap_q_mode)5, (ap_o_mode)3, 0> >' completely with a factor of 121 (ppg_rf_hls/firmware/BDT.h:56:0)
INFO: [HLS 214-186] Unrolling loop 'VITIS_LOOP_119_1' (ppg_rf_hls/firmware/BDT.h:119:23) in function 'BDT::Tree<55, 119, 60, ap_fixed<16, 6, (ap_q_mode)5, (ap_o_mode)3, 0> [15], ap_fixed<16, 6, (ap_q_mode)5, (ap_o_mode)3, 0>, ap_fixed<16, 6, (ap_q_mode)5, (ap_o_mode)3, 0> >::decision_function<ap_fixed<16, 6, (ap_q_mode)5, (ap_o_mode)3, 0>, ap_fixed<16, 6, (ap_q_mode)5, (ap_o_mode)3, 0> >' completely with a factor of 60 (ppg_rf_hls/firmware/BDT.h:56:0)
INFO: [HLS 214-186] Unrolling loop 'Activate' (ppg_rf_hls/firmware/BDT.h:97:15) in function 'BDT::Tree<55, 119, 60, ap_fixed<16, 6, (ap_q_mode)5, (ap_o_mode)3, 0> [15], ap_fixed<16, 6, (ap_q_mode)5, (ap_o_mode)3, 0>, ap_fixed<16, 6, (ap_q_mode)5, (ap_o_mode)3, 0> >::decision_function<ap_fixed<16, 6, (ap_q_mode)5, (ap_o_mode)3, 0>, ap_fixed<16, 6, (ap_q_mode)5, (ap_o_mode)3, 0> >' completely with a factor of 119 (ppg_rf_hls/firmware/BDT.h:56:0)
INFO: [HLS 214-186] Unrolling loop 'Compare' (ppg_rf_hls/firmware/BDT.h:84:11) in function 'BDT::Tree<55, 119, 60, ap_fixed<16, 6, (ap_q_mode)5, (ap_o_mode)3, 0> [15], ap_fixed<16, 6, (ap_q_mode)5, (ap_o_mode)3, 0>, ap_fixed<16, 6, (ap_q_mode)5, (ap_o_mode)3, 0> >::decision_function<ap_fixed<16, 6, (ap_q_mode)5, (ap_o_mode)3, 0>, ap_fixed<16, 6, (ap_q_mode)5, (ap_o_mode)3, 0> >' completely with a factor of 119 (ppg_rf_hls/firmware/BDT.h:56:0)
INFO: [HLS 214-186] Unrolling loop 'VITIS_LOOP_119_1' (ppg_rf_hls/firmware/BDT.h:119:23) in function 'BDT::Tree<54, 135, 68, ap_fixed<16, 6, (ap_q_mode)5, (ap_o_mode)3, 0> [15], ap_fixed<16, 6, (ap_q_mode)5, (ap_o_mode)3, 0>, ap_fixed<16, 6, (ap_q_mode)5, (ap_o_mode)3, 0> >::decision_function<ap_fixed<16, 6, (ap_q_mode)5, (ap_o_mode)3, 0>, ap_fixed<16, 6, (ap_q_mode)5, (ap_o_mode)3, 0> >' completely with a factor of 68 (ppg_rf_hls/firmware/BDT.h:56:0)
INFO: [HLS 214-186] Unrolling loop 'Activate' (ppg_rf_hls/firmware/BDT.h:97:15) in function 'BDT::Tree<54, 135, 68, ap_fixed<16, 6, (ap_q_mode)5, (ap_o_mode)3, 0> [15], ap_fixed<16, 6, (ap_q_mode)5, (ap_o_mode)3, 0>, ap_fixed<16, 6, (ap_q_mode)5, (ap_o_mode)3, 0> >::decision_function<ap_fixed<16, 6, (ap_q_mode)5, (ap_o_mode)3, 0>, ap_fixed<16, 6, (ap_q_mode)5, (ap_o_mode)3, 0> >' completely with a factor of 135 (ppg_rf_hls/firmware/BDT.h:56:0)
INFO: [HLS 214-186] Unrolling loop 'Compare' (ppg_rf_hls/firmware/BDT.h:84:11) in function 'BDT::Tree<54, 135, 68, ap_fixed<16, 6, (ap_q_mode)5, (ap_o_mode)3, 0> [15], ap_fixed<16, 6, (ap_q_mode)5, (ap_o_mode)3, 0>, ap_fixed<16, 6, (ap_q_mode)5, (ap_o_mode)3, 0> >::decision_function<ap_fixed<16, 6, (ap_q_mode)5, (ap_o_mode)3, 0>, ap_fixed<16, 6, (ap_q_mode)5, (ap_o_mode)3, 0> >' completely with a factor of 135 (ppg_rf_hls/firmware/BDT.h:56:0)
INFO: [HLS 214-186] Unrolling loop 'VITIS_LOOP_119_1' (ppg_rf_hls/firmware/BDT.h:119:23) in function 'BDT::Tree<53, 123, 62, ap_fixed<16, 6, (ap_q_mode)5, (ap_o_mode)3, 0> [15], ap_fixed<16, 6, (ap_q_mode)5, (ap_o_mode)3, 0>, ap_fixed<16, 6, (ap_q_mode)5, (ap_o_mode)3, 0> >::decision_function<ap_fixed<16, 6, (ap_q_mode)5, (ap_o_mode)3, 0>, ap_fixed<16, 6, (ap_q_mode)5, (ap_o_mode)3, 0> >' completely with a factor of 62 (ppg_rf_hls/firmware/BDT.h:56:0)
INFO: [HLS 214-186] Unrolling loop 'Activate' (ppg_rf_hls/firmware/BDT.h:97:15) in function 'BDT::Tree<53, 123, 62, ap_fixed<16, 6, (ap_q_mode)5, (ap_o_mode)3, 0> [15], ap_fixed<16, 6, (ap_q_mode)5, (ap_o_mode)3, 0>, ap_fixed<16, 6, (ap_q_mode)5, (ap_o_mode)3, 0> >::decision_function<ap_fixed<16, 6, (ap_q_mode)5, (ap_o_mode)3, 0>, ap_fixed<16, 6, (ap_q_mode)5, (ap_o_mode)3, 0> >' completely with a factor of 123 (ppg_rf_hls/firmware/BDT.h:56:0)
INFO: [HLS 214-186] Unrolling loop 'Compare' (ppg_rf_hls/firmware/BDT.h:84:11) in function 'BDT::Tree<53, 123, 62, ap_fixed<16, 6, (ap_q_mode)5, (ap_o_mode)3, 0> [15], ap_fixed<16, 6, (ap_q_mode)5, (ap_o_mode)3, 0>, ap_fixed<16, 6, (ap_q_mode)5, (ap_o_mode)3, 0> >::decision_function<ap_fixed<16, 6, (ap_q_mode)5, (ap_o_mode)3, 0>, ap_fixed<16, 6, (ap_q_mode)5, (ap_o_mode)3, 0> >' completely with a factor of 123 (ppg_rf_hls/firmware/BDT.h:56:0)
INFO: [HLS 214-186] Unrolling loop 'VITIS_LOOP_119_1' (ppg_rf_hls/firmware/BDT.h:119:23) in function 'BDT::Tree<52, 107, 54, ap_fixed<16, 6, (ap_q_mode)5, (ap_o_mode)3, 0> [15], ap_fixed<16, 6, (ap_q_mode)5, (ap_o_mode)3, 0>, ap_fixed<16, 6, (ap_q_mode)5, (ap_o_mode)3, 0> >::decision_function<ap_fixed<16, 6, (ap_q_mode)5, (ap_o_mode)3, 0>, ap_fixed<16, 6, (ap_q_mode)5, (ap_o_mode)3, 0> >' completely with a factor of 54 (ppg_rf_hls/firmware/BDT.h:56:0)
INFO: [HLS 214-186] Unrolling loop 'Activate' (ppg_rf_hls/firmware/BDT.h:97:15) in function 'BDT::Tree<52, 107, 54, ap_fixed<16, 6, (ap_q_mode)5, (ap_o_mode)3, 0> [15], ap_fixed<16, 6, (ap_q_mode)5, (ap_o_mode)3, 0>, ap_fixed<16, 6, (ap_q_mode)5, (ap_o_mode)3, 0> >::decision_function<ap_fixed<16, 6, (ap_q_mode)5, (ap_o_mode)3, 0>, ap_fixed<16, 6, (ap_q_mode)5, (ap_o_mode)3, 0> >' completely with a factor of 107 (ppg_rf_hls/firmware/BDT.h:56:0)
INFO: [HLS 214-186] Unrolling loop 'Compare' (ppg_rf_hls/firmware/BDT.h:84:11) in function 'BDT::Tree<52, 107, 54, ap_fixed<16, 6, (ap_q_mode)5, (ap_o_mode)3, 0> [15], ap_fixed<16, 6, (ap_q_mode)5, (ap_o_mode)3, 0>, ap_fixed<16, 6, (ap_q_mode)5, (ap_o_mode)3, 0> >::decision_function<ap_fixed<16, 6, (ap_q_mode)5, (ap_o_mode)3, 0>, ap_fixed<16, 6, (ap_q_mode)5, (ap_o_mode)3, 0> >' completely with a factor of 107 (ppg_rf_hls/firmware/BDT.h:56:0)
INFO: [HLS 214-186] Unrolling loop 'VITIS_LOOP_119_1' (ppg_rf_hls/firmware/BDT.h:119:23) in function 'BDT::Tree<51, 131, 66, ap_fixed<16, 6, (ap_q_mode)5, (ap_o_mode)3, 0> [15], ap_fixed<16, 6, (ap_q_mode)5, (ap_o_mode)3, 0>, ap_fixed<16, 6, (ap_q_mode)5, (ap_o_mode)3, 0> >::decision_function<ap_fixed<16, 6, (ap_q_mode)5, (ap_o_mode)3, 0>, ap_fixed<16, 6, (ap_q_mode)5, (ap_o_mode)3, 0> >' completely with a factor of 66 (ppg_rf_hls/firmware/BDT.h:56:0)
INFO: [HLS 214-186] Unrolling loop 'Activate' (ppg_rf_hls/firmware/BDT.h:97:15) in function 'BDT::Tree<51, 131, 66, ap_fixed<16, 6, (ap_q_mode)5, (ap_o_mode)3, 0> [15], ap_fixed<16, 6, (ap_q_mode)5, (ap_o_mode)3, 0>, ap_fixed<16, 6, (ap_q_mode)5, (ap_o_mode)3, 0> >::decision_function<ap_fixed<16, 6, (ap_q_mode)5, (ap_o_mode)3, 0>, ap_fixed<16, 6, (ap_q_mode)5, (ap_o_mode)3, 0> >' completely with a factor of 131 (ppg_rf_hls/firmware/BDT.h:56:0)
INFO: [HLS 214-186] Unrolling loop 'Compare' (ppg_rf_hls/firmware/BDT.h:84:11) in function 'BDT::Tree<51, 131, 66, ap_fixed<16, 6, (ap_q_mode)5, (ap_o_mode)3, 0> [15], ap_fixed<16, 6, (ap_q_mode)5, (ap_o_mode)3, 0>, ap_fixed<16, 6, (ap_q_mode)5, (ap_o_mode)3, 0> >::decision_function<ap_fixed<16, 6, (ap_q_mode)5, (ap_o_mode)3, 0>, ap_fixed<16, 6, (ap_q_mode)5, (ap_o_mode)3, 0> >' completely with a factor of 131 (ppg_rf_hls/firmware/BDT.h:56:0)
INFO: [HLS 214-186] Unrolling loop 'VITIS_LOOP_119_1' (ppg_rf_hls/firmware/BDT.h:119:23) in function 'BDT::Tree<50, 117, 59, ap_fixed<16, 6, (ap_q_mode)5, (ap_o_mode)3, 0> [15], ap_fixed<16, 6, (ap_q_mode)5, (ap_o_mode)3, 0>, ap_fixed<16, 6, (ap_q_mode)5, (ap_o_mode)3, 0> >::decision_function<ap_fixed<16, 6, (ap_q_mode)5, (ap_o_mode)3, 0>, ap_fixed<16, 6, (ap_q_mode)5, (ap_o_mode)3, 0> >' completely with a factor of 59 (ppg_rf_hls/firmware/BDT.h:56:0)
INFO: [HLS 214-186] Unrolling loop 'Activate' (ppg_rf_hls/firmware/BDT.h:97:15) in function 'BDT::Tree<50, 117, 59, ap_fixed<16, 6, (ap_q_mode)5, (ap_o_mode)3, 0> [15], ap_fixed<16, 6, (ap_q_mode)5, (ap_o_mode)3, 0>, ap_fixed<16, 6, (ap_q_mode)5, (ap_o_mode)3, 0> >::decision_function<ap_fixed<16, 6, (ap_q_mode)5, (ap_o_mode)3, 0>, ap_fixed<16, 6, (ap_q_mode)5, (ap_o_mode)3, 0> >' completely with a factor of 117 (ppg_rf_hls/firmware/BDT.h:56:0)
INFO: [HLS 214-186] Unrolling loop 'Compare' (ppg_rf_hls/firmware/BDT.h:84:11) in function 'BDT::Tree<50, 117, 59, ap_fixed<16, 6, (ap_q_mode)5, (ap_o_mode)3, 0> [15], ap_fixed<16, 6, (ap_q_mode)5, (ap_o_mode)3, 0>, ap_fixed<16, 6, (ap_q_mode)5, (ap_o_mode)3, 0> >::decision_function<ap_fixed<16, 6, (ap_q_mode)5, (ap_o_mode)3, 0>, ap_fixed<16, 6, (ap_q_mode)5, (ap_o_mode)3, 0> >' completely with a factor of 117 (ppg_rf_hls/firmware/BDT.h:56:0)
INFO: [HLS 214-186] Unrolling loop 'VITIS_LOOP_119_1' (ppg_rf_hls/firmware/BDT.h:119:23) in function 'BDT::Tree<49, 131, 66, ap_fixed<16, 6, (ap_q_mode)5, (ap_o_mode)3, 0> [15], ap_fixed<16, 6, (ap_q_mode)5, (ap_o_mode)3, 0>, ap_fixed<16, 6, (ap_q_mode)5, (ap_o_mode)3, 0> >::decision_function<ap_fixed<16, 6, (ap_q_mode)5, (ap_o_mode)3, 0>, ap_fixed<16, 6, (ap_q_mode)5, (ap_o_mode)3, 0> >' completely with a factor of 66 (ppg_rf_hls/firmware/BDT.h:56:0)
INFO: [HLS 214-186] Unrolling loop 'Activate' (ppg_rf_hls/firmware/BDT.h:97:15) in function 'BDT::Tree<49, 131, 66, ap_fixed<16, 6, (ap_q_mode)5, (ap_o_mode)3, 0> [15], ap_fixed<16, 6, (ap_q_mode)5, (ap_o_mode)3, 0>, ap_fixed<16, 6, (ap_q_mode)5, (ap_o_mode)3, 0> >::decision_function<ap_fixed<16, 6, (ap_q_mode)5, (ap_o_mode)3, 0>, ap_fixed<16, 6, (ap_q_mode)5, (ap_o_mode)3, 0> >' completely with a factor of 131 (ppg_rf_hls/firmware/BDT.h:56:0)
INFO: [HLS 214-186] Unrolling loop 'Compare' (ppg_rf_hls/firmware/BDT.h:84:11) in function 'BDT::Tree<49, 131, 66, ap_fixed<16, 6, (ap_q_mode)5, (ap_o_mode)3, 0> [15], ap_fixed<16, 6, (ap_q_mode)5, (ap_o_mode)3, 0>, ap_fixed<16, 6, (ap_q_mode)5, (ap_o_mode)3, 0> >::decision_function<ap_fixed<16, 6, (ap_q_mode)5, (ap_o_mode)3, 0>, ap_fixed<16, 6, (ap_q_mode)5, (ap_o_mode)3, 0> >' completely with a factor of 131 (ppg_rf_hls/firmware/BDT.h:56:0)
INFO: [HLS 214-186] Unrolling loop 'VITIS_LOOP_119_1' (ppg_rf_hls/firmware/BDT.h:119:23) in function 'BDT::Tree<48, 109, 55, ap_fixed<16, 6, (ap_q_mode)5, (ap_o_mode)3, 0> [15], ap_fixed<16, 6, (ap_q_mode)5, (ap_o_mode)3, 0>, ap_fixed<16, 6, (ap_q_mode)5, (ap_o_mode)3, 0> >::decision_function<ap_fixed<16, 6, (ap_q_mode)5, (ap_o_mode)3, 0>, ap_fixed<16, 6, (ap_q_mode)5, (ap_o_mode)3, 0> >' completely with a factor of 55 (ppg_rf_hls/firmware/BDT.h:56:0)
INFO: [HLS 214-186] Unrolling loop 'Activate' (ppg_rf_hls/firmware/BDT.h:97:15) in function 'BDT::Tree<48, 109, 55, ap_fixed<16, 6, (ap_q_mode)5, (ap_o_mode)3, 0> [15], ap_fixed<16, 6, (ap_q_mode)5, (ap_o_mode)3, 0>, ap_fixed<16, 6, (ap_q_mode)5, (ap_o_mode)3, 0> >::decision_function<ap_fixed<16, 6, (ap_q_mode)5, (ap_o_mode)3, 0>, ap_fixed<16, 6, (ap_q_mode)5, (ap_o_mode)3, 0> >' completely with a factor of 109 (ppg_rf_hls/firmware/BDT.h:56:0)
INFO: [HLS 214-186] Unrolling loop 'Compare' (ppg_rf_hls/firmware/BDT.h:84:11) in function 'BDT::Tree<48, 109, 55, ap_fixed<16, 6, (ap_q_mode)5, (ap_o_mode)3, 0> [15], ap_fixed<16, 6, (ap_q_mode)5, (ap_o_mode)3, 0>, ap_fixed<16, 6, (ap_q_mode)5, (ap_o_mode)3, 0> >::decision_function<ap_fixed<16, 6, (ap_q_mode)5, (ap_o_mode)3, 0>, ap_fixed<16, 6, (ap_q_mode)5, (ap_o_mode)3, 0> >' completely with a factor of 109 (ppg_rf_hls/firmware/BDT.h:56:0)
INFO: [HLS 214-186] Unrolling loop 'VITIS_LOOP_119_1' (ppg_rf_hls/firmware/BDT.h:119:23) in function 'BDT::Tree<47, 133, 67, ap_fixed<16, 6, (ap_q_mode)5, (ap_o_mode)3, 0> [15], ap_fixed<16, 6, (ap_q_mode)5, (ap_o_mode)3, 0>, ap_fixed<16, 6, (ap_q_mode)5, (ap_o_mode)3, 0> >::decision_function<ap_fixed<16, 6, (ap_q_mode)5, (ap_o_mode)3, 0>, ap_fixed<16, 6, (ap_q_mode)5, (ap_o_mode)3, 0> >' completely with a factor of 67 (ppg_rf_hls/firmware/BDT.h:56:0)
INFO: [HLS 214-186] Unrolling loop 'Activate' (ppg_rf_hls/firmware/BDT.h:97:15) in function 'BDT::Tree<47, 133, 67, ap_fixed<16, 6, (ap_q_mode)5, (ap_o_mode)3, 0> [15], ap_fixed<16, 6, (ap_q_mode)5, (ap_o_mode)3, 0>, ap_fixed<16, 6, (ap_q_mode)5, (ap_o_mode)3, 0> >::decision_function<ap_fixed<16, 6, (ap_q_mode)5, (ap_o_mode)3, 0>, ap_fixed<16, 6, (ap_q_mode)5, (ap_o_mode)3, 0> >' completely with a factor of 133 (ppg_rf_hls/firmware/BDT.h:56:0)
INFO: [HLS 214-186] Unrolling loop 'Compare' (ppg_rf_hls/firmware/BDT.h:84:11) in function 'BDT::Tree<47, 133, 67, ap_fixed<16, 6, (ap_q_mode)5, (ap_o_mode)3, 0> [15], ap_fixed<16, 6, (ap_q_mode)5, (ap_o_mode)3, 0>, ap_fixed<16, 6, (ap_q_mode)5, (ap_o_mode)3, 0> >::decision_function<ap_fixed<16, 6, (ap_q_mode)5, (ap_o_mode)3, 0>, ap_fixed<16, 6, (ap_q_mode)5, (ap_o_mode)3, 0> >' completely with a factor of 133 (ppg_rf_hls/firmware/BDT.h:56:0)
INFO: [HLS 214-186] Unrolling loop 'VITIS_LOOP_119_1' (ppg_rf_hls/firmware/BDT.h:119:23) in function 'BDT::Tree<46, 127, 64, ap_fixed<16, 6, (ap_q_mode)5, (ap_o_mode)3, 0> [15], ap_fixed<16, 6, (ap_q_mode)5, (ap_o_mode)3, 0>, ap_fixed<16, 6, (ap_q_mode)5, (ap_o_mode)3, 0> >::decision_function<ap_fixed<16, 6, (ap_q_mode)5, (ap_o_mode)3, 0>, ap_fixed<16, 6, (ap_q_mode)5, (ap_o_mode)3, 0> >' completely with a factor of 64 (ppg_rf_hls/firmware/BDT.h:56:0)
INFO: [HLS 214-186] Unrolling loop 'Activate' (ppg_rf_hls/firmware/BDT.h:97:15) in function 'BDT::Tree<46, 127, 64, ap_fixed<16, 6, (ap_q_mode)5, (ap_o_mode)3, 0> [15], ap_fixed<16, 6, (ap_q_mode)5, (ap_o_mode)3, 0>, ap_fixed<16, 6, (ap_q_mode)5, (ap_o_mode)3, 0> >::decision_function<ap_fixed<16, 6, (ap_q_mode)5, (ap_o_mode)3, 0>, ap_fixed<16, 6, (ap_q_mode)5, (ap_o_mode)3, 0> >' completely with a factor of 127 (ppg_rf_hls/firmware/BDT.h:56:0)
INFO: [HLS 214-186] Unrolling loop 'Compare' (ppg_rf_hls/firmware/BDT.h:84:11) in function 'BDT::Tree<46, 127, 64, ap_fixed<16, 6, (ap_q_mode)5, (ap_o_mode)3, 0> [15], ap_fixed<16, 6, (ap_q_mode)5, (ap_o_mode)3, 0>, ap_fixed<16, 6, (ap_q_mode)5, (ap_o_mode)3, 0> >::decision_function<ap_fixed<16, 6, (ap_q_mode)5, (ap_o_mode)3, 0>, ap_fixed<16, 6, (ap_q_mode)5, (ap_o_mode)3, 0> >' completely with a factor of 127 (ppg_rf_hls/firmware/BDT.h:56:0)
INFO: [HLS 214-186] Unrolling loop 'VITIS_LOOP_119_1' (ppg_rf_hls/firmware/BDT.h:119:23) in function 'BDT::Tree<45, 117, 59, ap_fixed<16, 6, (ap_q_mode)5, (ap_o_mode)3, 0> [15], ap_fixed<16, 6, (ap_q_mode)5, (ap_o_mode)3, 0>, ap_fixed<16, 6, (ap_q_mode)5, (ap_o_mode)3, 0> >::decision_function<ap_fixed<16, 6, (ap_q_mode)5, (ap_o_mode)3, 0>, ap_fixed<16, 6, (ap_q_mode)5, (ap_o_mode)3, 0> >' completely with a factor of 59 (ppg_rf_hls/firmware/BDT.h:56:0)
INFO: [HLS 214-186] Unrolling loop 'Activate' (ppg_rf_hls/firmware/BDT.h:97:15) in function 'BDT::Tree<45, 117, 59, ap_fixed<16, 6, (ap_q_mode)5, (ap_o_mode)3, 0> [15], ap_fixed<16, 6, (ap_q_mode)5, (ap_o_mode)3, 0>, ap_fixed<16, 6, (ap_q_mode)5, (ap_o_mode)3, 0> >::decision_function<ap_fixed<16, 6, (ap_q_mode)5, (ap_o_mode)3, 0>, ap_fixed<16, 6, (ap_q_mode)5, (ap_o_mode)3, 0> >' completely with a factor of 117 (ppg_rf_hls/firmware/BDT.h:56:0)
INFO: [HLS 214-186] Unrolling loop 'Compare' (ppg_rf_hls/firmware/BDT.h:84:11) in function 'BDT::Tree<45, 117, 59, ap_fixed<16, 6, (ap_q_mode)5, (ap_o_mode)3, 0> [15], ap_fixed<16, 6, (ap_q_mode)5, (ap_o_mode)3, 0>, ap_fixed<16, 6, (ap_q_mode)5, (ap_o_mode)3, 0> >::decision_function<ap_fixed<16, 6, (ap_q_mode)5, (ap_o_mode)3, 0>, ap_fixed<16, 6, (ap_q_mode)5, (ap_o_mode)3, 0> >' completely with a factor of 117 (ppg_rf_hls/firmware/BDT.h:56:0)
INFO: [HLS 214-186] Unrolling loop 'VITIS_LOOP_119_1' (ppg_rf_hls/firmware/BDT.h:119:23) in function 'BDT::Tree<44, 119, 60, ap_fixed<16, 6, (ap_q_mode)5, (ap_o_mode)3, 0> [15], ap_fixed<16, 6, (ap_q_mode)5, (ap_o_mode)3, 0>, ap_fixed<16, 6, (ap_q_mode)5, (ap_o_mode)3, 0> >::decision_function<ap_fixed<16, 6, (ap_q_mode)5, (ap_o_mode)3, 0>, ap_fixed<16, 6, (ap_q_mode)5, (ap_o_mode)3, 0> >' completely with a factor of 60 (ppg_rf_hls/firmware/BDT.h:56:0)
INFO: [HLS 214-186] Unrolling loop 'Activate' (ppg_rf_hls/firmware/BDT.h:97:15) in function 'BDT::Tree<44, 119, 60, ap_fixed<16, 6, (ap_q_mode)5, (ap_o_mode)3, 0> [15], ap_fixed<16, 6, (ap_q_mode)5, (ap_o_mode)3, 0>, ap_fixed<16, 6, (ap_q_mode)5, (ap_o_mode)3, 0> >::decision_function<ap_fixed<16, 6, (ap_q_mode)5, (ap_o_mode)3, 0>, ap_fixed<16, 6, (ap_q_mode)5, (ap_o_mode)3, 0> >' completely with a factor of 119 (ppg_rf_hls/firmware/BDT.h:56:0)
INFO: [HLS 214-186] Unrolling loop 'Compare' (ppg_rf_hls/firmware/BDT.h:84:11) in function 'BDT::Tree<44, 119, 60, ap_fixed<16, 6, (ap_q_mode)5, (ap_o_mode)3, 0> [15], ap_fixed<16, 6, (ap_q_mode)5, (ap_o_mode)3, 0>, ap_fixed<16, 6, (ap_q_mode)5, (ap_o_mode)3, 0> >::decision_function<ap_fixed<16, 6, (ap_q_mode)5, (ap_o_mode)3, 0>, ap_fixed<16, 6, (ap_q_mode)5, (ap_o_mode)3, 0> >' completely with a factor of 119 (ppg_rf_hls/firmware/BDT.h:56:0)
INFO: [HLS 214-186] Unrolling loop 'VITIS_LOOP_119_1' (ppg_rf_hls/firmware/BDT.h:119:23) in function 'BDT::Tree<43, 145, 73, ap_fixed<16, 6, (ap_q_mode)5, (ap_o_mode)3, 0> [15], ap_fixed<16, 6, (ap_q_mode)5, (ap_o_mode)3, 0>, ap_fixed<16, 6, (ap_q_mode)5, (ap_o_mode)3, 0> >::decision_function<ap_fixed<16, 6, (ap_q_mode)5, (ap_o_mode)3, 0>, ap_fixed<16, 6, (ap_q_mode)5, (ap_o_mode)3, 0> >' completely with a factor of 73 (ppg_rf_hls/firmware/BDT.h:56:0)
INFO: [HLS 214-186] Unrolling loop 'Activate' (ppg_rf_hls/firmware/BDT.h:97:15) in function 'BDT::Tree<43, 145, 73, ap_fixed<16, 6, (ap_q_mode)5, (ap_o_mode)3, 0> [15], ap_fixed<16, 6, (ap_q_mode)5, (ap_o_mode)3, 0>, ap_fixed<16, 6, (ap_q_mode)5, (ap_o_mode)3, 0> >::decision_function<ap_fixed<16, 6, (ap_q_mode)5, (ap_o_mode)3, 0>, ap_fixed<16, 6, (ap_q_mode)5, (ap_o_mode)3, 0> >' completely with a factor of 145 (ppg_rf_hls/firmware/BDT.h:56:0)
INFO: [HLS 214-186] Unrolling loop 'Compare' (ppg_rf_hls/firmware/BDT.h:84:11) in function 'BDT::Tree<43, 145, 73, ap_fixed<16, 6, (ap_q_mode)5, (ap_o_mode)3, 0> [15], ap_fixed<16, 6, (ap_q_mode)5, (ap_o_mode)3, 0>, ap_fixed<16, 6, (ap_q_mode)5, (ap_o_mode)3, 0> >::decision_function<ap_fixed<16, 6, (ap_q_mode)5, (ap_o_mode)3, 0>, ap_fixed<16, 6, (ap_q_mode)5, (ap_o_mode)3, 0> >' completely with a factor of 145 (ppg_rf_hls/firmware/BDT.h:56:0)
INFO: [HLS 214-186] Unrolling loop 'VITIS_LOOP_119_1' (ppg_rf_hls/firmware/BDT.h:119:23) in function 'BDT::Tree<42, 117, 59, ap_fixed<16, 6, (ap_q_mode)5, (ap_o_mode)3, 0> [15], ap_fixed<16, 6, (ap_q_mode)5, (ap_o_mode)3, 0>, ap_fixed<16, 6, (ap_q_mode)5, (ap_o_mode)3, 0> >::decision_function<ap_fixed<16, 6, (ap_q_mode)5, (ap_o_mode)3, 0>, ap_fixed<16, 6, (ap_q_mode)5, (ap_o_mode)3, 0> >' completely with a factor of 59 (ppg_rf_hls/firmware/BDT.h:56:0)
INFO: [HLS 214-186] Unrolling loop 'Activate' (ppg_rf_hls/firmware/BDT.h:97:15) in function 'BDT::Tree<42, 117, 59, ap_fixed<16, 6, (ap_q_mode)5, (ap_o_mode)3, 0> [15], ap_fixed<16, 6, (ap_q_mode)5, (ap_o_mode)3, 0>, ap_fixed<16, 6, (ap_q_mode)5, (ap_o_mode)3, 0> >::decision_function<ap_fixed<16, 6, (ap_q_mode)5, (ap_o_mode)3, 0>, ap_fixed<16, 6, (ap_q_mode)5, (ap_o_mode)3, 0> >' completely with a factor of 117 (ppg_rf_hls/firmware/BDT.h:56:0)
INFO: [HLS 214-186] Unrolling loop 'Compare' (ppg_rf_hls/firmware/BDT.h:84:11) in function 'BDT::Tree<42, 117, 59, ap_fixed<16, 6, (ap_q_mode)5, (ap_o_mode)3, 0> [15], ap_fixed<16, 6, (ap_q_mode)5, (ap_o_mode)3, 0>, ap_fixed<16, 6, (ap_q_mode)5, (ap_o_mode)3, 0> >::decision_function<ap_fixed<16, 6, (ap_q_mode)5, (ap_o_mode)3, 0>, ap_fixed<16, 6, (ap_q_mode)5, (ap_o_mode)3, 0> >' completely with a factor of 117 (ppg_rf_hls/firmware/BDT.h:56:0)
INFO: [HLS 214-186] Unrolling loop 'VITIS_LOOP_119_1' (ppg_rf_hls/firmware/BDT.h:119:23) in function 'BDT::Tree<41, 105, 53, ap_fixed<16, 6, (ap_q_mode)5, (ap_o_mode)3, 0> [15], ap_fixed<16, 6, (ap_q_mode)5, (ap_o_mode)3, 0>, ap_fixed<16, 6, (ap_q_mode)5, (ap_o_mode)3, 0> >::decision_function<ap_fixed<16, 6, (ap_q_mode)5, (ap_o_mode)3, 0>, ap_fixed<16, 6, (ap_q_mode)5, (ap_o_mode)3, 0> >' completely with a factor of 53 (ppg_rf_hls/firmware/BDT.h:56:0)
INFO: [HLS 214-186] Unrolling loop 'Activate' (ppg_rf_hls/firmware/BDT.h:97:15) in function 'BDT::Tree<41, 105, 53, ap_fixed<16, 6, (ap_q_mode)5, (ap_o_mode)3, 0> [15], ap_fixed<16, 6, (ap_q_mode)5, (ap_o_mode)3, 0>, ap_fixed<16, 6, (ap_q_mode)5, (ap_o_mode)3, 0> >::decision_function<ap_fixed<16, 6, (ap_q_mode)5, (ap_o_mode)3, 0>, ap_fixed<16, 6, (ap_q_mode)5, (ap_o_mode)3, 0> >' completely with a factor of 105 (ppg_rf_hls/firmware/BDT.h:56:0)
INFO: [HLS 214-186] Unrolling loop 'Compare' (ppg_rf_hls/firmware/BDT.h:84:11) in function 'BDT::Tree<41, 105, 53, ap_fixed<16, 6, (ap_q_mode)5, (ap_o_mode)3, 0> [15], ap_fixed<16, 6, (ap_q_mode)5, (ap_o_mode)3, 0>, ap_fixed<16, 6, (ap_q_mode)5, (ap_o_mode)3, 0> >::decision_function<ap_fixed<16, 6, (ap_q_mode)5, (ap_o_mode)3, 0>, ap_fixed<16, 6, (ap_q_mode)5, (ap_o_mode)3, 0> >' completely with a factor of 105 (ppg_rf_hls/firmware/BDT.h:56:0)
INFO: [HLS 214-186] Unrolling loop 'VITIS_LOOP_119_1' (ppg_rf_hls/firmware/BDT.h:119:23) in function 'BDT::Tree<40, 127, 64, ap_fixed<16, 6, (ap_q_mode)5, (ap_o_mode)3, 0> [15], ap_fixed<16, 6, (ap_q_mode)5, (ap_o_mode)3, 0>, ap_fixed<16, 6, (ap_q_mode)5, (ap_o_mode)3, 0> >::decision_function<ap_fixed<16, 6, (ap_q_mode)5, (ap_o_mode)3, 0>, ap_fixed<16, 6, (ap_q_mode)5, (ap_o_mode)3, 0> >' completely with a factor of 64 (ppg_rf_hls/firmware/BDT.h:56:0)
INFO: [HLS 214-186] Unrolling loop 'Activate' (ppg_rf_hls/firmware/BDT.h:97:15) in function 'BDT::Tree<40, 127, 64, ap_fixed<16, 6, (ap_q_mode)5, (ap_o_mode)3, 0> [15], ap_fixed<16, 6, (ap_q_mode)5, (ap_o_mode)3, 0>, ap_fixed<16, 6, (ap_q_mode)5, (ap_o_mode)3, 0> >::decision_function<ap_fixed<16, 6, (ap_q_mode)5, (ap_o_mode)3, 0>, ap_fixed<16, 6, (ap_q_mode)5, (ap_o_mode)3, 0> >' completely with a factor of 127 (ppg_rf_hls/firmware/BDT.h:56:0)
INFO: [HLS 214-186] Unrolling loop 'Compare' (ppg_rf_hls/firmware/BDT.h:84:11) in function 'BDT::Tree<40, 127, 64, ap_fixed<16, 6, (ap_q_mode)5, (ap_o_mode)3, 0> [15], ap_fixed<16, 6, (ap_q_mode)5, (ap_o_mode)3, 0>, ap_fixed<16, 6, (ap_q_mode)5, (ap_o_mode)3, 0> >::decision_function<ap_fixed<16, 6, (ap_q_mode)5, (ap_o_mode)3, 0>, ap_fixed<16, 6, (ap_q_mode)5, (ap_o_mode)3, 0> >' completely with a factor of 127 (ppg_rf_hls/firmware/BDT.h:56:0)
INFO: [HLS 214-186] Unrolling loop 'VITIS_LOOP_119_1' (ppg_rf_hls/firmware/BDT.h:119:23) in function 'BDT::Tree<39, 129, 65, ap_fixed<16, 6, (ap_q_mode)5, (ap_o_mode)3, 0> [15], ap_fixed<16, 6, (ap_q_mode)5, (ap_o_mode)3, 0>, ap_fixed<16, 6, (ap_q_mode)5, (ap_o_mode)3, 0> >::decision_function<ap_fixed<16, 6, (ap_q_mode)5, (ap_o_mode)3, 0>, ap_fixed<16, 6, (ap_q_mode)5, (ap_o_mode)3, 0> >' completely with a factor of 65 (ppg_rf_hls/firmware/BDT.h:56:0)
INFO: [HLS 214-186] Unrolling loop 'Activate' (ppg_rf_hls/firmware/BDT.h:97:15) in function 'BDT::Tree<39, 129, 65, ap_fixed<16, 6, (ap_q_mode)5, (ap_o_mode)3, 0> [15], ap_fixed<16, 6, (ap_q_mode)5, (ap_o_mode)3, 0>, ap_fixed<16, 6, (ap_q_mode)5, (ap_o_mode)3, 0> >::decision_function<ap_fixed<16, 6, (ap_q_mode)5, (ap_o_mode)3, 0>, ap_fixed<16, 6, (ap_q_mode)5, (ap_o_mode)3, 0> >' completely with a factor of 129 (ppg_rf_hls/firmware/BDT.h:56:0)
INFO: [HLS 214-186] Unrolling loop 'Compare' (ppg_rf_hls/firmware/BDT.h:84:11) in function 'BDT::Tree<39, 129, 65, ap_fixed<16, 6, (ap_q_mode)5, (ap_o_mode)3, 0> [15], ap_fixed<16, 6, (ap_q_mode)5, (ap_o_mode)3, 0>, ap_fixed<16, 6, (ap_q_mode)5, (ap_o_mode)3, 0> >::decision_function<ap_fixed<16, 6, (ap_q_mode)5, (ap_o_mode)3, 0>, ap_fixed<16, 6, (ap_q_mode)5, (ap_o_mode)3, 0> >' completely with a factor of 129 (ppg_rf_hls/firmware/BDT.h:56:0)
INFO: [HLS 214-186] Unrolling loop 'VITIS_LOOP_119_1' (ppg_rf_hls/firmware/BDT.h:119:23) in function 'BDT::Tree<38, 119, 60, ap_fixed<16, 6, (ap_q_mode)5, (ap_o_mode)3, 0> [15], ap_fixed<16, 6, (ap_q_mode)5, (ap_o_mode)3, 0>, ap_fixed<16, 6, (ap_q_mode)5, (ap_o_mode)3, 0> >::decision_function<ap_fixed<16, 6, (ap_q_mode)5, (ap_o_mode)3, 0>, ap_fixed<16, 6, (ap_q_mode)5, (ap_o_mode)3, 0> >' completely with a factor of 60 (ppg_rf_hls/firmware/BDT.h:56:0)
INFO: [HLS 214-186] Unrolling loop 'Activate' (ppg_rf_hls/firmware/BDT.h:97:15) in function 'BDT::Tree<38, 119, 60, ap_fixed<16, 6, (ap_q_mode)5, (ap_o_mode)3, 0> [15], ap_fixed<16, 6, (ap_q_mode)5, (ap_o_mode)3, 0>, ap_fixed<16, 6, (ap_q_mode)5, (ap_o_mode)3, 0> >::decision_function<ap_fixed<16, 6, (ap_q_mode)5, (ap_o_mode)3, 0>, ap_fixed<16, 6, (ap_q_mode)5, (ap_o_mode)3, 0> >' completely with a factor of 119 (ppg_rf_hls/firmware/BDT.h:56:0)
INFO: [HLS 214-186] Unrolling loop 'Compare' (ppg_rf_hls/firmware/BDT.h:84:11) in function 'BDT::Tree<38, 119, 60, ap_fixed<16, 6, (ap_q_mode)5, (ap_o_mode)3, 0> [15], ap_fixed<16, 6, (ap_q_mode)5, (ap_o_mode)3, 0>, ap_fixed<16, 6, (ap_q_mode)5, (ap_o_mode)3, 0> >::decision_function<ap_fixed<16, 6, (ap_q_mode)5, (ap_o_mode)3, 0>, ap_fixed<16, 6, (ap_q_mode)5, (ap_o_mode)3, 0> >' completely with a factor of 119 (ppg_rf_hls/firmware/BDT.h:56:0)
INFO: [HLS 214-186] Unrolling loop 'VITIS_LOOP_119_1' (ppg_rf_hls/firmware/BDT.h:119:23) in function 'BDT::Tree<37, 125, 63, ap_fixed<16, 6, (ap_q_mode)5, (ap_o_mode)3, 0> [15], ap_fixed<16, 6, (ap_q_mode)5, (ap_o_mode)3, 0>, ap_fixed<16, 6, (ap_q_mode)5, (ap_o_mode)3, 0> >::decision_function<ap_fixed<16, 6, (ap_q_mode)5, (ap_o_mode)3, 0>, ap_fixed<16, 6, (ap_q_mode)5, (ap_o_mode)3, 0> >' completely with a factor of 63 (ppg_rf_hls/firmware/BDT.h:56:0)
INFO: [HLS 214-186] Unrolling loop 'Activate' (ppg_rf_hls/firmware/BDT.h:97:15) in function 'BDT::Tree<37, 125, 63, ap_fixed<16, 6, (ap_q_mode)5, (ap_o_mode)3, 0> [15], ap_fixed<16, 6, (ap_q_mode)5, (ap_o_mode)3, 0>, ap_fixed<16, 6, (ap_q_mode)5, (ap_o_mode)3, 0> >::decision_function<ap_fixed<16, 6, (ap_q_mode)5, (ap_o_mode)3, 0>, ap_fixed<16, 6, (ap_q_mode)5, (ap_o_mode)3, 0> >' completely with a factor of 125 (ppg_rf_hls/firmware/BDT.h:56:0)
INFO: [HLS 214-186] Unrolling loop 'Compare' (ppg_rf_hls/firmware/BDT.h:84:11) in function 'BDT::Tree<37, 125, 63, ap_fixed<16, 6, (ap_q_mode)5, (ap_o_mode)3, 0> [15], ap_fixed<16, 6, (ap_q_mode)5, (ap_o_mode)3, 0>, ap_fixed<16, 6, (ap_q_mode)5, (ap_o_mode)3, 0> >::decision_function<ap_fixed<16, 6, (ap_q_mode)5, (ap_o_mode)3, 0>, ap_fixed<16, 6, (ap_q_mode)5, (ap_o_mode)3, 0> >' completely with a factor of 125 (ppg_rf_hls/firmware/BDT.h:56:0)
INFO: [HLS 214-186] Unrolling loop 'VITIS_LOOP_119_1' (ppg_rf_hls/firmware/BDT.h:119:23) in function 'BDT::Tree<36, 135, 68, ap_fixed<16, 6, (ap_q_mode)5, (ap_o_mode)3, 0> [15], ap_fixed<16, 6, (ap_q_mode)5, (ap_o_mode)3, 0>, ap_fixed<16, 6, (ap_q_mode)5, (ap_o_mode)3, 0> >::decision_function<ap_fixed<16, 6, (ap_q_mode)5, (ap_o_mode)3, 0>, ap_fixed<16, 6, (ap_q_mode)5, (ap_o_mode)3, 0> >' completely with a factor of 68 (ppg_rf_hls/firmware/BDT.h:56:0)
INFO: [HLS 214-186] Unrolling loop 'Activate' (ppg_rf_hls/firmware/BDT.h:97:15) in function 'BDT::Tree<36, 135, 68, ap_fixed<16, 6, (ap_q_mode)5, (ap_o_mode)3, 0> [15], ap_fixed<16, 6, (ap_q_mode)5, (ap_o_mode)3, 0>, ap_fixed<16, 6, (ap_q_mode)5, (ap_o_mode)3, 0> >::decision_function<ap_fixed<16, 6, (ap_q_mode)5, (ap_o_mode)3, 0>, ap_fixed<16, 6, (ap_q_mode)5, (ap_o_mode)3, 0> >' completely with a factor of 135 (ppg_rf_hls/firmware/BDT.h:56:0)
INFO: [HLS 214-186] Unrolling loop 'Compare' (ppg_rf_hls/firmware/BDT.h:84:11) in function 'BDT::Tree<36, 135, 68, ap_fixed<16, 6, (ap_q_mode)5, (ap_o_mode)3, 0> [15], ap_fixed<16, 6, (ap_q_mode)5, (ap_o_mode)3, 0>, ap_fixed<16, 6, (ap_q_mode)5, (ap_o_mode)3, 0> >::decision_function<ap_fixed<16, 6, (ap_q_mode)5, (ap_o_mode)3, 0>, ap_fixed<16, 6, (ap_q_mode)5, (ap_o_mode)3, 0> >' completely with a factor of 135 (ppg_rf_hls/firmware/BDT.h:56:0)
INFO: [HLS 214-186] Unrolling loop 'VITIS_LOOP_119_1' (ppg_rf_hls/firmware/BDT.h:119:23) in function 'BDT::Tree<35, 133, 67, ap_fixed<16, 6, (ap_q_mode)5, (ap_o_mode)3, 0> [15], ap_fixed<16, 6, (ap_q_mode)5, (ap_o_mode)3, 0>, ap_fixed<16, 6, (ap_q_mode)5, (ap_o_mode)3, 0> >::decision_function<ap_fixed<16, 6, (ap_q_mode)5, (ap_o_mode)3, 0>, ap_fixed<16, 6, (ap_q_mode)5, (ap_o_mode)3, 0> >' completely with a factor of 67 (ppg_rf_hls/firmware/BDT.h:56:0)
INFO: [HLS 214-186] Unrolling loop 'Activate' (ppg_rf_hls/firmware/BDT.h:97:15) in function 'BDT::Tree<35, 133, 67, ap_fixed<16, 6, (ap_q_mode)5, (ap_o_mode)3, 0> [15], ap_fixed<16, 6, (ap_q_mode)5, (ap_o_mode)3, 0>, ap_fixed<16, 6, (ap_q_mode)5, (ap_o_mode)3, 0> >::decision_function<ap_fixed<16, 6, (ap_q_mode)5, (ap_o_mode)3, 0>, ap_fixed<16, 6, (ap_q_mode)5, (ap_o_mode)3, 0> >' completely with a factor of 133 (ppg_rf_hls/firmware/BDT.h:56:0)
INFO: [HLS 214-186] Unrolling loop 'Compare' (ppg_rf_hls/firmware/BDT.h:84:11) in function 'BDT::Tree<35, 133, 67, ap_fixed<16, 6, (ap_q_mode)5, (ap_o_mode)3, 0> [15], ap_fixed<16, 6, (ap_q_mode)5, (ap_o_mode)3, 0>, ap_fixed<16, 6, (ap_q_mode)5, (ap_o_mode)3, 0> >::decision_function<ap_fixed<16, 6, (ap_q_mode)5, (ap_o_mode)3, 0>, ap_fixed<16, 6, (ap_q_mode)5, (ap_o_mode)3, 0> >' completely with a factor of 133 (ppg_rf_hls/firmware/BDT.h:56:0)
INFO: [HLS 214-186] Unrolling loop 'VITIS_LOOP_119_1' (ppg_rf_hls/firmware/BDT.h:119:23) in function 'BDT::Tree<34, 127, 64, ap_fixed<16, 6, (ap_q_mode)5, (ap_o_mode)3, 0> [15], ap_fixed<16, 6, (ap_q_mode)5, (ap_o_mode)3, 0>, ap_fixed<16, 6, (ap_q_mode)5, (ap_o_mode)3, 0> >::decision_function<ap_fixed<16, 6, (ap_q_mode)5, (ap_o_mode)3, 0>, ap_fixed<16, 6, (ap_q_mode)5, (ap_o_mode)3, 0> >' completely with a factor of 64 (ppg_rf_hls/firmware/BDT.h:56:0)
INFO: [HLS 214-186] Unrolling loop 'Activate' (ppg_rf_hls/firmware/BDT.h:97:15) in function 'BDT::Tree<34, 127, 64, ap_fixed<16, 6, (ap_q_mode)5, (ap_o_mode)3, 0> [15], ap_fixed<16, 6, (ap_q_mode)5, (ap_o_mode)3, 0>, ap_fixed<16, 6, (ap_q_mode)5, (ap_o_mode)3, 0> >::decision_function<ap_fixed<16, 6, (ap_q_mode)5, (ap_o_mode)3, 0>, ap_fixed<16, 6, (ap_q_mode)5, (ap_o_mode)3, 0> >' completely with a factor of 127 (ppg_rf_hls/firmware/BDT.h:56:0)
INFO: [HLS 214-186] Unrolling loop 'Compare' (ppg_rf_hls/firmware/BDT.h:84:11) in function 'BDT::Tree<34, 127, 64, ap_fixed<16, 6, (ap_q_mode)5, (ap_o_mode)3, 0> [15], ap_fixed<16, 6, (ap_q_mode)5, (ap_o_mode)3, 0>, ap_fixed<16, 6, (ap_q_mode)5, (ap_o_mode)3, 0> >::decision_function<ap_fixed<16, 6, (ap_q_mode)5, (ap_o_mode)3, 0>, ap_fixed<16, 6, (ap_q_mode)5, (ap_o_mode)3, 0> >' completely with a factor of 127 (ppg_rf_hls/firmware/BDT.h:56:0)
INFO: [HLS 214-186] Unrolling loop 'VITIS_LOOP_119_1' (ppg_rf_hls/firmware/BDT.h:119:23) in function 'BDT::Tree<33, 113, 57, ap_fixed<16, 6, (ap_q_mode)5, (ap_o_mode)3, 0> [15], ap_fixed<16, 6, (ap_q_mode)5, (ap_o_mode)3, 0>, ap_fixed<16, 6, (ap_q_mode)5, (ap_o_mode)3, 0> >::decision_function<ap_fixed<16, 6, (ap_q_mode)5, (ap_o_mode)3, 0>, ap_fixed<16, 6, (ap_q_mode)5, (ap_o_mode)3, 0> >' completely with a factor of 57 (ppg_rf_hls/firmware/BDT.h:56:0)
INFO: [HLS 214-186] Unrolling loop 'Activate' (ppg_rf_hls/firmware/BDT.h:97:15) in function 'BDT::Tree<33, 113, 57, ap_fixed<16, 6, (ap_q_mode)5, (ap_o_mode)3, 0> [15], ap_fixed<16, 6, (ap_q_mode)5, (ap_o_mode)3, 0>, ap_fixed<16, 6, (ap_q_mode)5, (ap_o_mode)3, 0> >::decision_function<ap_fixed<16, 6, (ap_q_mode)5, (ap_o_mode)3, 0>, ap_fixed<16, 6, (ap_q_mode)5, (ap_o_mode)3, 0> >' completely with a factor of 113 (ppg_rf_hls/firmware/BDT.h:56:0)
INFO: [HLS 214-186] Unrolling loop 'Compare' (ppg_rf_hls/firmware/BDT.h:84:11) in function 'BDT::Tree<33, 113, 57, ap_fixed<16, 6, (ap_q_mode)5, (ap_o_mode)3, 0> [15], ap_fixed<16, 6, (ap_q_mode)5, (ap_o_mode)3, 0>, ap_fixed<16, 6, (ap_q_mode)5, (ap_o_mode)3, 0> >::decision_function<ap_fixed<16, 6, (ap_q_mode)5, (ap_o_mode)3, 0>, ap_fixed<16, 6, (ap_q_mode)5, (ap_o_mode)3, 0> >' completely with a factor of 113 (ppg_rf_hls/firmware/BDT.h:56:0)
INFO: [HLS 214-186] Unrolling loop 'VITIS_LOOP_119_1' (ppg_rf_hls/firmware/BDT.h:119:23) in function 'BDT::Tree<32, 127, 64, ap_fixed<16, 6, (ap_q_mode)5, (ap_o_mode)3, 0> [15], ap_fixed<16, 6, (ap_q_mode)5, (ap_o_mode)3, 0>, ap_fixed<16, 6, (ap_q_mode)5, (ap_o_mode)3, 0> >::decision_function<ap_fixed<16, 6, (ap_q_mode)5, (ap_o_mode)3, 0>, ap_fixed<16, 6, (ap_q_mode)5, (ap_o_mode)3, 0> >' completely with a factor of 64 (ppg_rf_hls/firmware/BDT.h:56:0)
INFO: [HLS 214-186] Unrolling loop 'Activate' (ppg_rf_hls/firmware/BDT.h:97:15) in function 'BDT::Tree<32, 127, 64, ap_fixed<16, 6, (ap_q_mode)5, (ap_o_mode)3, 0> [15], ap_fixed<16, 6, (ap_q_mode)5, (ap_o_mode)3, 0>, ap_fixed<16, 6, (ap_q_mode)5, (ap_o_mode)3, 0> >::decision_function<ap_fixed<16, 6, (ap_q_mode)5, (ap_o_mode)3, 0>, ap_fixed<16, 6, (ap_q_mode)5, (ap_o_mode)3, 0> >' completely with a factor of 127 (ppg_rf_hls/firmware/BDT.h:56:0)
INFO: [HLS 214-186] Unrolling loop 'Compare' (ppg_rf_hls/firmware/BDT.h:84:11) in function 'BDT::Tree<32, 127, 64, ap_fixed<16, 6, (ap_q_mode)5, (ap_o_mode)3, 0> [15], ap_fixed<16, 6, (ap_q_mode)5, (ap_o_mode)3, 0>, ap_fixed<16, 6, (ap_q_mode)5, (ap_o_mode)3, 0> >::decision_function<ap_fixed<16, 6, (ap_q_mode)5, (ap_o_mode)3, 0>, ap_fixed<16, 6, (ap_q_mode)5, (ap_o_mode)3, 0> >' completely with a factor of 127 (ppg_rf_hls/firmware/BDT.h:56:0)
INFO: [HLS 214-186] Unrolling loop 'VITIS_LOOP_119_1' (ppg_rf_hls/firmware/BDT.h:119:23) in function 'BDT::Tree<31, 143, 72, ap_fixed<16, 6, (ap_q_mode)5, (ap_o_mode)3, 0> [15], ap_fixed<16, 6, (ap_q_mode)5, (ap_o_mode)3, 0>, ap_fixed<16, 6, (ap_q_mode)5, (ap_o_mode)3, 0> >::decision_function<ap_fixed<16, 6, (ap_q_mode)5, (ap_o_mode)3, 0>, ap_fixed<16, 6, (ap_q_mode)5, (ap_o_mode)3, 0> >' completely with a factor of 72 (ppg_rf_hls/firmware/BDT.h:56:0)
INFO: [HLS 214-186] Unrolling loop 'Activate' (ppg_rf_hls/firmware/BDT.h:97:15) in function 'BDT::Tree<31, 143, 72, ap_fixed<16, 6, (ap_q_mode)5, (ap_o_mode)3, 0> [15], ap_fixed<16, 6, (ap_q_mode)5, (ap_o_mode)3, 0>, ap_fixed<16, 6, (ap_q_mode)5, (ap_o_mode)3, 0> >::decision_function<ap_fixed<16, 6, (ap_q_mode)5, (ap_o_mode)3, 0>, ap_fixed<16, 6, (ap_q_mode)5, (ap_o_mode)3, 0> >' completely with a factor of 143 (ppg_rf_hls/firmware/BDT.h:56:0)
INFO: [HLS 214-186] Unrolling loop 'Compare' (ppg_rf_hls/firmware/BDT.h:84:11) in function 'BDT::Tree<31, 143, 72, ap_fixed<16, 6, (ap_q_mode)5, (ap_o_mode)3, 0> [15], ap_fixed<16, 6, (ap_q_mode)5, (ap_o_mode)3, 0>, ap_fixed<16, 6, (ap_q_mode)5, (ap_o_mode)3, 0> >::decision_function<ap_fixed<16, 6, (ap_q_mode)5, (ap_o_mode)3, 0>, ap_fixed<16, 6, (ap_q_mode)5, (ap_o_mode)3, 0> >' completely with a factor of 143 (ppg_rf_hls/firmware/BDT.h:56:0)
INFO: [HLS 214-186] Unrolling loop 'VITIS_LOOP_119_1' (ppg_rf_hls/firmware/BDT.h:119:23) in function 'BDT::Tree<30, 123, 62, ap_fixed<16, 6, (ap_q_mode)5, (ap_o_mode)3, 0> [15], ap_fixed<16, 6, (ap_q_mode)5, (ap_o_mode)3, 0>, ap_fixed<16, 6, (ap_q_mode)5, (ap_o_mode)3, 0> >::decision_function<ap_fixed<16, 6, (ap_q_mode)5, (ap_o_mode)3, 0>, ap_fixed<16, 6, (ap_q_mode)5, (ap_o_mode)3, 0> >' completely with a factor of 62 (ppg_rf_hls/firmware/BDT.h:56:0)
INFO: [HLS 214-186] Unrolling loop 'Activate' (ppg_rf_hls/firmware/BDT.h:97:15) in function 'BDT::Tree<30, 123, 62, ap_fixed<16, 6, (ap_q_mode)5, (ap_o_mode)3, 0> [15], ap_fixed<16, 6, (ap_q_mode)5, (ap_o_mode)3, 0>, ap_fixed<16, 6, (ap_q_mode)5, (ap_o_mode)3, 0> >::decision_function<ap_fixed<16, 6, (ap_q_mode)5, (ap_o_mode)3, 0>, ap_fixed<16, 6, (ap_q_mode)5, (ap_o_mode)3, 0> >' completely with a factor of 123 (ppg_rf_hls/firmware/BDT.h:56:0)
INFO: [HLS 214-186] Unrolling loop 'Compare' (ppg_rf_hls/firmware/BDT.h:84:11) in function 'BDT::Tree<30, 123, 62, ap_fixed<16, 6, (ap_q_mode)5, (ap_o_mode)3, 0> [15], ap_fixed<16, 6, (ap_q_mode)5, (ap_o_mode)3, 0>, ap_fixed<16, 6, (ap_q_mode)5, (ap_o_mode)3, 0> >::decision_function<ap_fixed<16, 6, (ap_q_mode)5, (ap_o_mode)3, 0>, ap_fixed<16, 6, (ap_q_mode)5, (ap_o_mode)3, 0> >' completely with a factor of 123 (ppg_rf_hls/firmware/BDT.h:56:0)
INFO: [HLS 214-186] Unrolling loop 'VITIS_LOOP_119_1' (ppg_rf_hls/firmware/BDT.h:119:23) in function 'BDT::Tree<29, 137, 69, ap_fixed<16, 6, (ap_q_mode)5, (ap_o_mode)3, 0> [15], ap_fixed<16, 6, (ap_q_mode)5, (ap_o_mode)3, 0>, ap_fixed<16, 6, (ap_q_mode)5, (ap_o_mode)3, 0> >::decision_function<ap_fixed<16, 6, (ap_q_mode)5, (ap_o_mode)3, 0>, ap_fixed<16, 6, (ap_q_mode)5, (ap_o_mode)3, 0> >' completely with a factor of 69 (ppg_rf_hls/firmware/BDT.h:56:0)
INFO: [HLS 214-186] Unrolling loop 'Activate' (ppg_rf_hls/firmware/BDT.h:97:15) in function 'BDT::Tree<29, 137, 69, ap_fixed<16, 6, (ap_q_mode)5, (ap_o_mode)3, 0> [15], ap_fixed<16, 6, (ap_q_mode)5, (ap_o_mode)3, 0>, ap_fixed<16, 6, (ap_q_mode)5, (ap_o_mode)3, 0> >::decision_function<ap_fixed<16, 6, (ap_q_mode)5, (ap_o_mode)3, 0>, ap_fixed<16, 6, (ap_q_mode)5, (ap_o_mode)3, 0> >' completely with a factor of 137 (ppg_rf_hls/firmware/BDT.h:56:0)
INFO: [HLS 214-186] Unrolling loop 'Compare' (ppg_rf_hls/firmware/BDT.h:84:11) in function 'BDT::Tree<29, 137, 69, ap_fixed<16, 6, (ap_q_mode)5, (ap_o_mode)3, 0> [15], ap_fixed<16, 6, (ap_q_mode)5, (ap_o_mode)3, 0>, ap_fixed<16, 6, (ap_q_mode)5, (ap_o_mode)3, 0> >::decision_function<ap_fixed<16, 6, (ap_q_mode)5, (ap_o_mode)3, 0>, ap_fixed<16, 6, (ap_q_mode)5, (ap_o_mode)3, 0> >' completely with a factor of 137 (ppg_rf_hls/firmware/BDT.h:56:0)
INFO: [HLS 214-186] Unrolling loop 'VITIS_LOOP_119_1' (ppg_rf_hls/firmware/BDT.h:119:23) in function 'BDT::Tree<28, 125, 63, ap_fixed<16, 6, (ap_q_mode)5, (ap_o_mode)3, 0> [15], ap_fixed<16, 6, (ap_q_mode)5, (ap_o_mode)3, 0>, ap_fixed<16, 6, (ap_q_mode)5, (ap_o_mode)3, 0> >::decision_function<ap_fixed<16, 6, (ap_q_mode)5, (ap_o_mode)3, 0>, ap_fixed<16, 6, (ap_q_mode)5, (ap_o_mode)3, 0> >' completely with a factor of 63 (ppg_rf_hls/firmware/BDT.h:56:0)
INFO: [HLS 214-186] Unrolling loop 'Activate' (ppg_rf_hls/firmware/BDT.h:97:15) in function 'BDT::Tree<28, 125, 63, ap_fixed<16, 6, (ap_q_mode)5, (ap_o_mode)3, 0> [15], ap_fixed<16, 6, (ap_q_mode)5, (ap_o_mode)3, 0>, ap_fixed<16, 6, (ap_q_mode)5, (ap_o_mode)3, 0> >::decision_function<ap_fixed<16, 6, (ap_q_mode)5, (ap_o_mode)3, 0>, ap_fixed<16, 6, (ap_q_mode)5, (ap_o_mode)3, 0> >' completely with a factor of 125 (ppg_rf_hls/firmware/BDT.h:56:0)
INFO: [HLS 214-186] Unrolling loop 'Compare' (ppg_rf_hls/firmware/BDT.h:84:11) in function 'BDT::Tree<28, 125, 63, ap_fixed<16, 6, (ap_q_mode)5, (ap_o_mode)3, 0> [15], ap_fixed<16, 6, (ap_q_mode)5, (ap_o_mode)3, 0>, ap_fixed<16, 6, (ap_q_mode)5, (ap_o_mode)3, 0> >::decision_function<ap_fixed<16, 6, (ap_q_mode)5, (ap_o_mode)3, 0>, ap_fixed<16, 6, (ap_q_mode)5, (ap_o_mode)3, 0> >' completely with a factor of 125 (ppg_rf_hls/firmware/BDT.h:56:0)
INFO: [HLS 214-186] Unrolling loop 'VITIS_LOOP_119_1' (ppg_rf_hls/firmware/BDT.h:119:23) in function 'BDT::Tree<27, 133, 67, ap_fixed<16, 6, (ap_q_mode)5, (ap_o_mode)3, 0> [15], ap_fixed<16, 6, (ap_q_mode)5, (ap_o_mode)3, 0>, ap_fixed<16, 6, (ap_q_mode)5, (ap_o_mode)3, 0> >::decision_function<ap_fixed<16, 6, (ap_q_mode)5, (ap_o_mode)3, 0>, ap_fixed<16, 6, (ap_q_mode)5, (ap_o_mode)3, 0> >' completely with a factor of 67 (ppg_rf_hls/firmware/BDT.h:56:0)
INFO: [HLS 214-186] Unrolling loop 'Activate' (ppg_rf_hls/firmware/BDT.h:97:15) in function 'BDT::Tree<27, 133, 67, ap_fixed<16, 6, (ap_q_mode)5, (ap_o_mode)3, 0> [15], ap_fixed<16, 6, (ap_q_mode)5, (ap_o_mode)3, 0>, ap_fixed<16, 6, (ap_q_mode)5, (ap_o_mode)3, 0> >::decision_function<ap_fixed<16, 6, (ap_q_mode)5, (ap_o_mode)3, 0>, ap_fixed<16, 6, (ap_q_mode)5, (ap_o_mode)3, 0> >' completely with a factor of 133 (ppg_rf_hls/firmware/BDT.h:56:0)
INFO: [HLS 214-186] Unrolling loop 'Compare' (ppg_rf_hls/firmware/BDT.h:84:11) in function 'BDT::Tree<27, 133, 67, ap_fixed<16, 6, (ap_q_mode)5, (ap_o_mode)3, 0> [15], ap_fixed<16, 6, (ap_q_mode)5, (ap_o_mode)3, 0>, ap_fixed<16, 6, (ap_q_mode)5, (ap_o_mode)3, 0> >::decision_function<ap_fixed<16, 6, (ap_q_mode)5, (ap_o_mode)3, 0>, ap_fixed<16, 6, (ap_q_mode)5, (ap_o_mode)3, 0> >' completely with a factor of 133 (ppg_rf_hls/firmware/BDT.h:56:0)
INFO: [HLS 214-186] Unrolling loop 'VITIS_LOOP_119_1' (ppg_rf_hls/firmware/BDT.h:119:23) in function 'BDT::Tree<26, 121, 61, ap_fixed<16, 6, (ap_q_mode)5, (ap_o_mode)3, 0> [15], ap_fixed<16, 6, (ap_q_mode)5, (ap_o_mode)3, 0>, ap_fixed<16, 6, (ap_q_mode)5, (ap_o_mode)3, 0> >::decision_function<ap_fixed<16, 6, (ap_q_mode)5, (ap_o_mode)3, 0>, ap_fixed<16, 6, (ap_q_mode)5, (ap_o_mode)3, 0> >' completely with a factor of 61 (ppg_rf_hls/firmware/BDT.h:56:0)
INFO: [HLS 214-186] Unrolling loop 'Activate' (ppg_rf_hls/firmware/BDT.h:97:15) in function 'BDT::Tree<26, 121, 61, ap_fixed<16, 6, (ap_q_mode)5, (ap_o_mode)3, 0> [15], ap_fixed<16, 6, (ap_q_mode)5, (ap_o_mode)3, 0>, ap_fixed<16, 6, (ap_q_mode)5, (ap_o_mode)3, 0> >::decision_function<ap_fixed<16, 6, (ap_q_mode)5, (ap_o_mode)3, 0>, ap_fixed<16, 6, (ap_q_mode)5, (ap_o_mode)3, 0> >' completely with a factor of 121 (ppg_rf_hls/firmware/BDT.h:56:0)
INFO: [HLS 214-186] Unrolling loop 'Compare' (ppg_rf_hls/firmware/BDT.h:84:11) in function 'BDT::Tree<26, 121, 61, ap_fixed<16, 6, (ap_q_mode)5, (ap_o_mode)3, 0> [15], ap_fixed<16, 6, (ap_q_mode)5, (ap_o_mode)3, 0>, ap_fixed<16, 6, (ap_q_mode)5, (ap_o_mode)3, 0> >::decision_function<ap_fixed<16, 6, (ap_q_mode)5, (ap_o_mode)3, 0>, ap_fixed<16, 6, (ap_q_mode)5, (ap_o_mode)3, 0> >' completely with a factor of 121 (ppg_rf_hls/firmware/BDT.h:56:0)
INFO: [HLS 214-186] Unrolling loop 'VITIS_LOOP_119_1' (ppg_rf_hls/firmware/BDT.h:119:23) in function 'BDT::Tree<25, 117, 59, ap_fixed<16, 6, (ap_q_mode)5, (ap_o_mode)3, 0> [15], ap_fixed<16, 6, (ap_q_mode)5, (ap_o_mode)3, 0>, ap_fixed<16, 6, (ap_q_mode)5, (ap_o_mode)3, 0> >::decision_function<ap_fixed<16, 6, (ap_q_mode)5, (ap_o_mode)3, 0>, ap_fixed<16, 6, (ap_q_mode)5, (ap_o_mode)3, 0> >' completely with a factor of 59 (ppg_rf_hls/firmware/BDT.h:56:0)
INFO: [HLS 214-186] Unrolling loop 'Activate' (ppg_rf_hls/firmware/BDT.h:97:15) in function 'BDT::Tree<25, 117, 59, ap_fixed<16, 6, (ap_q_mode)5, (ap_o_mode)3, 0> [15], ap_fixed<16, 6, (ap_q_mode)5, (ap_o_mode)3, 0>, ap_fixed<16, 6, (ap_q_mode)5, (ap_o_mode)3, 0> >::decision_function<ap_fixed<16, 6, (ap_q_mode)5, (ap_o_mode)3, 0>, ap_fixed<16, 6, (ap_q_mode)5, (ap_o_mode)3, 0> >' completely with a factor of 117 (ppg_rf_hls/firmware/BDT.h:56:0)
INFO: [HLS 214-186] Unrolling loop 'Compare' (ppg_rf_hls/firmware/BDT.h:84:11) in function 'BDT::Tree<25, 117, 59, ap_fixed<16, 6, (ap_q_mode)5, (ap_o_mode)3, 0> [15], ap_fixed<16, 6, (ap_q_mode)5, (ap_o_mode)3, 0>, ap_fixed<16, 6, (ap_q_mode)5, (ap_o_mode)3, 0> >::decision_function<ap_fixed<16, 6, (ap_q_mode)5, (ap_o_mode)3, 0>, ap_fixed<16, 6, (ap_q_mode)5, (ap_o_mode)3, 0> >' completely with a factor of 117 (ppg_rf_hls/firmware/BDT.h:56:0)
INFO: [HLS 214-186] Unrolling loop 'VITIS_LOOP_119_1' (ppg_rf_hls/firmware/BDT.h:119:23) in function 'BDT::Tree<24, 123, 62, ap_fixed<16, 6, (ap_q_mode)5, (ap_o_mode)3, 0> [15], ap_fixed<16, 6, (ap_q_mode)5, (ap_o_mode)3, 0>, ap_fixed<16, 6, (ap_q_mode)5, (ap_o_mode)3, 0> >::decision_function<ap_fixed<16, 6, (ap_q_mode)5, (ap_o_mode)3, 0>, ap_fixed<16, 6, (ap_q_mode)5, (ap_o_mode)3, 0> >' completely with a factor of 62 (ppg_rf_hls/firmware/BDT.h:56:0)
INFO: [HLS 214-186] Unrolling loop 'Activate' (ppg_rf_hls/firmware/BDT.h:97:15) in function 'BDT::Tree<24, 123, 62, ap_fixed<16, 6, (ap_q_mode)5, (ap_o_mode)3, 0> [15], ap_fixed<16, 6, (ap_q_mode)5, (ap_o_mode)3, 0>, ap_fixed<16, 6, (ap_q_mode)5, (ap_o_mode)3, 0> >::decision_function<ap_fixed<16, 6, (ap_q_mode)5, (ap_o_mode)3, 0>, ap_fixed<16, 6, (ap_q_mode)5, (ap_o_mode)3, 0> >' completely with a factor of 123 (ppg_rf_hls/firmware/BDT.h:56:0)
INFO: [HLS 214-186] Unrolling loop 'Compare' (ppg_rf_hls/firmware/BDT.h:84:11) in function 'BDT::Tree<24, 123, 62, ap_fixed<16, 6, (ap_q_mode)5, (ap_o_mode)3, 0> [15], ap_fixed<16, 6, (ap_q_mode)5, (ap_o_mode)3, 0>, ap_fixed<16, 6, (ap_q_mode)5, (ap_o_mode)3, 0> >::decision_function<ap_fixed<16, 6, (ap_q_mode)5, (ap_o_mode)3, 0>, ap_fixed<16, 6, (ap_q_mode)5, (ap_o_mode)3, 0> >' completely with a factor of 123 (ppg_rf_hls/firmware/BDT.h:56:0)
INFO: [HLS 214-186] Unrolling loop 'VITIS_LOOP_119_1' (ppg_rf_hls/firmware/BDT.h:119:23) in function 'BDT::Tree<23, 97, 49, ap_fixed<16, 6, (ap_q_mode)5, (ap_o_mode)3, 0> [15], ap_fixed<16, 6, (ap_q_mode)5, (ap_o_mode)3, 0>, ap_fixed<16, 6, (ap_q_mode)5, (ap_o_mode)3, 0> >::decision_function<ap_fixed<16, 6, (ap_q_mode)5, (ap_o_mode)3, 0>, ap_fixed<16, 6, (ap_q_mode)5, (ap_o_mode)3, 0> >' completely with a factor of 49 (ppg_rf_hls/firmware/BDT.h:56:0)
INFO: [HLS 214-186] Unrolling loop 'Activate' (ppg_rf_hls/firmware/BDT.h:97:15) in function 'BDT::Tree<23, 97, 49, ap_fixed<16, 6, (ap_q_mode)5, (ap_o_mode)3, 0> [15], ap_fixed<16, 6, (ap_q_mode)5, (ap_o_mode)3, 0>, ap_fixed<16, 6, (ap_q_mode)5, (ap_o_mode)3, 0> >::decision_function<ap_fixed<16, 6, (ap_q_mode)5, (ap_o_mode)3, 0>, ap_fixed<16, 6, (ap_q_mode)5, (ap_o_mode)3, 0> >' completely with a factor of 97 (ppg_rf_hls/firmware/BDT.h:56:0)
INFO: [HLS 214-186] Unrolling loop 'Compare' (ppg_rf_hls/firmware/BDT.h:84:11) in function 'BDT::Tree<23, 97, 49, ap_fixed<16, 6, (ap_q_mode)5, (ap_o_mode)3, 0> [15], ap_fixed<16, 6, (ap_q_mode)5, (ap_o_mode)3, 0>, ap_fixed<16, 6, (ap_q_mode)5, (ap_o_mode)3, 0> >::decision_function<ap_fixed<16, 6, (ap_q_mode)5, (ap_o_mode)3, 0>, ap_fixed<16, 6, (ap_q_mode)5, (ap_o_mode)3, 0> >' completely with a factor of 97 (ppg_rf_hls/firmware/BDT.h:56:0)
INFO: [HLS 214-186] Unrolling loop 'VITIS_LOOP_119_1' (ppg_rf_hls/firmware/BDT.h:119:23) in function 'BDT::Tree<22, 123, 62, ap_fixed<16, 6, (ap_q_mode)5, (ap_o_mode)3, 0> [15], ap_fixed<16, 6, (ap_q_mode)5, (ap_o_mode)3, 0>, ap_fixed<16, 6, (ap_q_mode)5, (ap_o_mode)3, 0> >::decision_function<ap_fixed<16, 6, (ap_q_mode)5, (ap_o_mode)3, 0>, ap_fixed<16, 6, (ap_q_mode)5, (ap_o_mode)3, 0> >' completely with a factor of 62 (ppg_rf_hls/firmware/BDT.h:56:0)
INFO: [HLS 214-186] Unrolling loop 'Activate' (ppg_rf_hls/firmware/BDT.h:97:15) in function 'BDT::Tree<22, 123, 62, ap_fixed<16, 6, (ap_q_mode)5, (ap_o_mode)3, 0> [15], ap_fixed<16, 6, (ap_q_mode)5, (ap_o_mode)3, 0>, ap_fixed<16, 6, (ap_q_mode)5, (ap_o_mode)3, 0> >::decision_function<ap_fixed<16, 6, (ap_q_mode)5, (ap_o_mode)3, 0>, ap_fixed<16, 6, (ap_q_mode)5, (ap_o_mode)3, 0> >' completely with a factor of 123 (ppg_rf_hls/firmware/BDT.h:56:0)
INFO: [HLS 214-186] Unrolling loop 'Compare' (ppg_rf_hls/firmware/BDT.h:84:11) in function 'BDT::Tree<22, 123, 62, ap_fixed<16, 6, (ap_q_mode)5, (ap_o_mode)3, 0> [15], ap_fixed<16, 6, (ap_q_mode)5, (ap_o_mode)3, 0>, ap_fixed<16, 6, (ap_q_mode)5, (ap_o_mode)3, 0> >::decision_function<ap_fixed<16, 6, (ap_q_mode)5, (ap_o_mode)3, 0>, ap_fixed<16, 6, (ap_q_mode)5, (ap_o_mode)3, 0> >' completely with a factor of 123 (ppg_rf_hls/firmware/BDT.h:56:0)
INFO: [HLS 214-186] Unrolling loop 'VITIS_LOOP_119_1' (ppg_rf_hls/firmware/BDT.h:119:23) in function 'BDT::Tree<21, 123, 62, ap_fixed<16, 6, (ap_q_mode)5, (ap_o_mode)3, 0> [15], ap_fixed<16, 6, (ap_q_mode)5, (ap_o_mode)3, 0>, ap_fixed<16, 6, (ap_q_mode)5, (ap_o_mode)3, 0> >::decision_function<ap_fixed<16, 6, (ap_q_mode)5, (ap_o_mode)3, 0>, ap_fixed<16, 6, (ap_q_mode)5, (ap_o_mode)3, 0> >' completely with a factor of 62 (ppg_rf_hls/firmware/BDT.h:56:0)
INFO: [HLS 214-186] Unrolling loop 'Activate' (ppg_rf_hls/firmware/BDT.h:97:15) in function 'BDT::Tree<21, 123, 62, ap_fixed<16, 6, (ap_q_mode)5, (ap_o_mode)3, 0> [15], ap_fixed<16, 6, (ap_q_mode)5, (ap_o_mode)3, 0>, ap_fixed<16, 6, (ap_q_mode)5, (ap_o_mode)3, 0> >::decision_function<ap_fixed<16, 6, (ap_q_mode)5, (ap_o_mode)3, 0>, ap_fixed<16, 6, (ap_q_mode)5, (ap_o_mode)3, 0> >' completely with a factor of 123 (ppg_rf_hls/firmware/BDT.h:56:0)
INFO: [HLS 214-186] Unrolling loop 'Compare' (ppg_rf_hls/firmware/BDT.h:84:11) in function 'BDT::Tree<21, 123, 62, ap_fixed<16, 6, (ap_q_mode)5, (ap_o_mode)3, 0> [15], ap_fixed<16, 6, (ap_q_mode)5, (ap_o_mode)3, 0>, ap_fixed<16, 6, (ap_q_mode)5, (ap_o_mode)3, 0> >::decision_function<ap_fixed<16, 6, (ap_q_mode)5, (ap_o_mode)3, 0>, ap_fixed<16, 6, (ap_q_mode)5, (ap_o_mode)3, 0> >' completely with a factor of 123 (ppg_rf_hls/firmware/BDT.h:56:0)
INFO: [HLS 214-186] Unrolling loop 'VITIS_LOOP_119_1' (ppg_rf_hls/firmware/BDT.h:119:23) in function 'BDT::Tree<20, 141, 71, ap_fixed<16, 6, (ap_q_mode)5, (ap_o_mode)3, 0> [15], ap_fixed<16, 6, (ap_q_mode)5, (ap_o_mode)3, 0>, ap_fixed<16, 6, (ap_q_mode)5, (ap_o_mode)3, 0> >::decision_function<ap_fixed<16, 6, (ap_q_mode)5, (ap_o_mode)3, 0>, ap_fixed<16, 6, (ap_q_mode)5, (ap_o_mode)3, 0> >' completely with a factor of 71 (ppg_rf_hls/firmware/BDT.h:56:0)
INFO: [HLS 214-186] Unrolling loop 'Activate' (ppg_rf_hls/firmware/BDT.h:97:15) in function 'BDT::Tree<20, 141, 71, ap_fixed<16, 6, (ap_q_mode)5, (ap_o_mode)3, 0> [15], ap_fixed<16, 6, (ap_q_mode)5, (ap_o_mode)3, 0>, ap_fixed<16, 6, (ap_q_mode)5, (ap_o_mode)3, 0> >::decision_function<ap_fixed<16, 6, (ap_q_mode)5, (ap_o_mode)3, 0>, ap_fixed<16, 6, (ap_q_mode)5, (ap_o_mode)3, 0> >' completely with a factor of 141 (ppg_rf_hls/firmware/BDT.h:56:0)
INFO: [HLS 214-186] Unrolling loop 'Compare' (ppg_rf_hls/firmware/BDT.h:84:11) in function 'BDT::Tree<20, 141, 71, ap_fixed<16, 6, (ap_q_mode)5, (ap_o_mode)3, 0> [15], ap_fixed<16, 6, (ap_q_mode)5, (ap_o_mode)3, 0>, ap_fixed<16, 6, (ap_q_mode)5, (ap_o_mode)3, 0> >::decision_function<ap_fixed<16, 6, (ap_q_mode)5, (ap_o_mode)3, 0>, ap_fixed<16, 6, (ap_q_mode)5, (ap_o_mode)3, 0> >' completely with a factor of 141 (ppg_rf_hls/firmware/BDT.h:56:0)
INFO: [HLS 214-186] Unrolling loop 'VITIS_LOOP_119_1' (ppg_rf_hls/firmware/BDT.h:119:23) in function 'BDT::Tree<19, 133, 67, ap_fixed<16, 6, (ap_q_mode)5, (ap_o_mode)3, 0> [15], ap_fixed<16, 6, (ap_q_mode)5, (ap_o_mode)3, 0>, ap_fixed<16, 6, (ap_q_mode)5, (ap_o_mode)3, 0> >::decision_function<ap_fixed<16, 6, (ap_q_mode)5, (ap_o_mode)3, 0>, ap_fixed<16, 6, (ap_q_mode)5, (ap_o_mode)3, 0> >' completely with a factor of 67 (ppg_rf_hls/firmware/BDT.h:56:0)
INFO: [HLS 214-186] Unrolling loop 'Activate' (ppg_rf_hls/firmware/BDT.h:97:15) in function 'BDT::Tree<19, 133, 67, ap_fixed<16, 6, (ap_q_mode)5, (ap_o_mode)3, 0> [15], ap_fixed<16, 6, (ap_q_mode)5, (ap_o_mode)3, 0>, ap_fixed<16, 6, (ap_q_mode)5, (ap_o_mode)3, 0> >::decision_function<ap_fixed<16, 6, (ap_q_mode)5, (ap_o_mode)3, 0>, ap_fixed<16, 6, (ap_q_mode)5, (ap_o_mode)3, 0> >' completely with a factor of 133 (ppg_rf_hls/firmware/BDT.h:56:0)
INFO: [HLS 214-186] Unrolling loop 'Compare' (ppg_rf_hls/firmware/BDT.h:84:11) in function 'BDT::Tree<19, 133, 67, ap_fixed<16, 6, (ap_q_mode)5, (ap_o_mode)3, 0> [15], ap_fixed<16, 6, (ap_q_mode)5, (ap_o_mode)3, 0>, ap_fixed<16, 6, (ap_q_mode)5, (ap_o_mode)3, 0> >::decision_function<ap_fixed<16, 6, (ap_q_mode)5, (ap_o_mode)3, 0>, ap_fixed<16, 6, (ap_q_mode)5, (ap_o_mode)3, 0> >' completely with a factor of 133 (ppg_rf_hls/firmware/BDT.h:56:0)
INFO: [HLS 214-186] Unrolling loop 'VITIS_LOOP_119_1' (ppg_rf_hls/firmware/BDT.h:119:23) in function 'BDT::Tree<18, 121, 61, ap_fixed<16, 6, (ap_q_mode)5, (ap_o_mode)3, 0> [15], ap_fixed<16, 6, (ap_q_mode)5, (ap_o_mode)3, 0>, ap_fixed<16, 6, (ap_q_mode)5, (ap_o_mode)3, 0> >::decision_function<ap_fixed<16, 6, (ap_q_mode)5, (ap_o_mode)3, 0>, ap_fixed<16, 6, (ap_q_mode)5, (ap_o_mode)3, 0> >' completely with a factor of 61 (ppg_rf_hls/firmware/BDT.h:56:0)
INFO: [HLS 214-186] Unrolling loop 'Activate' (ppg_rf_hls/firmware/BDT.h:97:15) in function 'BDT::Tree<18, 121, 61, ap_fixed<16, 6, (ap_q_mode)5, (ap_o_mode)3, 0> [15], ap_fixed<16, 6, (ap_q_mode)5, (ap_o_mode)3, 0>, ap_fixed<16, 6, (ap_q_mode)5, (ap_o_mode)3, 0> >::decision_function<ap_fixed<16, 6, (ap_q_mode)5, (ap_o_mode)3, 0>, ap_fixed<16, 6, (ap_q_mode)5, (ap_o_mode)3, 0> >' completely with a factor of 121 (ppg_rf_hls/firmware/BDT.h:56:0)
INFO: [HLS 214-186] Unrolling loop 'Compare' (ppg_rf_hls/firmware/BDT.h:84:11) in function 'BDT::Tree<18, 121, 61, ap_fixed<16, 6, (ap_q_mode)5, (ap_o_mode)3, 0> [15], ap_fixed<16, 6, (ap_q_mode)5, (ap_o_mode)3, 0>, ap_fixed<16, 6, (ap_q_mode)5, (ap_o_mode)3, 0> >::decision_function<ap_fixed<16, 6, (ap_q_mode)5, (ap_o_mode)3, 0>, ap_fixed<16, 6, (ap_q_mode)5, (ap_o_mode)3, 0> >' completely with a factor of 121 (ppg_rf_hls/firmware/BDT.h:56:0)
INFO: [HLS 214-186] Unrolling loop 'VITIS_LOOP_119_1' (ppg_rf_hls/firmware/BDT.h:119:23) in function 'BDT::Tree<17, 133, 67, ap_fixed<16, 6, (ap_q_mode)5, (ap_o_mode)3, 0> [15], ap_fixed<16, 6, (ap_q_mode)5, (ap_o_mode)3, 0>, ap_fixed<16, 6, (ap_q_mode)5, (ap_o_mode)3, 0> >::decision_function<ap_fixed<16, 6, (ap_q_mode)5, (ap_o_mode)3, 0>, ap_fixed<16, 6, (ap_q_mode)5, (ap_o_mode)3, 0> >' completely with a factor of 67 (ppg_rf_hls/firmware/BDT.h:56:0)
INFO: [HLS 214-186] Unrolling loop 'Activate' (ppg_rf_hls/firmware/BDT.h:97:15) in function 'BDT::Tree<17, 133, 67, ap_fixed<16, 6, (ap_q_mode)5, (ap_o_mode)3, 0> [15], ap_fixed<16, 6, (ap_q_mode)5, (ap_o_mode)3, 0>, ap_fixed<16, 6, (ap_q_mode)5, (ap_o_mode)3, 0> >::decision_function<ap_fixed<16, 6, (ap_q_mode)5, (ap_o_mode)3, 0>, ap_fixed<16, 6, (ap_q_mode)5, (ap_o_mode)3, 0> >' completely with a factor of 133 (ppg_rf_hls/firmware/BDT.h:56:0)
INFO: [HLS 214-186] Unrolling loop 'Compare' (ppg_rf_hls/firmware/BDT.h:84:11) in function 'BDT::Tree<17, 133, 67, ap_fixed<16, 6, (ap_q_mode)5, (ap_o_mode)3, 0> [15], ap_fixed<16, 6, (ap_q_mode)5, (ap_o_mode)3, 0>, ap_fixed<16, 6, (ap_q_mode)5, (ap_o_mode)3, 0> >::decision_function<ap_fixed<16, 6, (ap_q_mode)5, (ap_o_mode)3, 0>, ap_fixed<16, 6, (ap_q_mode)5, (ap_o_mode)3, 0> >' completely with a factor of 133 (ppg_rf_hls/firmware/BDT.h:56:0)
INFO: [HLS 214-186] Unrolling loop 'VITIS_LOOP_119_1' (ppg_rf_hls/firmware/BDT.h:119:23) in function 'BDT::Tree<16, 129, 65, ap_fixed<16, 6, (ap_q_mode)5, (ap_o_mode)3, 0> [15], ap_fixed<16, 6, (ap_q_mode)5, (ap_o_mode)3, 0>, ap_fixed<16, 6, (ap_q_mode)5, (ap_o_mode)3, 0> >::decision_function<ap_fixed<16, 6, (ap_q_mode)5, (ap_o_mode)3, 0>, ap_fixed<16, 6, (ap_q_mode)5, (ap_o_mode)3, 0> >' completely with a factor of 65 (ppg_rf_hls/firmware/BDT.h:56:0)
INFO: [HLS 214-186] Unrolling loop 'Activate' (ppg_rf_hls/firmware/BDT.h:97:15) in function 'BDT::Tree<16, 129, 65, ap_fixed<16, 6, (ap_q_mode)5, (ap_o_mode)3, 0> [15], ap_fixed<16, 6, (ap_q_mode)5, (ap_o_mode)3, 0>, ap_fixed<16, 6, (ap_q_mode)5, (ap_o_mode)3, 0> >::decision_function<ap_fixed<16, 6, (ap_q_mode)5, (ap_o_mode)3, 0>, ap_fixed<16, 6, (ap_q_mode)5, (ap_o_mode)3, 0> >' completely with a factor of 129 (ppg_rf_hls/firmware/BDT.h:56:0)
INFO: [HLS 214-186] Unrolling loop 'Compare' (ppg_rf_hls/firmware/BDT.h:84:11) in function 'BDT::Tree<16, 129, 65, ap_fixed<16, 6, (ap_q_mode)5, (ap_o_mode)3, 0> [15], ap_fixed<16, 6, (ap_q_mode)5, (ap_o_mode)3, 0>, ap_fixed<16, 6, (ap_q_mode)5, (ap_o_mode)3, 0> >::decision_function<ap_fixed<16, 6, (ap_q_mode)5, (ap_o_mode)3, 0>, ap_fixed<16, 6, (ap_q_mode)5, (ap_o_mode)3, 0> >' completely with a factor of 129 (ppg_rf_hls/firmware/BDT.h:56:0)
INFO: [HLS 214-186] Unrolling loop 'VITIS_LOOP_119_1' (ppg_rf_hls/firmware/BDT.h:119:23) in function 'BDT::Tree<15, 133, 67, ap_fixed<16, 6, (ap_q_mode)5, (ap_o_mode)3, 0> [15], ap_fixed<16, 6, (ap_q_mode)5, (ap_o_mode)3, 0>, ap_fixed<16, 6, (ap_q_mode)5, (ap_o_mode)3, 0> >::decision_function<ap_fixed<16, 6, (ap_q_mode)5, (ap_o_mode)3, 0>, ap_fixed<16, 6, (ap_q_mode)5, (ap_o_mode)3, 0> >' completely with a factor of 67 (ppg_rf_hls/firmware/BDT.h:56:0)
INFO: [HLS 214-186] Unrolling loop 'Activate' (ppg_rf_hls/firmware/BDT.h:97:15) in function 'BDT::Tree<15, 133, 67, ap_fixed<16, 6, (ap_q_mode)5, (ap_o_mode)3, 0> [15], ap_fixed<16, 6, (ap_q_mode)5, (ap_o_mode)3, 0>, ap_fixed<16, 6, (ap_q_mode)5, (ap_o_mode)3, 0> >::decision_function<ap_fixed<16, 6, (ap_q_mode)5, (ap_o_mode)3, 0>, ap_fixed<16, 6, (ap_q_mode)5, (ap_o_mode)3, 0> >' completely with a factor of 133 (ppg_rf_hls/firmware/BDT.h:56:0)
INFO: [HLS 214-186] Unrolling loop 'Compare' (ppg_rf_hls/firmware/BDT.h:84:11) in function 'BDT::Tree<15, 133, 67, ap_fixed<16, 6, (ap_q_mode)5, (ap_o_mode)3, 0> [15], ap_fixed<16, 6, (ap_q_mode)5, (ap_o_mode)3, 0>, ap_fixed<16, 6, (ap_q_mode)5, (ap_o_mode)3, 0> >::decision_function<ap_fixed<16, 6, (ap_q_mode)5, (ap_o_mode)3, 0>, ap_fixed<16, 6, (ap_q_mode)5, (ap_o_mode)3, 0> >' completely with a factor of 133 (ppg_rf_hls/firmware/BDT.h:56:0)
INFO: [HLS 214-186] Unrolling loop 'VITIS_LOOP_119_1' (ppg_rf_hls/firmware/BDT.h:119:23) in function 'BDT::Tree<14, 129, 65, ap_fixed<16, 6, (ap_q_mode)5, (ap_o_mode)3, 0> [15], ap_fixed<16, 6, (ap_q_mode)5, (ap_o_mode)3, 0>, ap_fixed<16, 6, (ap_q_mode)5, (ap_o_mode)3, 0> >::decision_function<ap_fixed<16, 6, (ap_q_mode)5, (ap_o_mode)3, 0>, ap_fixed<16, 6, (ap_q_mode)5, (ap_o_mode)3, 0> >' completely with a factor of 65 (ppg_rf_hls/firmware/BDT.h:56:0)
INFO: [HLS 214-186] Unrolling loop 'Activate' (ppg_rf_hls/firmware/BDT.h:97:15) in function 'BDT::Tree<14, 129, 65, ap_fixed<16, 6, (ap_q_mode)5, (ap_o_mode)3, 0> [15], ap_fixed<16, 6, (ap_q_mode)5, (ap_o_mode)3, 0>, ap_fixed<16, 6, (ap_q_mode)5, (ap_o_mode)3, 0> >::decision_function<ap_fixed<16, 6, (ap_q_mode)5, (ap_o_mode)3, 0>, ap_fixed<16, 6, (ap_q_mode)5, (ap_o_mode)3, 0> >' completely with a factor of 129 (ppg_rf_hls/firmware/BDT.h:56:0)
INFO: [HLS 214-186] Unrolling loop 'Compare' (ppg_rf_hls/firmware/BDT.h:84:11) in function 'BDT::Tree<14, 129, 65, ap_fixed<16, 6, (ap_q_mode)5, (ap_o_mode)3, 0> [15], ap_fixed<16, 6, (ap_q_mode)5, (ap_o_mode)3, 0>, ap_fixed<16, 6, (ap_q_mode)5, (ap_o_mode)3, 0> >::decision_function<ap_fixed<16, 6, (ap_q_mode)5, (ap_o_mode)3, 0>, ap_fixed<16, 6, (ap_q_mode)5, (ap_o_mode)3, 0> >' completely with a factor of 129 (ppg_rf_hls/firmware/BDT.h:56:0)
INFO: [HLS 214-186] Unrolling loop 'VITIS_LOOP_119_1' (ppg_rf_hls/firmware/BDT.h:119:23) in function 'BDT::Tree<13, 119, 60, ap_fixed<16, 6, (ap_q_mode)5, (ap_o_mode)3, 0> [15], ap_fixed<16, 6, (ap_q_mode)5, (ap_o_mode)3, 0>, ap_fixed<16, 6, (ap_q_mode)5, (ap_o_mode)3, 0> >::decision_function<ap_fixed<16, 6, (ap_q_mode)5, (ap_o_mode)3, 0>, ap_fixed<16, 6, (ap_q_mode)5, (ap_o_mode)3, 0> >' completely with a factor of 60 (ppg_rf_hls/firmware/BDT.h:56:0)
INFO: [HLS 214-186] Unrolling loop 'Activate' (ppg_rf_hls/firmware/BDT.h:97:15) in function 'BDT::Tree<13, 119, 60, ap_fixed<16, 6, (ap_q_mode)5, (ap_o_mode)3, 0> [15], ap_fixed<16, 6, (ap_q_mode)5, (ap_o_mode)3, 0>, ap_fixed<16, 6, (ap_q_mode)5, (ap_o_mode)3, 0> >::decision_function<ap_fixed<16, 6, (ap_q_mode)5, (ap_o_mode)3, 0>, ap_fixed<16, 6, (ap_q_mode)5, (ap_o_mode)3, 0> >' completely with a factor of 119 (ppg_rf_hls/firmware/BDT.h:56:0)
INFO: [HLS 214-186] Unrolling loop 'Compare' (ppg_rf_hls/firmware/BDT.h:84:11) in function 'BDT::Tree<13, 119, 60, ap_fixed<16, 6, (ap_q_mode)5, (ap_o_mode)3, 0> [15], ap_fixed<16, 6, (ap_q_mode)5, (ap_o_mode)3, 0>, ap_fixed<16, 6, (ap_q_mode)5, (ap_o_mode)3, 0> >::decision_function<ap_fixed<16, 6, (ap_q_mode)5, (ap_o_mode)3, 0>, ap_fixed<16, 6, (ap_q_mode)5, (ap_o_mode)3, 0> >' completely with a factor of 119 (ppg_rf_hls/firmware/BDT.h:56:0)
INFO: [HLS 214-186] Unrolling loop 'VITIS_LOOP_119_1' (ppg_rf_hls/firmware/BDT.h:119:23) in function 'BDT::Tree<12, 119, 60, ap_fixed<16, 6, (ap_q_mode)5, (ap_o_mode)3, 0> [15], ap_fixed<16, 6, (ap_q_mode)5, (ap_o_mode)3, 0>, ap_fixed<16, 6, (ap_q_mode)5, (ap_o_mode)3, 0> >::decision_function<ap_fixed<16, 6, (ap_q_mode)5, (ap_o_mode)3, 0>, ap_fixed<16, 6, (ap_q_mode)5, (ap_o_mode)3, 0> >' completely with a factor of 60 (ppg_rf_hls/firmware/BDT.h:56:0)
INFO: [HLS 214-186] Unrolling loop 'Activate' (ppg_rf_hls/firmware/BDT.h:97:15) in function 'BDT::Tree<12, 119, 60, ap_fixed<16, 6, (ap_q_mode)5, (ap_o_mode)3, 0> [15], ap_fixed<16, 6, (ap_q_mode)5, (ap_o_mode)3, 0>, ap_fixed<16, 6, (ap_q_mode)5, (ap_o_mode)3, 0> >::decision_function<ap_fixed<16, 6, (ap_q_mode)5, (ap_o_mode)3, 0>, ap_fixed<16, 6, (ap_q_mode)5, (ap_o_mode)3, 0> >' completely with a factor of 119 (ppg_rf_hls/firmware/BDT.h:56:0)
INFO: [HLS 214-186] Unrolling loop 'Compare' (ppg_rf_hls/firmware/BDT.h:84:11) in function 'BDT::Tree<12, 119, 60, ap_fixed<16, 6, (ap_q_mode)5, (ap_o_mode)3, 0> [15], ap_fixed<16, 6, (ap_q_mode)5, (ap_o_mode)3, 0>, ap_fixed<16, 6, (ap_q_mode)5, (ap_o_mode)3, 0> >::decision_function<ap_fixed<16, 6, (ap_q_mode)5, (ap_o_mode)3, 0>, ap_fixed<16, 6, (ap_q_mode)5, (ap_o_mode)3, 0> >' completely with a factor of 119 (ppg_rf_hls/firmware/BDT.h:56:0)
INFO: [HLS 214-186] Unrolling loop 'VITIS_LOOP_119_1' (ppg_rf_hls/firmware/BDT.h:119:23) in function 'BDT::Tree<11, 103, 52, ap_fixed<16, 6, (ap_q_mode)5, (ap_o_mode)3, 0> [15], ap_fixed<16, 6, (ap_q_mode)5, (ap_o_mode)3, 0>, ap_fixed<16, 6, (ap_q_mode)5, (ap_o_mode)3, 0> >::decision_function<ap_fixed<16, 6, (ap_q_mode)5, (ap_o_mode)3, 0>, ap_fixed<16, 6, (ap_q_mode)5, (ap_o_mode)3, 0> >' completely with a factor of 52 (ppg_rf_hls/firmware/BDT.h:56:0)
INFO: [HLS 214-186] Unrolling loop 'Activate' (ppg_rf_hls/firmware/BDT.h:97:15) in function 'BDT::Tree<11, 103, 52, ap_fixed<16, 6, (ap_q_mode)5, (ap_o_mode)3, 0> [15], ap_fixed<16, 6, (ap_q_mode)5, (ap_o_mode)3, 0>, ap_fixed<16, 6, (ap_q_mode)5, (ap_o_mode)3, 0> >::decision_function<ap_fixed<16, 6, (ap_q_mode)5, (ap_o_mode)3, 0>, ap_fixed<16, 6, (ap_q_mode)5, (ap_o_mode)3, 0> >' completely with a factor of 103 (ppg_rf_hls/firmware/BDT.h:56:0)
INFO: [HLS 214-186] Unrolling loop 'Compare' (ppg_rf_hls/firmware/BDT.h:84:11) in function 'BDT::Tree<11, 103, 52, ap_fixed<16, 6, (ap_q_mode)5, (ap_o_mode)3, 0> [15], ap_fixed<16, 6, (ap_q_mode)5, (ap_o_mode)3, 0>, ap_fixed<16, 6, (ap_q_mode)5, (ap_o_mode)3, 0> >::decision_function<ap_fixed<16, 6, (ap_q_mode)5, (ap_o_mode)3, 0>, ap_fixed<16, 6, (ap_q_mode)5, (ap_o_mode)3, 0> >' completely with a factor of 103 (ppg_rf_hls/firmware/BDT.h:56:0)
INFO: [HLS 214-186] Unrolling loop 'VITIS_LOOP_119_1' (ppg_rf_hls/firmware/BDT.h:119:23) in function 'BDT::Tree<10, 123, 62, ap_fixed<16, 6, (ap_q_mode)5, (ap_o_mode)3, 0> [15], ap_fixed<16, 6, (ap_q_mode)5, (ap_o_mode)3, 0>, ap_fixed<16, 6, (ap_q_mode)5, (ap_o_mode)3, 0> >::decision_function<ap_fixed<16, 6, (ap_q_mode)5, (ap_o_mode)3, 0>, ap_fixed<16, 6, (ap_q_mode)5, (ap_o_mode)3, 0> >' completely with a factor of 62 (ppg_rf_hls/firmware/BDT.h:56:0)
INFO: [HLS 214-186] Unrolling loop 'Activate' (ppg_rf_hls/firmware/BDT.h:97:15) in function 'BDT::Tree<10, 123, 62, ap_fixed<16, 6, (ap_q_mode)5, (ap_o_mode)3, 0> [15], ap_fixed<16, 6, (ap_q_mode)5, (ap_o_mode)3, 0>, ap_fixed<16, 6, (ap_q_mode)5, (ap_o_mode)3, 0> >::decision_function<ap_fixed<16, 6, (ap_q_mode)5, (ap_o_mode)3, 0>, ap_fixed<16, 6, (ap_q_mode)5, (ap_o_mode)3, 0> >' completely with a factor of 123 (ppg_rf_hls/firmware/BDT.h:56:0)
INFO: [HLS 214-186] Unrolling loop 'Compare' (ppg_rf_hls/firmware/BDT.h:84:11) in function 'BDT::Tree<10, 123, 62, ap_fixed<16, 6, (ap_q_mode)5, (ap_o_mode)3, 0> [15], ap_fixed<16, 6, (ap_q_mode)5, (ap_o_mode)3, 0>, ap_fixed<16, 6, (ap_q_mode)5, (ap_o_mode)3, 0> >::decision_function<ap_fixed<16, 6, (ap_q_mode)5, (ap_o_mode)3, 0>, ap_fixed<16, 6, (ap_q_mode)5, (ap_o_mode)3, 0> >' completely with a factor of 123 (ppg_rf_hls/firmware/BDT.h:56:0)
INFO: [HLS 214-186] Unrolling loop 'VITIS_LOOP_119_1' (ppg_rf_hls/firmware/BDT.h:119:23) in function 'BDT::Tree<9, 119, 60, ap_fixed<16, 6, (ap_q_mode)5, (ap_o_mode)3, 0> [15], ap_fixed<16, 6, (ap_q_mode)5, (ap_o_mode)3, 0>, ap_fixed<16, 6, (ap_q_mode)5, (ap_o_mode)3, 0> >::decision_function<ap_fixed<16, 6, (ap_q_mode)5, (ap_o_mode)3, 0>, ap_fixed<16, 6, (ap_q_mode)5, (ap_o_mode)3, 0> >' completely with a factor of 60 (ppg_rf_hls/firmware/BDT.h:56:0)
INFO: [HLS 214-186] Unrolling loop 'Activate' (ppg_rf_hls/firmware/BDT.h:97:15) in function 'BDT::Tree<9, 119, 60, ap_fixed<16, 6, (ap_q_mode)5, (ap_o_mode)3, 0> [15], ap_fixed<16, 6, (ap_q_mode)5, (ap_o_mode)3, 0>, ap_fixed<16, 6, (ap_q_mode)5, (ap_o_mode)3, 0> >::decision_function<ap_fixed<16, 6, (ap_q_mode)5, (ap_o_mode)3, 0>, ap_fixed<16, 6, (ap_q_mode)5, (ap_o_mode)3, 0> >' completely with a factor of 119 (ppg_rf_hls/firmware/BDT.h:56:0)
INFO: [HLS 214-186] Unrolling loop 'Compare' (ppg_rf_hls/firmware/BDT.h:84:11) in function 'BDT::Tree<9, 119, 60, ap_fixed<16, 6, (ap_q_mode)5, (ap_o_mode)3, 0> [15], ap_fixed<16, 6, (ap_q_mode)5, (ap_o_mode)3, 0>, ap_fixed<16, 6, (ap_q_mode)5, (ap_o_mode)3, 0> >::decision_function<ap_fixed<16, 6, (ap_q_mode)5, (ap_o_mode)3, 0>, ap_fixed<16, 6, (ap_q_mode)5, (ap_o_mode)3, 0> >' completely with a factor of 119 (ppg_rf_hls/firmware/BDT.h:56:0)
INFO: [HLS 214-186] Unrolling loop 'VITIS_LOOP_119_1' (ppg_rf_hls/firmware/BDT.h:119:23) in function 'BDT::Tree<8, 119, 60, ap_fixed<16, 6, (ap_q_mode)5, (ap_o_mode)3, 0> [15], ap_fixed<16, 6, (ap_q_mode)5, (ap_o_mode)3, 0>, ap_fixed<16, 6, (ap_q_mode)5, (ap_o_mode)3, 0> >::decision_function<ap_fixed<16, 6, (ap_q_mode)5, (ap_o_mode)3, 0>, ap_fixed<16, 6, (ap_q_mode)5, (ap_o_mode)3, 0> >' completely with a factor of 60 (ppg_rf_hls/firmware/BDT.h:56:0)
INFO: [HLS 214-186] Unrolling loop 'Activate' (ppg_rf_hls/firmware/BDT.h:97:15) in function 'BDT::Tree<8, 119, 60, ap_fixed<16, 6, (ap_q_mode)5, (ap_o_mode)3, 0> [15], ap_fixed<16, 6, (ap_q_mode)5, (ap_o_mode)3, 0>, ap_fixed<16, 6, (ap_q_mode)5, (ap_o_mode)3, 0> >::decision_function<ap_fixed<16, 6, (ap_q_mode)5, (ap_o_mode)3, 0>, ap_fixed<16, 6, (ap_q_mode)5, (ap_o_mode)3, 0> >' completely with a factor of 119 (ppg_rf_hls/firmware/BDT.h:56:0)
INFO: [HLS 214-186] Unrolling loop 'Compare' (ppg_rf_hls/firmware/BDT.h:84:11) in function 'BDT::Tree<8, 119, 60, ap_fixed<16, 6, (ap_q_mode)5, (ap_o_mode)3, 0> [15], ap_fixed<16, 6, (ap_q_mode)5, (ap_o_mode)3, 0>, ap_fixed<16, 6, (ap_q_mode)5, (ap_o_mode)3, 0> >::decision_function<ap_fixed<16, 6, (ap_q_mode)5, (ap_o_mode)3, 0>, ap_fixed<16, 6, (ap_q_mode)5, (ap_o_mode)3, 0> >' completely with a factor of 119 (ppg_rf_hls/firmware/BDT.h:56:0)
INFO: [HLS 214-186] Unrolling loop 'VITIS_LOOP_119_1' (ppg_rf_hls/firmware/BDT.h:119:23) in function 'BDT::Tree<7, 111, 56, ap_fixed<16, 6, (ap_q_mode)5, (ap_o_mode)3, 0> [15], ap_fixed<16, 6, (ap_q_mode)5, (ap_o_mode)3, 0>, ap_fixed<16, 6, (ap_q_mode)5, (ap_o_mode)3, 0> >::decision_function<ap_fixed<16, 6, (ap_q_mode)5, (ap_o_mode)3, 0>, ap_fixed<16, 6, (ap_q_mode)5, (ap_o_mode)3, 0> >' completely with a factor of 56 (ppg_rf_hls/firmware/BDT.h:56:0)
INFO: [HLS 214-186] Unrolling loop 'Activate' (ppg_rf_hls/firmware/BDT.h:97:15) in function 'BDT::Tree<7, 111, 56, ap_fixed<16, 6, (ap_q_mode)5, (ap_o_mode)3, 0> [15], ap_fixed<16, 6, (ap_q_mode)5, (ap_o_mode)3, 0>, ap_fixed<16, 6, (ap_q_mode)5, (ap_o_mode)3, 0> >::decision_function<ap_fixed<16, 6, (ap_q_mode)5, (ap_o_mode)3, 0>, ap_fixed<16, 6, (ap_q_mode)5, (ap_o_mode)3, 0> >' completely with a factor of 111 (ppg_rf_hls/firmware/BDT.h:56:0)
INFO: [HLS 214-186] Unrolling loop 'Compare' (ppg_rf_hls/firmware/BDT.h:84:11) in function 'BDT::Tree<7, 111, 56, ap_fixed<16, 6, (ap_q_mode)5, (ap_o_mode)3, 0> [15], ap_fixed<16, 6, (ap_q_mode)5, (ap_o_mode)3, 0>, ap_fixed<16, 6, (ap_q_mode)5, (ap_o_mode)3, 0> >::decision_function<ap_fixed<16, 6, (ap_q_mode)5, (ap_o_mode)3, 0>, ap_fixed<16, 6, (ap_q_mode)5, (ap_o_mode)3, 0> >' completely with a factor of 111 (ppg_rf_hls/firmware/BDT.h:56:0)
INFO: [HLS 214-186] Unrolling loop 'VITIS_LOOP_119_1' (ppg_rf_hls/firmware/BDT.h:119:23) in function 'BDT::Tree<6, 125, 63, ap_fixed<16, 6, (ap_q_mode)5, (ap_o_mode)3, 0> [15], ap_fixed<16, 6, (ap_q_mode)5, (ap_o_mode)3, 0>, ap_fixed<16, 6, (ap_q_mode)5, (ap_o_mode)3, 0> >::decision_function<ap_fixed<16, 6, (ap_q_mode)5, (ap_o_mode)3, 0>, ap_fixed<16, 6, (ap_q_mode)5, (ap_o_mode)3, 0> >' completely with a factor of 63 (ppg_rf_hls/firmware/BDT.h:56:0)
INFO: [HLS 214-186] Unrolling loop 'Activate' (ppg_rf_hls/firmware/BDT.h:97:15) in function 'BDT::Tree<6, 125, 63, ap_fixed<16, 6, (ap_q_mode)5, (ap_o_mode)3, 0> [15], ap_fixed<16, 6, (ap_q_mode)5, (ap_o_mode)3, 0>, ap_fixed<16, 6, (ap_q_mode)5, (ap_o_mode)3, 0> >::decision_function<ap_fixed<16, 6, (ap_q_mode)5, (ap_o_mode)3, 0>, ap_fixed<16, 6, (ap_q_mode)5, (ap_o_mode)3, 0> >' completely with a factor of 125 (ppg_rf_hls/firmware/BDT.h:56:0)
INFO: [HLS 214-186] Unrolling loop 'Compare' (ppg_rf_hls/firmware/BDT.h:84:11) in function 'BDT::Tree<6, 125, 63, ap_fixed<16, 6, (ap_q_mode)5, (ap_o_mode)3, 0> [15], ap_fixed<16, 6, (ap_q_mode)5, (ap_o_mode)3, 0>, ap_fixed<16, 6, (ap_q_mode)5, (ap_o_mode)3, 0> >::decision_function<ap_fixed<16, 6, (ap_q_mode)5, (ap_o_mode)3, 0>, ap_fixed<16, 6, (ap_q_mode)5, (ap_o_mode)3, 0> >' completely with a factor of 125 (ppg_rf_hls/firmware/BDT.h:56:0)
INFO: [HLS 214-186] Unrolling loop 'VITIS_LOOP_119_1' (ppg_rf_hls/firmware/BDT.h:119:23) in function 'BDT::Tree<5, 117, 59, ap_fixed<16, 6, (ap_q_mode)5, (ap_o_mode)3, 0> [15], ap_fixed<16, 6, (ap_q_mode)5, (ap_o_mode)3, 0>, ap_fixed<16, 6, (ap_q_mode)5, (ap_o_mode)3, 0> >::decision_function<ap_fixed<16, 6, (ap_q_mode)5, (ap_o_mode)3, 0>, ap_fixed<16, 6, (ap_q_mode)5, (ap_o_mode)3, 0> >' completely with a factor of 59 (ppg_rf_hls/firmware/BDT.h:56:0)
INFO: [HLS 214-186] Unrolling loop 'Activate' (ppg_rf_hls/firmware/BDT.h:97:15) in function 'BDT::Tree<5, 117, 59, ap_fixed<16, 6, (ap_q_mode)5, (ap_o_mode)3, 0> [15], ap_fixed<16, 6, (ap_q_mode)5, (ap_o_mode)3, 0>, ap_fixed<16, 6, (ap_q_mode)5, (ap_o_mode)3, 0> >::decision_function<ap_fixed<16, 6, (ap_q_mode)5, (ap_o_mode)3, 0>, ap_fixed<16, 6, (ap_q_mode)5, (ap_o_mode)3, 0> >' completely with a factor of 117 (ppg_rf_hls/firmware/BDT.h:56:0)
INFO: [HLS 214-186] Unrolling loop 'Compare' (ppg_rf_hls/firmware/BDT.h:84:11) in function 'BDT::Tree<5, 117, 59, ap_fixed<16, 6, (ap_q_mode)5, (ap_o_mode)3, 0> [15], ap_fixed<16, 6, (ap_q_mode)5, (ap_o_mode)3, 0>, ap_fixed<16, 6, (ap_q_mode)5, (ap_o_mode)3, 0> >::decision_function<ap_fixed<16, 6, (ap_q_mode)5, (ap_o_mode)3, 0>, ap_fixed<16, 6, (ap_q_mode)5, (ap_o_mode)3, 0> >' completely with a factor of 117 (ppg_rf_hls/firmware/BDT.h:56:0)
INFO: [HLS 214-186] Unrolling loop 'VITIS_LOOP_119_1' (ppg_rf_hls/firmware/BDT.h:119:23) in function 'BDT::Tree<4, 137, 69, ap_fixed<16, 6, (ap_q_mode)5, (ap_o_mode)3, 0> [15], ap_fixed<16, 6, (ap_q_mode)5, (ap_o_mode)3, 0>, ap_fixed<16, 6, (ap_q_mode)5, (ap_o_mode)3, 0> >::decision_function<ap_fixed<16, 6, (ap_q_mode)5, (ap_o_mode)3, 0>, ap_fixed<16, 6, (ap_q_mode)5, (ap_o_mode)3, 0> >' completely with a factor of 69 (ppg_rf_hls/firmware/BDT.h:56:0)
INFO: [HLS 214-186] Unrolling loop 'Activate' (ppg_rf_hls/firmware/BDT.h:97:15) in function 'BDT::Tree<4, 137, 69, ap_fixed<16, 6, (ap_q_mode)5, (ap_o_mode)3, 0> [15], ap_fixed<16, 6, (ap_q_mode)5, (ap_o_mode)3, 0>, ap_fixed<16, 6, (ap_q_mode)5, (ap_o_mode)3, 0> >::decision_function<ap_fixed<16, 6, (ap_q_mode)5, (ap_o_mode)3, 0>, ap_fixed<16, 6, (ap_q_mode)5, (ap_o_mode)3, 0> >' completely with a factor of 137 (ppg_rf_hls/firmware/BDT.h:56:0)
INFO: [HLS 214-186] Unrolling loop 'Compare' (ppg_rf_hls/firmware/BDT.h:84:11) in function 'BDT::Tree<4, 137, 69, ap_fixed<16, 6, (ap_q_mode)5, (ap_o_mode)3, 0> [15], ap_fixed<16, 6, (ap_q_mode)5, (ap_o_mode)3, 0>, ap_fixed<16, 6, (ap_q_mode)5, (ap_o_mode)3, 0> >::decision_function<ap_fixed<16, 6, (ap_q_mode)5, (ap_o_mode)3, 0>, ap_fixed<16, 6, (ap_q_mode)5, (ap_o_mode)3, 0> >' completely with a factor of 137 (ppg_rf_hls/firmware/BDT.h:56:0)
INFO: [HLS 214-186] Unrolling loop 'VITIS_LOOP_119_1' (ppg_rf_hls/firmware/BDT.h:119:23) in function 'BDT::Tree<3, 131, 66, ap_fixed<16, 6, (ap_q_mode)5, (ap_o_mode)3, 0> [15], ap_fixed<16, 6, (ap_q_mode)5, (ap_o_mode)3, 0>, ap_fixed<16, 6, (ap_q_mode)5, (ap_o_mode)3, 0> >::decision_function<ap_fixed<16, 6, (ap_q_mode)5, (ap_o_mode)3, 0>, ap_fixed<16, 6, (ap_q_mode)5, (ap_o_mode)3, 0> >' completely with a factor of 66 (ppg_rf_hls/firmware/BDT.h:56:0)
INFO: [HLS 214-186] Unrolling loop 'Activate' (ppg_rf_hls/firmware/BDT.h:97:15) in function 'BDT::Tree<3, 131, 66, ap_fixed<16, 6, (ap_q_mode)5, (ap_o_mode)3, 0> [15], ap_fixed<16, 6, (ap_q_mode)5, (ap_o_mode)3, 0>, ap_fixed<16, 6, (ap_q_mode)5, (ap_o_mode)3, 0> >::decision_function<ap_fixed<16, 6, (ap_q_mode)5, (ap_o_mode)3, 0>, ap_fixed<16, 6, (ap_q_mode)5, (ap_o_mode)3, 0> >' completely with a factor of 131 (ppg_rf_hls/firmware/BDT.h:56:0)
INFO: [HLS 214-186] Unrolling loop 'Compare' (ppg_rf_hls/firmware/BDT.h:84:11) in function 'BDT::Tree<3, 131, 66, ap_fixed<16, 6, (ap_q_mode)5, (ap_o_mode)3, 0> [15], ap_fixed<16, 6, (ap_q_mode)5, (ap_o_mode)3, 0>, ap_fixed<16, 6, (ap_q_mode)5, (ap_o_mode)3, 0> >::decision_function<ap_fixed<16, 6, (ap_q_mode)5, (ap_o_mode)3, 0>, ap_fixed<16, 6, (ap_q_mode)5, (ap_o_mode)3, 0> >' completely with a factor of 131 (ppg_rf_hls/firmware/BDT.h:56:0)
INFO: [HLS 214-186] Unrolling loop 'VITIS_LOOP_119_1' (ppg_rf_hls/firmware/BDT.h:119:23) in function 'BDT::Tree<2, 105, 53, ap_fixed<16, 6, (ap_q_mode)5, (ap_o_mode)3, 0> [15], ap_fixed<16, 6, (ap_q_mode)5, (ap_o_mode)3, 0>, ap_fixed<16, 6, (ap_q_mode)5, (ap_o_mode)3, 0> >::decision_function<ap_fixed<16, 6, (ap_q_mode)5, (ap_o_mode)3, 0>, ap_fixed<16, 6, (ap_q_mode)5, (ap_o_mode)3, 0> >' completely with a factor of 53 (ppg_rf_hls/firmware/BDT.h:56:0)
INFO: [HLS 214-186] Unrolling loop 'Activate' (ppg_rf_hls/firmware/BDT.h:97:15) in function 'BDT::Tree<2, 105, 53, ap_fixed<16, 6, (ap_q_mode)5, (ap_o_mode)3, 0> [15], ap_fixed<16, 6, (ap_q_mode)5, (ap_o_mode)3, 0>, ap_fixed<16, 6, (ap_q_mode)5, (ap_o_mode)3, 0> >::decision_function<ap_fixed<16, 6, (ap_q_mode)5, (ap_o_mode)3, 0>, ap_fixed<16, 6, (ap_q_mode)5, (ap_o_mode)3, 0> >' completely with a factor of 105 (ppg_rf_hls/firmware/BDT.h:56:0)
INFO: [HLS 214-186] Unrolling loop 'Compare' (ppg_rf_hls/firmware/BDT.h:84:11) in function 'BDT::Tree<2, 105, 53, ap_fixed<16, 6, (ap_q_mode)5, (ap_o_mode)3, 0> [15], ap_fixed<16, 6, (ap_q_mode)5, (ap_o_mode)3, 0>, ap_fixed<16, 6, (ap_q_mode)5, (ap_o_mode)3, 0> >::decision_function<ap_fixed<16, 6, (ap_q_mode)5, (ap_o_mode)3, 0>, ap_fixed<16, 6, (ap_q_mode)5, (ap_o_mode)3, 0> >' completely with a factor of 105 (ppg_rf_hls/firmware/BDT.h:56:0)
INFO: [HLS 214-186] Unrolling loop 'VITIS_LOOP_119_1' (ppg_rf_hls/firmware/BDT.h:119:23) in function 'BDT::Tree<1, 129, 65, ap_fixed<16, 6, (ap_q_mode)5, (ap_o_mode)3, 0> [15], ap_fixed<16, 6, (ap_q_mode)5, (ap_o_mode)3, 0>, ap_fixed<16, 6, (ap_q_mode)5, (ap_o_mode)3, 0> >::decision_function<ap_fixed<16, 6, (ap_q_mode)5, (ap_o_mode)3, 0>, ap_fixed<16, 6, (ap_q_mode)5, (ap_o_mode)3, 0> >' completely with a factor of 65 (ppg_rf_hls/firmware/BDT.h:56:0)
INFO: [HLS 214-186] Unrolling loop 'Activate' (ppg_rf_hls/firmware/BDT.h:97:15) in function 'BDT::Tree<1, 129, 65, ap_fixed<16, 6, (ap_q_mode)5, (ap_o_mode)3, 0> [15], ap_fixed<16, 6, (ap_q_mode)5, (ap_o_mode)3, 0>, ap_fixed<16, 6, (ap_q_mode)5, (ap_o_mode)3, 0> >::decision_function<ap_fixed<16, 6, (ap_q_mode)5, (ap_o_mode)3, 0>, ap_fixed<16, 6, (ap_q_mode)5, (ap_o_mode)3, 0> >' completely with a factor of 129 (ppg_rf_hls/firmware/BDT.h:56:0)
INFO: [HLS 214-186] Unrolling loop 'Compare' (ppg_rf_hls/firmware/BDT.h:84:11) in function 'BDT::Tree<1, 129, 65, ap_fixed<16, 6, (ap_q_mode)5, (ap_o_mode)3, 0> [15], ap_fixed<16, 6, (ap_q_mode)5, (ap_o_mode)3, 0>, ap_fixed<16, 6, (ap_q_mode)5, (ap_o_mode)3, 0> >::decision_function<ap_fixed<16, 6, (ap_q_mode)5, (ap_o_mode)3, 0>, ap_fixed<16, 6, (ap_q_mode)5, (ap_o_mode)3, 0> >' completely with a factor of 129 (ppg_rf_hls/firmware/BDT.h:56:0)
INFO: [HLS 214-186] Unrolling loop 'VITIS_LOOP_119_1' (ppg_rf_hls/firmware/BDT.h:119:23) in function 'BDT::Tree<0, 113, 57, ap_fixed<16, 6, (ap_q_mode)5, (ap_o_mode)3, 0> [15], ap_fixed<16, 6, (ap_q_mode)5, (ap_o_mode)3, 0>, ap_fixed<16, 6, (ap_q_mode)5, (ap_o_mode)3, 0> >::decision_function<ap_fixed<16, 6, (ap_q_mode)5, (ap_o_mode)3, 0>, ap_fixed<16, 6, (ap_q_mode)5, (ap_o_mode)3, 0> >' completely with a factor of 57 (ppg_rf_hls/firmware/BDT.h:56:0)
INFO: [HLS 214-186] Unrolling loop 'Activate' (ppg_rf_hls/firmware/BDT.h:97:15) in function 'BDT::Tree<0, 113, 57, ap_fixed<16, 6, (ap_q_mode)5, (ap_o_mode)3, 0> [15], ap_fixed<16, 6, (ap_q_mode)5, (ap_o_mode)3, 0>, ap_fixed<16, 6, (ap_q_mode)5, (ap_o_mode)3, 0> >::decision_function<ap_fixed<16, 6, (ap_q_mode)5, (ap_o_mode)3, 0>, ap_fixed<16, 6, (ap_q_mode)5, (ap_o_mode)3, 0> >' completely with a factor of 113 (ppg_rf_hls/firmware/BDT.h:56:0)
INFO: [HLS 214-186] Unrolling loop 'Compare' (ppg_rf_hls/firmware/BDT.h:84:11) in function 'BDT::Tree<0, 113, 57, ap_fixed<16, 6, (ap_q_mode)5, (ap_o_mode)3, 0> [15], ap_fixed<16, 6, (ap_q_mode)5, (ap_o_mode)3, 0>, ap_fixed<16, 6, (ap_q_mode)5, (ap_o_mode)3, 0> >::decision_function<ap_fixed<16, 6, (ap_q_mode)5, (ap_o_mode)3, 0>, ap_fixed<16, 6, (ap_q_mode)5, (ap_o_mode)3, 0> >' completely with a factor of 113 (ppg_rf_hls/firmware/BDT.h:56:0)
INFO: [HLS 214-178] Inlining function '$_0::operator()(ap_fixed<16, 6, (ap_q_mode)5, (ap_o_mode)3, 0> const*, ap_fixed<16, 6, (ap_q_mode)5, (ap_o_mode)3, 0> const*) const' into '$_0::__invoke(ap_fixed<16, 6, (ap_q_mode)5, (ap_o_mode)3, 0> const*, ap_fixed<16, 6, (ap_q_mode)5, (ap_o_mode)3, 0> const*) (.679)' (ppg_rf_hls/firmware/BDT.cpp:4:0)
INFO: [HLS 214-178] Inlining function '$_0::operator()(ap_fixed<16, 6, (ap_q_mode)5, (ap_o_mode)3, 0> const*, ap_fixed<16, 6, (ap_q_mode)5, (ap_o_mode)3, 0> const*) const (.479.896)' into '$_0::__invoke(ap_fixed<16, 6, (ap_q_mode)5, (ap_o_mode)3, 0> const*, ap_fixed<16, 6, (ap_q_mode)5, (ap_o_mode)3, 0> const*)' (ppg_rf_hls/firmware/BDT.cpp:4:0)
INFO: [HLS 214-178] Inlining function 'BDT::OpAdd<ap_fixed<16, 6, (ap_q_mode)5, (ap_o_mode)3, 0> >::operator()(ap_fixed<16, 6, (ap_q_mode)5, (ap_o_mode)3, 0>, ap_fixed<16, 6, (ap_q_mode)5, (ap_o_mode)3, 0>) (.404.413)' into 'ap_fixed<16, 6, (ap_q_mode)5, (ap_o_mode)3, 0> BDT::reduce<ap_fixed<16, 6, (ap_q_mode)5, (ap_o_mode)3, 0>, 2, BDT::OpAdd<ap_fixed<16, 6, (ap_q_mode)5, (ap_o_mode)3, 0> > >(ap_fixed<16, 6, (ap_q_mode)5, (ap_o_mode)3, 0> const*, BDT::OpAdd<ap_fixed<16, 6, (ap_q_mode)5, (ap_o_mode)3, 0> >) (.457)' (ppg_rf_hls/firmware/BDT.h:22:0)
INFO: [HLS 214-178] Inlining function 'ap_fixed<16, 6, (ap_q_mode)5, (ap_o_mode)3, 0> BDT::reduce<ap_fixed<16, 6, (ap_q_mode)5, (ap_o_mode)3, 0>, 2, BDT::OpAdd<ap_fixed<16, 6, (ap_q_mode)5, (ap_o_mode)3, 0> > >(ap_fixed<16, 6, (ap_q_mode)5, (ap_o_mode)3, 0> const*, BDT::OpAdd<ap_fixed<16, 6, (ap_q_mode)5, (ap_o_mode)3, 0> >) (.457)' into 'ap_fixed<16, 6, (ap_q_mode)5, (ap_o_mode)3, 0> BDT::reduce<ap_fixed<16, 6, (ap_q_mode)5, (ap_o_mode)3, 0>, 4, BDT::OpAdd<ap_fixed<16, 6, (ap_q_mode)5, (ap_o_mode)3, 0> > >(ap_fixed<16, 6, (ap_q_mode)5, (ap_o_mode)3, 0> const*, BDT::OpAdd<ap_fixed<16, 6, (ap_q_mode)5, (ap_o_mode)3, 0> >) (.454)' (ppg_rf_hls/firmware/BDT.h:22:0)
INFO: [HLS 214-178] Inlining function 'BDT::OpAdd<ap_fixed<16, 6, (ap_q_mode)5, (ap_o_mode)3, 0> >::operator()(ap_fixed<16, 6, (ap_q_mode)5, (ap_o_mode)3, 0>, ap_fixed<16, 6, (ap_q_mode)5, (ap_o_mode)3, 0>) (.404.413)' into 'ap_fixed<16, 6, (ap_q_mode)5, (ap_o_mode)3, 0> BDT::reduce<ap_fixed<16, 6, (ap_q_mode)5, (ap_o_mode)3, 0>, 4, BDT::OpAdd<ap_fixed<16, 6, (ap_q_mode)5, (ap_o_mode)3, 0> > >(ap_fixed<16, 6, (ap_q_mode)5, (ap_o_mode)3, 0> const*, BDT::OpAdd<ap_fixed<16, 6, (ap_q_mode)5, (ap_o_mode)3, 0> >) (.454)' (ppg_rf_hls/firmware/BDT.h:22:0)
INFO: [HLS 214-178] Inlining function 'ap_fixed<16, 6, (ap_q_mode)5, (ap_o_mode)3, 0> BDT::reduce<ap_fixed<16, 6, (ap_q_mode)5, (ap_o_mode)3, 0>, 4, BDT::OpAdd<ap_fixed<16, 6, (ap_q_mode)5, (ap_o_mode)3, 0> > >(ap_fixed<16, 6, (ap_q_mode)5, (ap_o_mode)3, 0> const*, BDT::OpAdd<ap_fixed<16, 6, (ap_q_mode)5, (ap_o_mode)3, 0> >) (.454)' into 'ap_fixed<16, 6, (ap_q_mode)5, (ap_o_mode)3, 0> BDT::reduce<ap_fixed<16, 6, (ap_q_mode)5, (ap_o_mode)3, 0>, 8, BDT::OpAdd<ap_fixed<16, 6, (ap_q_mode)5, (ap_o_mode)3, 0> > >(ap_fixed<16, 6, (ap_q_mode)5, (ap_o_mode)3, 0> const*, BDT::OpAdd<ap_fixed<16, 6, (ap_q_mode)5, (ap_o_mode)3, 0> >) (.451)' (ppg_rf_hls/firmware/BDT.h:22:0)
INFO: [HLS 214-178] Inlining function 'BDT::OpAdd<ap_fixed<16, 6, (ap_q_mode)5, (ap_o_mode)3, 0> >::operator()(ap_fixed<16, 6, (ap_q_mode)5, (ap_o_mode)3, 0>, ap_fixed<16, 6, (ap_q_mode)5, (ap_o_mode)3, 0>) (.404.413)' into 'ap_fixed<16, 6, (ap_q_mode)5, (ap_o_mode)3, 0> BDT::reduce<ap_fixed<16, 6, (ap_q_mode)5, (ap_o_mode)3, 0>, 8, BDT::OpAdd<ap_fixed<16, 6, (ap_q_mode)5, (ap_o_mode)3, 0> > >(ap_fixed<16, 6, (ap_q_mode)5, (ap_o_mode)3, 0> const*, BDT::OpAdd<ap_fixed<16, 6, (ap_q_mode)5, (ap_o_mode)3, 0> >) (.451)' (ppg_rf_hls/firmware/BDT.h:22:0)
INFO: [HLS 214-178] Inlining function 'ap_fixed<16, 6, (ap_q_mode)5, (ap_o_mode)3, 0> BDT::reduce<ap_fixed<16, 6, (ap_q_mode)5, (ap_o_mode)3, 0>, 8, BDT::OpAdd<ap_fixed<16, 6, (ap_q_mode)5, (ap_o_mode)3, 0> > >(ap_fixed<16, 6, (ap_q_mode)5, (ap_o_mode)3, 0> const*, BDT::OpAdd<ap_fixed<16, 6, (ap_q_mode)5, (ap_o_mode)3, 0> >) (.451)' into 'ap_fixed<16, 6, (ap_q_mode)5, (ap_o_mode)3, 0> BDT::reduce<ap_fixed<16, 6, (ap_q_mode)5, (ap_o_mode)3, 0>, 16, BDT::OpAdd<ap_fixed<16, 6, (ap_q_mode)5, (ap_o_mode)3, 0> > >(ap_fixed<16, 6, (ap_q_mode)5, (ap_o_mode)3, 0> const*, BDT::OpAdd<ap_fixed<16, 6, (ap_q_mode)5, (ap_o_mode)3, 0> >) (.466)' (ppg_rf_hls/firmware/BDT.h:22:0)
INFO: [HLS 214-178] Inlining function 'BDT::OpAdd<ap_fixed<16, 6, (ap_q_mode)5, (ap_o_mode)3, 0> >::operator()(ap_fixed<16, 6, (ap_q_mode)5, (ap_o_mode)3, 0>, ap_fixed<16, 6, (ap_q_mode)5, (ap_o_mode)3, 0>) (.404.413)' into 'ap_fixed<16, 6, (ap_q_mode)5, (ap_o_mode)3, 0> BDT::reduce<ap_fixed<16, 6, (ap_q_mode)5, (ap_o_mode)3, 0>, 16, BDT::OpAdd<ap_fixed<16, 6, (ap_q_mode)5, (ap_o_mode)3, 0> > >(ap_fixed<16, 6, (ap_q_mode)5, (ap_o_mode)3, 0> const*, BDT::OpAdd<ap_fixed<16, 6, (ap_q_mode)5, (ap_o_mode)3, 0> >) (.466)' (ppg_rf_hls/firmware/BDT.h:22:0)
INFO: [HLS 214-178] Inlining function 'BDT::OpAdd<ap_fixed<16, 6, (ap_q_mode)5, (ap_o_mode)3, 0> >::operator()(ap_fixed<16, 6, (ap_q_mode)5, (ap_o_mode)3, 0>, ap_fixed<16, 6, (ap_q_mode)5, (ap_o_mode)3, 0>) (.404.413)' into 'ap_fixed<16, 6, (ap_q_mode)5, (ap_o_mode)3, 0> BDT::reduce<ap_fixed<16, 6, (ap_q_mode)5, (ap_o_mode)3, 0>, 32, BDT::OpAdd<ap_fixed<16, 6, (ap_q_mode)5, (ap_o_mode)3, 0> > >(ap_fixed<16, 6, (ap_q_mode)5, (ap_o_mode)3, 0> const*, BDT::OpAdd<ap_fixed<16, 6, (ap_q_mode)5, (ap_o_mode)3, 0> >) (.463)' (ppg_rf_hls/firmware/BDT.h:22:0)
INFO: [HLS 214-178] Inlining function 'ap_fixed<16, 6, (ap_q_mode)5, (ap_o_mode)3, 0> BDT::reduce<ap_fixed<16, 6, (ap_q_mode)5, (ap_o_mode)3, 0>, 32, BDT::OpAdd<ap_fixed<16, 6, (ap_q_mode)5, (ap_o_mode)3, 0> > >(ap_fixed<16, 6, (ap_q_mode)5, (ap_o_mode)3, 0> const*, BDT::OpAdd<ap_fixed<16, 6, (ap_q_mode)5, (ap_o_mode)3, 0> >) (.463)' into 'ap_fixed<16, 6, (ap_q_mode)5, (ap_o_mode)3, 0> BDT::reduce<ap_fixed<16, 6, (ap_q_mode)5, (ap_o_mode)3, 0>, 64, BDT::OpAdd<ap_fixed<16, 6, (ap_q_mode)5, (ap_o_mode)3, 0> > >(ap_fixed<16, 6, (ap_q_mode)5, (ap_o_mode)3, 0> const*, BDT::OpAdd<ap_fixed<16, 6, (ap_q_mode)5, (ap_o_mode)3, 0> >)' (ppg_rf_hls/firmware/BDT.h:22:0)
INFO: [HLS 214-178] Inlining function 'BDT::OpAdd<ap_fixed<16, 6, (ap_q_mode)5, (ap_o_mode)3, 0> >::operator()(ap_fixed<16, 6, (ap_q_mode)5, (ap_o_mode)3, 0>, ap_fixed<16, 6, (ap_q_mode)5, (ap_o_mode)3, 0>) (.404.413)' into 'ap_fixed<16, 6, (ap_q_mode)5, (ap_o_mode)3, 0> BDT::reduce<ap_fixed<16, 6, (ap_q_mode)5, (ap_o_mode)3, 0>, 64, BDT::OpAdd<ap_fixed<16, 6, (ap_q_mode)5, (ap_o_mode)3, 0> > >(ap_fixed<16, 6, (ap_q_mode)5, (ap_o_mode)3, 0> const*, BDT::OpAdd<ap_fixed<16, 6, (ap_q_mode)5, (ap_o_mode)3, 0> >)' (ppg_rf_hls/firmware/BDT.h:22:0)
INFO: [HLS 214-178] Inlining function 'ap_fixed<16, 6, (ap_q_mode)5, (ap_o_mode)3, 0> BDT::reduce<ap_fixed<16, 6, (ap_q_mode)5, (ap_o_mode)3, 0>, 64, BDT::OpAdd<ap_fixed<16, 6, (ap_q_mode)5, (ap_o_mode)3, 0> > >(ap_fixed<16, 6, (ap_q_mode)5, (ap_o_mode)3, 0> const*, BDT::OpAdd<ap_fixed<16, 6, (ap_q_mode)5, (ap_o_mode)3, 0> >)' into 'ap_fixed<16, 6, (ap_q_mode)5, (ap_o_mode)3, 0> BDT::reduce<ap_fixed<16, 6, (ap_q_mode)5, (ap_o_mode)3, 0>, 128, BDT::OpAdd<ap_fixed<16, 6, (ap_q_mode)5, (ap_o_mode)3, 0> > >(ap_fixed<16, 6, (ap_q_mode)5, (ap_o_mode)3, 0> const*, BDT::OpAdd<ap_fixed<16, 6, (ap_q_mode)5, (ap_o_mode)3, 0> >)' (ppg_rf_hls/firmware/BDT.h:22:0)
INFO: [HLS 214-178] Inlining function 'BDT::OpAdd<ap_fixed<16, 6, (ap_q_mode)5, (ap_o_mode)3, 0> >::operator()(ap_fixed<16, 6, (ap_q_mode)5, (ap_o_mode)3, 0>, ap_fixed<16, 6, (ap_q_mode)5, (ap_o_mode)3, 0>) (.404.413)' into 'ap_fixed<16, 6, (ap_q_mode)5, (ap_o_mode)3, 0> BDT::reduce<ap_fixed<16, 6, (ap_q_mode)5, (ap_o_mode)3, 0>, 128, BDT::OpAdd<ap_fixed<16, 6, (ap_q_mode)5, (ap_o_mode)3, 0> > >(ap_fixed<16, 6, (ap_q_mode)5, (ap_o_mode)3, 0> const*, BDT::OpAdd<ap_fixed<16, 6, (ap_q_mode)5, (ap_o_mode)3, 0> >)' (ppg_rf_hls/firmware/BDT.h:22:0)
INFO: [HLS 214-178] Inlining function 'ap_fixed<16, 6, (ap_q_mode)5, (ap_o_mode)3, 0> BDT::reduce<ap_fixed<16, 6, (ap_q_mode)5, (ap_o_mode)3, 0>, 64, BDT::OpAdd<ap_fixed<16, 6, (ap_q_mode)5, (ap_o_mode)3, 0> > >(ap_fixed<16, 6, (ap_q_mode)5, (ap_o_mode)3, 0> const*, BDT::OpAdd<ap_fixed<16, 6, (ap_q_mode)5, (ap_o_mode)3, 0> >)' into 'ap_fixed<16, 6, (ap_q_mode)5, (ap_o_mode)3, 0> BDT::reduce<ap_fixed<16, 6, (ap_q_mode)5, (ap_o_mode)3, 0>, 72, BDT::OpAdd<ap_fixed<16, 6, (ap_q_mode)5, (ap_o_mode)3, 0> > >(ap_fixed<16, 6, (ap_q_mode)5, (ap_o_mode)3, 0> const*, BDT::OpAdd<ap_fixed<16, 6, (ap_q_mode)5, (ap_o_mode)3, 0> >)' (ppg_rf_hls/firmware/BDT.h:22:0)
INFO: [HLS 214-178] Inlining function 'ap_fixed<16, 6, (ap_q_mode)5, (ap_o_mode)3, 0> BDT::reduce<ap_fixed<16, 6, (ap_q_mode)5, (ap_o_mode)3, 0>, 8, BDT::OpAdd<ap_fixed<16, 6, (ap_q_mode)5, (ap_o_mode)3, 0> > >(ap_fixed<16, 6, (ap_q_mode)5, (ap_o_mode)3, 0> const*, BDT::OpAdd<ap_fixed<16, 6, (ap_q_mode)5, (ap_o_mode)3, 0> >) (.451)' into 'ap_fixed<16, 6, (ap_q_mode)5, (ap_o_mode)3, 0> BDT::reduce<ap_fixed<16, 6, (ap_q_mode)5, (ap_o_mode)3, 0>, 72, BDT::OpAdd<ap_fixed<16, 6, (ap_q_mode)5, (ap_o_mode)3, 0> > >(ap_fixed<16, 6, (ap_q_mode)5, (ap_o_mode)3, 0> const*, BDT::OpAdd<ap_fixed<16, 6, (ap_q_mode)5, (ap_o_mode)3, 0> >)' (ppg_rf_hls/firmware/BDT.h:22:0)
INFO: [HLS 214-178] Inlining function 'BDT::OpAdd<ap_fixed<16, 6, (ap_q_mode)5, (ap_o_mode)3, 0> >::operator()(ap_fixed<16, 6, (ap_q_mode)5, (ap_o_mode)3, 0>, ap_fixed<16, 6, (ap_q_mode)5, (ap_o_mode)3, 0>) (.404.413)' into 'ap_fixed<16, 6, (ap_q_mode)5, (ap_o_mode)3, 0> BDT::reduce<ap_fixed<16, 6, (ap_q_mode)5, (ap_o_mode)3, 0>, 72, BDT::OpAdd<ap_fixed<16, 6, (ap_q_mode)5, (ap_o_mode)3, 0> > >(ap_fixed<16, 6, (ap_q_mode)5, (ap_o_mode)3, 0> const*, BDT::OpAdd<ap_fixed<16, 6, (ap_q_mode)5, (ap_o_mode)3, 0> >)' (ppg_rf_hls/firmware/BDT.h:22:0)
INFO: [HLS 214-178] Inlining function 'ap_fixed<16, 6, (ap_q_mode)5, (ap_o_mode)3, 0> BDT::reduce<ap_fixed<16, 6, (ap_q_mode)5, (ap_o_mode)3, 0>, 128, BDT::OpAdd<ap_fixed<16, 6, (ap_q_mode)5, (ap_o_mode)3, 0> > >(ap_fixed<16, 6, (ap_q_mode)5, (ap_o_mode)3, 0> const*, BDT::OpAdd<ap_fixed<16, 6, (ap_q_mode)5, (ap_o_mode)3, 0> >)' into 'ap_fixed<16, 6, (ap_q_mode)5, (ap_o_mode)3, 0> BDT::reduce<ap_fixed<16, 6, (ap_q_mode)5, (ap_o_mode)3, 0>, 200, BDT::OpAdd<ap_fixed<16, 6, (ap_q_mode)5, (ap_o_mode)3, 0> > >(ap_fixed<16, 6, (ap_q_mode)5, (ap_o_mode)3, 0> const*, BDT::OpAdd<ap_fixed<16, 6, (ap_q_mode)5, (ap_o_mode)3, 0> >)' (ppg_rf_hls/firmware/BDT.h:22:0)
INFO: [HLS 214-178] Inlining function 'ap_fixed<16, 6, (ap_q_mode)5, (ap_o_mode)3, 0> BDT::reduce<ap_fixed<16, 6, (ap_q_mode)5, (ap_o_mode)3, 0>, 72, BDT::OpAdd<ap_fixed<16, 6, (ap_q_mode)5, (ap_o_mode)3, 0> > >(ap_fixed<16, 6, (ap_q_mode)5, (ap_o_mode)3, 0> const*, BDT::OpAdd<ap_fixed<16, 6, (ap_q_mode)5, (ap_o_mode)3, 0> >)' into 'ap_fixed<16, 6, (ap_q_mode)5, (ap_o_mode)3, 0> BDT::reduce<ap_fixed<16, 6, (ap_q_mode)5, (ap_o_mode)3, 0>, 200, BDT::OpAdd<ap_fixed<16, 6, (ap_q_mode)5, (ap_o_mode)3, 0> > >(ap_fixed<16, 6, (ap_q_mode)5, (ap_o_mode)3, 0> const*, BDT::OpAdd<ap_fixed<16, 6, (ap_q_mode)5, (ap_o_mode)3, 0> >)' (ppg_rf_hls/firmware/BDT.h:22:0)
INFO: [HLS 214-178] Inlining function 'BDT::OpAdd<ap_fixed<16, 6, (ap_q_mode)5, (ap_o_mode)3, 0> >::operator()(ap_fixed<16, 6, (ap_q_mode)5, (ap_o_mode)3, 0>, ap_fixed<16, 6, (ap_q_mode)5, (ap_o_mode)3, 0>) (.404.413)' into 'ap_fixed<16, 6, (ap_q_mode)5, (ap_o_mode)3, 0> BDT::reduce<ap_fixed<16, 6, (ap_q_mode)5, (ap_o_mode)3, 0>, 200, BDT::OpAdd<ap_fixed<16, 6, (ap_q_mode)5, (ap_o_mode)3, 0> > >(ap_fixed<16, 6, (ap_q_mode)5, (ap_o_mode)3, 0> const*, BDT::OpAdd<ap_fixed<16, 6, (ap_q_mode)5, (ap_o_mode)3, 0> >)' (ppg_rf_hls/firmware/BDT.h:22:0)
INFO: [HLS 214-178] Inlining function 'BDT::BDT<200, 2, ap_fixed<16, 6, (ap_q_mode)5, (ap_o_mode)3, 0> [15], ap_fixed<16, 6, (ap_q_mode)5, (ap_o_mode)3, 0>, ap_fixed<16, 6, (ap_q_mode)5, (ap_o_mode)3, 0> >::decision_function(ap_fixed<16, 6, (ap_q_mode)5, (ap_o_mode)3, 0>*, ap_fixed<16, 6, (ap_q_mode)5, (ap_o_mode)3, 0>*) const' into 'ppg_rf_infer(ap_fixed<16, 6, (ap_q_mode)5, (ap_o_mode)3, 0>, ap_fixed<16, 6, (ap_q_mode)5, (ap_o_mode)3, 0>, ap_fixed<16, 6, (ap_q_mode)5, (ap_o_mode)3, 0>, ap_fixed<16, 6, (ap_q_mode)5, (ap_o_mode)3, 0>, ap_fixed<16, 6, (ap_q_mode)5, (ap_o_mode)3, 0>, ap_fixed<16, 6, (ap_q_mode)5, (ap_o_mode)3, 0>, ap_fixed<16, 6, (ap_q_mode)5, (ap_o_mode)3, 0>, ap_fixed<16, 6, (ap_q_mode)5, (ap_o_mode)3, 0>, ap_fixed<16, 6, (ap_q_mode)5, (ap_o_mode)3, 0>, ap_fixed<16, 6, (ap_q_mode)5, (ap_o_mode)3, 0>, ap_fixed<16, 6, (ap_q_mode)5, (ap_o_mode)3, 0>, ap_fixed<16, 6, (ap_q_mode)5, (ap_o_mode)3, 0>, ap_fixed<16, 6, (ap_q_mode)5, (ap_o_mode)3, 0>, ap_fixed<16, 6, (ap_q_mode)5, (ap_o_mode)3, 0>, ap_fixed<16, 6, (ap_q_mode)5, (ap_o_mode)3, 0>, bool&)' (ppg_rf_hls/firmware/ppg_rf_project.cpp:11:0)
INFO: [HLS 214-248] Applying array_partition to '_ZL10tree_0_199.parent': Complete partitioning on dimension 1. (ppg_rf_hls/firmware/parameters.h:1618:0)
INFO: [HLS 214-248] Applying array_partition to '_ZL10tree_0_199.children_right': Complete partitioning on dimension 1. (ppg_rf_hls/firmware/parameters.h:1618:0)
INFO: [HLS 214-248] Applying array_partition to '_ZL10tree_0_199.children_left': Complete partitioning on dimension 1. (ppg_rf_hls/firmware/parameters.h:1618:0)
INFO: [HLS 214-248] Applying array_partition to '_ZL10tree_0_199.value': Complete partitioning on dimension 1. (ppg_rf_hls/firmware/parameters.h:1618:0)
INFO: [HLS 214-248] Applying array_partition to '_ZL10tree_0_199.threshold': Complete partitioning on dimension 1. (ppg_rf_hls/firmware/parameters.h:1618:0)
INFO: [HLS 214-248] Applying array_partition to '_ZL10tree_0_199.feature': Complete partitioning on dimension 1. (ppg_rf_hls/firmware/parameters.h:1618:0)
INFO: [HLS 214-248] Applying array_partition to '_ZL10tree_0_198.parent': Complete partitioning on dimension 1. (ppg_rf_hls/firmware/parameters.h:1610:0)
INFO: [HLS 214-248] Applying array_partition to '_ZL10tree_0_198.children_right': Complete partitioning on dimension 1. (ppg_rf_hls/firmware/parameters.h:1610:0)
INFO: [HLS 214-248] Applying array_partition to '_ZL10tree_0_198.children_left': Complete partitioning on dimension 1. (ppg_rf_hls/firmware/parameters.h:1610:0)
INFO: [HLS 214-248] Applying array_partition to '_ZL10tree_0_198.value': Complete partitioning on dimension 1. (ppg_rf_hls/firmware/parameters.h:1610:0)
INFO: [HLS 214-248] Applying array_partition to '_ZL10tree_0_198.threshold': Complete partitioning on dimension 1. (ppg_rf_hls/firmware/parameters.h:1610:0)
INFO: [HLS 214-248] Applying array_partition to '_ZL10tree_0_198.feature': Complete partitioning on dimension 1. (ppg_rf_hls/firmware/parameters.h:1610:0)
INFO: [HLS 214-248] Applying array_partition to '_ZL10tree_0_197.parent': Complete partitioning on dimension 1. (ppg_rf_hls/firmware/parameters.h:1602:0)
INFO: [HLS 214-248] Applying array_partition to '_ZL10tree_0_197.children_right': Complete partitioning on dimension 1. (ppg_rf_hls/firmware/parameters.h:1602:0)
INFO: [HLS 214-248] Applying array_partition to '_ZL10tree_0_197.children_left': Complete partitioning on dimension 1. (ppg_rf_hls/firmware/parameters.h:1602:0)
INFO: [HLS 214-248] Applying array_partition to '_ZL10tree_0_197.value': Complete partitioning on dimension 1. (ppg_rf_hls/firmware/parameters.h:1602:0)
INFO: [HLS 214-248] Applying array_partition to '_ZL10tree_0_197.threshold': Complete partitioning on dimension 1. (ppg_rf_hls/firmware/parameters.h:1602:0)
INFO: [HLS 214-248] Applying array_partition to '_ZL10tree_0_197.feature': Complete partitioning on dimension 1. (ppg_rf_hls/firmware/parameters.h:1602:0)
INFO: [HLS 214-248] Applying array_partition to '_ZL10tree_0_196.parent': Complete partitioning on dimension 1. (ppg_rf_hls/firmware/parameters.h:1594:0)
INFO: [HLS 214-248] Applying array_partition to '_ZL10tree_0_196.children_right': Complete partitioning on dimension 1. (ppg_rf_hls/firmware/parameters.h:1594:0)
INFO: [HLS 214-248] Applying array_partition to '_ZL10tree_0_196.children_left': Complete partitioning on dimension 1. (ppg_rf_hls/firmware/parameters.h:1594:0)
INFO: [HLS 214-248] Applying array_partition to '_ZL10tree_0_196.value': Complete partitioning on dimension 1. (ppg_rf_hls/firmware/parameters.h:1594:0)
INFO: [HLS 214-248] Applying array_partition to '_ZL10tree_0_196.threshold': Complete partitioning on dimension 1. (ppg_rf_hls/firmware/parameters.h:1594:0)
INFO: [HLS 214-248] Applying array_partition to '_ZL10tree_0_196.feature': Complete partitioning on dimension 1. (ppg_rf_hls/firmware/parameters.h:1594:0)
INFO: [HLS 214-248] Applying array_partition to '_ZL10tree_0_195.parent': Complete partitioning on dimension 1. (ppg_rf_hls/firmware/parameters.h:1586:0)
INFO: [HLS 214-248] Applying array_partition to '_ZL10tree_0_195.children_right': Complete partitioning on dimension 1. (ppg_rf_hls/firmware/parameters.h:1586:0)
INFO: [HLS 214-248] Applying array_partition to '_ZL10tree_0_195.children_left': Complete partitioning on dimension 1. (ppg_rf_hls/firmware/parameters.h:1586:0)
INFO: [HLS 214-248] Applying array_partition to '_ZL10tree_0_195.value': Complete partitioning on dimension 1. (ppg_rf_hls/firmware/parameters.h:1586:0)
INFO: [HLS 214-248] Applying array_partition to '_ZL10tree_0_195.threshold': Complete partitioning on dimension 1. (ppg_rf_hls/firmware/parameters.h:1586:0)
INFO: [HLS 214-248] Applying array_partition to '_ZL10tree_0_195.feature': Complete partitioning on dimension 1. (ppg_rf_hls/firmware/parameters.h:1586:0)
INFO: [HLS 214-248] Applying array_partition to '_ZL10tree_0_194.parent': Complete partitioning on dimension 1. (ppg_rf_hls/firmware/parameters.h:1578:0)
INFO: [HLS 214-248] Applying array_partition to '_ZL10tree_0_194.children_right': Complete partitioning on dimension 1. (ppg_rf_hls/firmware/parameters.h:1578:0)
INFO: [HLS 214-248] Applying array_partition to '_ZL10tree_0_194.children_left': Complete partitioning on dimension 1. (ppg_rf_hls/firmware/parameters.h:1578:0)
INFO: [HLS 214-248] Applying array_partition to '_ZL10tree_0_194.value': Complete partitioning on dimension 1. (ppg_rf_hls/firmware/parameters.h:1578:0)
INFO: [HLS 214-248] Applying array_partition to '_ZL10tree_0_194.threshold': Complete partitioning on dimension 1. (ppg_rf_hls/firmware/parameters.h:1578:0)
INFO: [HLS 214-248] Applying array_partition to '_ZL10tree_0_194.feature': Complete partitioning on dimension 1. (ppg_rf_hls/firmware/parameters.h:1578:0)
INFO: [HLS 214-248] Applying array_partition to '_ZL10tree_0_193.parent': Complete partitioning on dimension 1. (ppg_rf_hls/firmware/parameters.h:1570:0)
INFO: [HLS 214-248] Applying array_partition to '_ZL10tree_0_193.children_right': Complete partitioning on dimension 1. (ppg_rf_hls/firmware/parameters.h:1570:0)
INFO: [HLS 214-248] Applying array_partition to '_ZL10tree_0_193.children_left': Complete partitioning on dimension 1. (ppg_rf_hls/firmware/parameters.h:1570:0)
INFO: [HLS 214-248] Applying array_partition to '_ZL10tree_0_193.value': Complete partitioning on dimension 1. (ppg_rf_hls/firmware/parameters.h:1570:0)
INFO: [HLS 214-248] Applying array_partition to '_ZL10tree_0_193.threshold': Complete partitioning on dimension 1. (ppg_rf_hls/firmware/parameters.h:1570:0)
INFO: [HLS 214-248] Applying array_partition to '_ZL10tree_0_193.feature': Complete partitioning on dimension 1. (ppg_rf_hls/firmware/parameters.h:1570:0)
INFO: [HLS 214-248] Applying array_partition to '_ZL10tree_0_192.parent': Complete partitioning on dimension 1. (ppg_rf_hls/firmware/parameters.h:1562:0)
INFO: [HLS 214-248] Applying array_partition to '_ZL10tree_0_192.children_right': Complete partitioning on dimension 1. (ppg_rf_hls/firmware/parameters.h:1562:0)
INFO: [HLS 214-248] Applying array_partition to '_ZL10tree_0_192.children_left': Complete partitioning on dimension 1. (ppg_rf_hls/firmware/parameters.h:1562:0)
INFO: [HLS 214-248] Applying array_partition to '_ZL10tree_0_192.value': Complete partitioning on dimension 1. (ppg_rf_hls/firmware/parameters.h:1562:0)
INFO: [HLS 214-248] Applying array_partition to '_ZL10tree_0_192.threshold': Complete partitioning on dimension 1. (ppg_rf_hls/firmware/parameters.h:1562:0)
INFO: [HLS 214-248] Applying array_partition to '_ZL10tree_0_192.feature': Complete partitioning on dimension 1. (ppg_rf_hls/firmware/parameters.h:1562:0)
INFO: [HLS 214-248] Applying array_partition to '_ZL10tree_0_191.parent': Complete partitioning on dimension 1. (ppg_rf_hls/firmware/parameters.h:1554:0)
INFO: [HLS 214-248] Applying array_partition to '_ZL10tree_0_191.children_right': Complete partitioning on dimension 1. (ppg_rf_hls/firmware/parameters.h:1554:0)
INFO: [HLS 214-248] Applying array_partition to '_ZL10tree_0_191.children_left': Complete partitioning on dimension 1. (ppg_rf_hls/firmware/parameters.h:1554:0)
INFO: [HLS 214-248] Applying array_partition to '_ZL10tree_0_191.value': Complete partitioning on dimension 1. (ppg_rf_hls/firmware/parameters.h:1554:0)
INFO: [HLS 214-248] Applying array_partition to '_ZL10tree_0_191.threshold': Complete partitioning on dimension 1. (ppg_rf_hls/firmware/parameters.h:1554:0)
INFO: [HLS 214-248] Applying array_partition to '_ZL10tree_0_191.feature': Complete partitioning on dimension 1. (ppg_rf_hls/firmware/parameters.h:1554:0)
INFO: [HLS 214-248] Applying array_partition to '_ZL10tree_0_190.parent': Complete partitioning on dimension 1. (ppg_rf_hls/firmware/parameters.h:1546:0)
INFO: [HLS 214-248] Applying array_partition to '_ZL10tree_0_190.children_right': Complete partitioning on dimension 1. (ppg_rf_hls/firmware/parameters.h:1546:0)
INFO: [HLS 214-248] Applying array_partition to '_ZL10tree_0_190.children_left': Complete partitioning on dimension 1. (ppg_rf_hls/firmware/parameters.h:1546:0)
INFO: [HLS 214-248] Applying array_partition to '_ZL10tree_0_190.value': Complete partitioning on dimension 1. (ppg_rf_hls/firmware/parameters.h:1546:0)
INFO: [HLS 214-248] Applying array_partition to '_ZL10tree_0_190.threshold': Complete partitioning on dimension 1. (ppg_rf_hls/firmware/parameters.h:1546:0)
INFO: [HLS 214-248] Applying array_partition to '_ZL10tree_0_190.feature': Complete partitioning on dimension 1. (ppg_rf_hls/firmware/parameters.h:1546:0)
INFO: [HLS 214-248] Applying array_partition to '_ZL10tree_0_189.parent': Complete partitioning on dimension 1. (ppg_rf_hls/firmware/parameters.h:1538:0)
INFO: [HLS 214-248] Applying array_partition to '_ZL10tree_0_189.children_right': Complete partitioning on dimension 1. (ppg_rf_hls/firmware/parameters.h:1538:0)
INFO: [HLS 214-248] Applying array_partition to '_ZL10tree_0_189.children_left': Complete partitioning on dimension 1. (ppg_rf_hls/firmware/parameters.h:1538:0)
INFO: [HLS 214-248] Applying array_partition to '_ZL10tree_0_189.value': Complete partitioning on dimension 1. (ppg_rf_hls/firmware/parameters.h:1538:0)
INFO: [HLS 214-248] Applying array_partition to '_ZL10tree_0_189.threshold': Complete partitioning on dimension 1. (ppg_rf_hls/firmware/parameters.h:1538:0)
INFO: [HLS 214-248] Applying array_partition to '_ZL10tree_0_189.feature': Complete partitioning on dimension 1. (ppg_rf_hls/firmware/parameters.h:1538:0)
INFO: [HLS 214-248] Applying array_partition to '_ZL10tree_0_188.parent': Complete partitioning on dimension 1. (ppg_rf_hls/firmware/parameters.h:1530:0)
INFO: [HLS 214-248] Applying array_partition to '_ZL10tree_0_188.children_right': Complete partitioning on dimension 1. (ppg_rf_hls/firmware/parameters.h:1530:0)
INFO: [HLS 214-248] Applying array_partition to '_ZL10tree_0_188.children_left': Complete partitioning on dimension 1. (ppg_rf_hls/firmware/parameters.h:1530:0)
INFO: [HLS 214-248] Applying array_partition to '_ZL10tree_0_188.value': Complete partitioning on dimension 1. (ppg_rf_hls/firmware/parameters.h:1530:0)
INFO: [HLS 214-248] Applying array_partition to '_ZL10tree_0_188.threshold': Complete partitioning on dimension 1. (ppg_rf_hls/firmware/parameters.h:1530:0)
INFO: [HLS 214-248] Applying array_partition to '_ZL10tree_0_188.feature': Complete partitioning on dimension 1. (ppg_rf_hls/firmware/parameters.h:1530:0)
INFO: [HLS 214-248] Applying array_partition to '_ZL10tree_0_187.parent': Complete partitioning on dimension 1. (ppg_rf_hls/firmware/parameters.h:1522:0)
INFO: [HLS 214-248] Applying array_partition to '_ZL10tree_0_187.children_right': Complete partitioning on dimension 1. (ppg_rf_hls/firmware/parameters.h:1522:0)
INFO: [HLS 214-248] Applying array_partition to '_ZL10tree_0_187.children_left': Complete partitioning on dimension 1. (ppg_rf_hls/firmware/parameters.h:1522:0)
INFO: [HLS 214-248] Applying array_partition to '_ZL10tree_0_187.value': Complete partitioning on dimension 1. (ppg_rf_hls/firmware/parameters.h:1522:0)
INFO: [HLS 214-248] Applying array_partition to '_ZL10tree_0_187.threshold': Complete partitioning on dimension 1. (ppg_rf_hls/firmware/parameters.h:1522:0)
INFO: [HLS 214-248] Applying array_partition to '_ZL10tree_0_187.feature': Complete partitioning on dimension 1. (ppg_rf_hls/firmware/parameters.h:1522:0)
INFO: [HLS 214-248] Applying array_partition to '_ZL10tree_0_186.parent': Complete partitioning on dimension 1. (ppg_rf_hls/firmware/parameters.h:1514:0)
INFO: [HLS 214-248] Applying array_partition to '_ZL10tree_0_186.children_right': Complete partitioning on dimension 1. (ppg_rf_hls/firmware/parameters.h:1514:0)
INFO: [HLS 214-248] Applying array_partition to '_ZL10tree_0_186.children_left': Complete partitioning on dimension 1. (ppg_rf_hls/firmware/parameters.h:1514:0)
INFO: [HLS 214-248] Applying array_partition to '_ZL10tree_0_186.value': Complete partitioning on dimension 1. (ppg_rf_hls/firmware/parameters.h:1514:0)
INFO: [HLS 214-248] Applying array_partition to '_ZL10tree_0_186.threshold': Complete partitioning on dimension 1. (ppg_rf_hls/firmware/parameters.h:1514:0)
INFO: [HLS 214-248] Applying array_partition to '_ZL10tree_0_186.feature': Complete partitioning on dimension 1. (ppg_rf_hls/firmware/parameters.h:1514:0)
INFO: [HLS 214-248] Applying array_partition to '_ZL10tree_0_185.parent': Complete partitioning on dimension 1. (ppg_rf_hls/firmware/parameters.h:1506:0)
INFO: [HLS 214-248] Applying array_partition to '_ZL10tree_0_185.children_right': Complete partitioning on dimension 1. (ppg_rf_hls/firmware/parameters.h:1506:0)
INFO: [HLS 214-248] Applying array_partition to '_ZL10tree_0_185.children_left': Complete partitioning on dimension 1. (ppg_rf_hls/firmware/parameters.h:1506:0)
INFO: [HLS 214-248] Applying array_partition to '_ZL10tree_0_185.value': Complete partitioning on dimension 1. (ppg_rf_hls/firmware/parameters.h:1506:0)
INFO: [HLS 214-248] Applying array_partition to '_ZL10tree_0_185.threshold': Complete partitioning on dimension 1. (ppg_rf_hls/firmware/parameters.h:1506:0)
INFO: [HLS 214-248] Applying array_partition to '_ZL10tree_0_185.feature': Complete partitioning on dimension 1. (ppg_rf_hls/firmware/parameters.h:1506:0)
INFO: [HLS 214-248] Applying array_partition to '_ZL10tree_0_184.parent': Complete partitioning on dimension 1. (ppg_rf_hls/firmware/parameters.h:1498:0)
INFO: [HLS 214-248] Applying array_partition to '_ZL10tree_0_184.children_right': Complete partitioning on dimension 1. (ppg_rf_hls/firmware/parameters.h:1498:0)
INFO: [HLS 214-248] Applying array_partition to '_ZL10tree_0_184.children_left': Complete partitioning on dimension 1. (ppg_rf_hls/firmware/parameters.h:1498:0)
INFO: [HLS 214-248] Applying array_partition to '_ZL10tree_0_184.value': Complete partitioning on dimension 1. (ppg_rf_hls/firmware/parameters.h:1498:0)
INFO: [HLS 214-248] Applying array_partition to '_ZL10tree_0_184.threshold': Complete partitioning on dimension 1. (ppg_rf_hls/firmware/parameters.h:1498:0)
INFO: [HLS 214-248] Applying array_partition to '_ZL10tree_0_184.feature': Complete partitioning on dimension 1. (ppg_rf_hls/firmware/parameters.h:1498:0)
INFO: [HLS 214-248] Applying array_partition to '_ZL10tree_0_183.parent': Complete partitioning on dimension 1. (ppg_rf_hls/firmware/parameters.h:1490:0)
INFO: [HLS 214-248] Applying array_partition to '_ZL10tree_0_183.children_right': Complete partitioning on dimension 1. (ppg_rf_hls/firmware/parameters.h:1490:0)
INFO: [HLS 214-248] Applying array_partition to '_ZL10tree_0_183.children_left': Complete partitioning on dimension 1. (ppg_rf_hls/firmware/parameters.h:1490:0)
INFO: [HLS 214-248] Applying array_partition to '_ZL10tree_0_183.value': Complete partitioning on dimension 1. (ppg_rf_hls/firmware/parameters.h:1490:0)
INFO: [HLS 214-248] Applying array_partition to '_ZL10tree_0_183.threshold': Complete partitioning on dimension 1. (ppg_rf_hls/firmware/parameters.h:1490:0)
INFO: [HLS 214-248] Applying array_partition to '_ZL10tree_0_183.feature': Complete partitioning on dimension 1. (ppg_rf_hls/firmware/parameters.h:1490:0)
INFO: [HLS 214-248] Applying array_partition to '_ZL10tree_0_182.parent': Complete partitioning on dimension 1. (ppg_rf_hls/firmware/parameters.h:1482:0)
INFO: [HLS 214-248] Applying array_partition to '_ZL10tree_0_182.children_right': Complete partitioning on dimension 1. (ppg_rf_hls/firmware/parameters.h:1482:0)
INFO: [HLS 214-248] Applying array_partition to '_ZL10tree_0_182.children_left': Complete partitioning on dimension 1. (ppg_rf_hls/firmware/parameters.h:1482:0)
INFO: [HLS 214-248] Applying array_partition to '_ZL10tree_0_182.value': Complete partitioning on dimension 1. (ppg_rf_hls/firmware/parameters.h:1482:0)
INFO: [HLS 214-248] Applying array_partition to '_ZL10tree_0_182.threshold': Complete partitioning on dimension 1. (ppg_rf_hls/firmware/parameters.h:1482:0)
INFO: [HLS 214-248] Applying array_partition to '_ZL10tree_0_182.feature': Complete partitioning on dimension 1. (ppg_rf_hls/firmware/parameters.h:1482:0)
INFO: [HLS 214-248] Applying array_partition to '_ZL10tree_0_181.parent': Complete partitioning on dimension 1. (ppg_rf_hls/firmware/parameters.h:1474:0)
INFO: [HLS 214-248] Applying array_partition to '_ZL10tree_0_181.children_right': Complete partitioning on dimension 1. (ppg_rf_hls/firmware/parameters.h:1474:0)
INFO: [HLS 214-248] Applying array_partition to '_ZL10tree_0_181.children_left': Complete partitioning on dimension 1. (ppg_rf_hls/firmware/parameters.h:1474:0)
INFO: [HLS 214-248] Applying array_partition to '_ZL10tree_0_181.value': Complete partitioning on dimension 1. (ppg_rf_hls/firmware/parameters.h:1474:0)
INFO: [HLS 214-248] Applying array_partition to '_ZL10tree_0_181.threshold': Complete partitioning on dimension 1. (ppg_rf_hls/firmware/parameters.h:1474:0)
INFO: [HLS 214-248] Applying array_partition to '_ZL10tree_0_181.feature': Complete partitioning on dimension 1. (ppg_rf_hls/firmware/parameters.h:1474:0)
INFO: [HLS 214-248] Applying array_partition to '_ZL10tree_0_180.parent': Complete partitioning on dimension 1. (ppg_rf_hls/firmware/parameters.h:1466:0)
INFO: [HLS 214-248] Applying array_partition to '_ZL10tree_0_180.children_right': Complete partitioning on dimension 1. (ppg_rf_hls/firmware/parameters.h:1466:0)
INFO: [HLS 214-248] Applying array_partition to '_ZL10tree_0_180.children_left': Complete partitioning on dimension 1. (ppg_rf_hls/firmware/parameters.h:1466:0)
INFO: [HLS 214-248] Applying array_partition to '_ZL10tree_0_180.value': Complete partitioning on dimension 1. (ppg_rf_hls/firmware/parameters.h:1466:0)
INFO: [HLS 214-248] Applying array_partition to '_ZL10tree_0_180.threshold': Complete partitioning on dimension 1. (ppg_rf_hls/firmware/parameters.h:1466:0)
INFO: [HLS 214-248] Applying array_partition to '_ZL10tree_0_180.feature': Complete partitioning on dimension 1. (ppg_rf_hls/firmware/parameters.h:1466:0)
INFO: [HLS 214-248] Applying array_partition to '_ZL10tree_0_179.parent': Complete partitioning on dimension 1. (ppg_rf_hls/firmware/parameters.h:1458:0)
INFO: [HLS 214-248] Applying array_partition to '_ZL10tree_0_179.children_right': Complete partitioning on dimension 1. (ppg_rf_hls/firmware/parameters.h:1458:0)
INFO: [HLS 214-248] Applying array_partition to '_ZL10tree_0_179.children_left': Complete partitioning on dimension 1. (ppg_rf_hls/firmware/parameters.h:1458:0)
INFO: [HLS 214-248] Applying array_partition to '_ZL10tree_0_179.value': Complete partitioning on dimension 1. (ppg_rf_hls/firmware/parameters.h:1458:0)
INFO: [HLS 214-248] Applying array_partition to '_ZL10tree_0_179.threshold': Complete partitioning on dimension 1. (ppg_rf_hls/firmware/parameters.h:1458:0)
INFO: [HLS 214-248] Applying array_partition to '_ZL10tree_0_179.feature': Complete partitioning on dimension 1. (ppg_rf_hls/firmware/parameters.h:1458:0)
INFO: [HLS 214-248] Applying array_partition to '_ZL10tree_0_178.parent': Complete partitioning on dimension 1. (ppg_rf_hls/firmware/parameters.h:1450:0)
INFO: [HLS 214-248] Applying array_partition to '_ZL10tree_0_178.children_right': Complete partitioning on dimension 1. (ppg_rf_hls/firmware/parameters.h:1450:0)
INFO: [HLS 214-248] Applying array_partition to '_ZL10tree_0_178.children_left': Complete partitioning on dimension 1. (ppg_rf_hls/firmware/parameters.h:1450:0)
INFO: [HLS 214-248] Applying array_partition to '_ZL10tree_0_178.value': Complete partitioning on dimension 1. (ppg_rf_hls/firmware/parameters.h:1450:0)
INFO: [HLS 214-248] Applying array_partition to '_ZL10tree_0_178.threshold': Complete partitioning on dimension 1. (ppg_rf_hls/firmware/parameters.h:1450:0)
INFO: [HLS 214-248] Applying array_partition to '_ZL10tree_0_178.feature': Complete partitioning on dimension 1. (ppg_rf_hls/firmware/parameters.h:1450:0)
INFO: [HLS 214-248] Applying array_partition to '_ZL10tree_0_177.parent': Complete partitioning on dimension 1. (ppg_rf_hls/firmware/parameters.h:1442:0)
INFO: [HLS 214-248] Applying array_partition to '_ZL10tree_0_177.children_right': Complete partitioning on dimension 1. (ppg_rf_hls/firmware/parameters.h:1442:0)
INFO: [HLS 214-248] Applying array_partition to '_ZL10tree_0_177.children_left': Complete partitioning on dimension 1. (ppg_rf_hls/firmware/parameters.h:1442:0)
INFO: [HLS 214-248] Applying array_partition to '_ZL10tree_0_177.value': Complete partitioning on dimension 1. (ppg_rf_hls/firmware/parameters.h:1442:0)
INFO: [HLS 214-248] Applying array_partition to '_ZL10tree_0_177.threshold': Complete partitioning on dimension 1. (ppg_rf_hls/firmware/parameters.h:1442:0)
INFO: [HLS 214-248] Applying array_partition to '_ZL10tree_0_177.feature': Complete partitioning on dimension 1. (ppg_rf_hls/firmware/parameters.h:1442:0)
INFO: [HLS 214-248] Applying array_partition to '_ZL10tree_0_176.parent': Complete partitioning on dimension 1. (ppg_rf_hls/firmware/parameters.h:1434:0)
INFO: [HLS 214-248] Applying array_partition to '_ZL10tree_0_176.children_right': Complete partitioning on dimension 1. (ppg_rf_hls/firmware/parameters.h:1434:0)
INFO: [HLS 214-248] Applying array_partition to '_ZL10tree_0_176.children_left': Complete partitioning on dimension 1. (ppg_rf_hls/firmware/parameters.h:1434:0)
INFO: [HLS 214-248] Applying array_partition to '_ZL10tree_0_176.value': Complete partitioning on dimension 1. (ppg_rf_hls/firmware/parameters.h:1434:0)
INFO: [HLS 214-248] Applying array_partition to '_ZL10tree_0_176.threshold': Complete partitioning on dimension 1. (ppg_rf_hls/firmware/parameters.h:1434:0)
INFO: [HLS 214-248] Applying array_partition to '_ZL10tree_0_176.feature': Complete partitioning on dimension 1. (ppg_rf_hls/firmware/parameters.h:1434:0)
INFO: [HLS 214-248] Applying array_partition to '_ZL10tree_0_175.parent': Complete partitioning on dimension 1. (ppg_rf_hls/firmware/parameters.h:1426:0)
INFO: [HLS 214-248] Applying array_partition to '_ZL10tree_0_175.children_right': Complete partitioning on dimension 1. (ppg_rf_hls/firmware/parameters.h:1426:0)
INFO: [HLS 214-248] Applying array_partition to '_ZL10tree_0_175.children_left': Complete partitioning on dimension 1. (ppg_rf_hls/firmware/parameters.h:1426:0)
INFO: [HLS 214-248] Applying array_partition to '_ZL10tree_0_175.value': Complete partitioning on dimension 1. (ppg_rf_hls/firmware/parameters.h:1426:0)
INFO: [HLS 214-248] Applying array_partition to '_ZL10tree_0_175.threshold': Complete partitioning on dimension 1. (ppg_rf_hls/firmware/parameters.h:1426:0)
INFO: [HLS 214-248] Applying array_partition to '_ZL10tree_0_175.feature': Complete partitioning on dimension 1. (ppg_rf_hls/firmware/parameters.h:1426:0)
INFO: [HLS 214-248] Applying array_partition to '_ZL10tree_0_174.parent': Complete partitioning on dimension 1. (ppg_rf_hls/firmware/parameters.h:1418:0)
INFO: [HLS 214-248] Applying array_partition to '_ZL10tree_0_174.children_right': Complete partitioning on dimension 1. (ppg_rf_hls/firmware/parameters.h:1418:0)
INFO: [HLS 214-248] Applying array_partition to '_ZL10tree_0_174.children_left': Complete partitioning on dimension 1. (ppg_rf_hls/firmware/parameters.h:1418:0)
INFO: [HLS 214-248] Applying array_partition to '_ZL10tree_0_174.value': Complete partitioning on dimension 1. (ppg_rf_hls/firmware/parameters.h:1418:0)
INFO: [HLS 214-248] Applying array_partition to '_ZL10tree_0_174.threshold': Complete partitioning on dimension 1. (ppg_rf_hls/firmware/parameters.h:1418:0)
INFO: [HLS 214-248] Applying array_partition to '_ZL10tree_0_174.feature': Complete partitioning on dimension 1. (ppg_rf_hls/firmware/parameters.h:1418:0)
INFO: [HLS 214-248] Applying array_partition to '_ZL10tree_0_173.parent': Complete partitioning on dimension 1. (ppg_rf_hls/firmware/parameters.h:1410:0)
INFO: [HLS 214-248] Applying array_partition to '_ZL10tree_0_173.children_right': Complete partitioning on dimension 1. (ppg_rf_hls/firmware/parameters.h:1410:0)
INFO: [HLS 214-248] Applying array_partition to '_ZL10tree_0_173.children_left': Complete partitioning on dimension 1. (ppg_rf_hls/firmware/parameters.h:1410:0)
INFO: [HLS 214-248] Applying array_partition to '_ZL10tree_0_173.value': Complete partitioning on dimension 1. (ppg_rf_hls/firmware/parameters.h:1410:0)
INFO: [HLS 214-248] Applying array_partition to '_ZL10tree_0_173.threshold': Complete partitioning on dimension 1. (ppg_rf_hls/firmware/parameters.h:1410:0)
INFO: [HLS 214-248] Applying array_partition to '_ZL10tree_0_173.feature': Complete partitioning on dimension 1. (ppg_rf_hls/firmware/parameters.h:1410:0)
INFO: [HLS 214-248] Applying array_partition to '_ZL10tree_0_172.parent': Complete partitioning on dimension 1. (ppg_rf_hls/firmware/parameters.h:1402:0)
INFO: [HLS 214-248] Applying array_partition to '_ZL10tree_0_172.children_right': Complete partitioning on dimension 1. (ppg_rf_hls/firmware/parameters.h:1402:0)
INFO: [HLS 214-248] Applying array_partition to '_ZL10tree_0_172.children_left': Complete partitioning on dimension 1. (ppg_rf_hls/firmware/parameters.h:1402:0)
INFO: [HLS 214-248] Applying array_partition to '_ZL10tree_0_172.value': Complete partitioning on dimension 1. (ppg_rf_hls/firmware/parameters.h:1402:0)
INFO: [HLS 214-248] Applying array_partition to '_ZL10tree_0_172.threshold': Complete partitioning on dimension 1. (ppg_rf_hls/firmware/parameters.h:1402:0)
INFO: [HLS 214-248] Applying array_partition to '_ZL10tree_0_172.feature': Complete partitioning on dimension 1. (ppg_rf_hls/firmware/parameters.h:1402:0)
INFO: [HLS 214-248] Applying array_partition to '_ZL10tree_0_171.parent': Complete partitioning on dimension 1. (ppg_rf_hls/firmware/parameters.h:1394:0)
INFO: [HLS 214-248] Applying array_partition to '_ZL10tree_0_171.children_right': Complete partitioning on dimension 1. (ppg_rf_hls/firmware/parameters.h:1394:0)
INFO: [HLS 214-248] Applying array_partition to '_ZL10tree_0_171.children_left': Complete partitioning on dimension 1. (ppg_rf_hls/firmware/parameters.h:1394:0)
INFO: [HLS 214-248] Applying array_partition to '_ZL10tree_0_171.value': Complete partitioning on dimension 1. (ppg_rf_hls/firmware/parameters.h:1394:0)
INFO: [HLS 214-248] Applying array_partition to '_ZL10tree_0_171.threshold': Complete partitioning on dimension 1. (ppg_rf_hls/firmware/parameters.h:1394:0)
INFO: [HLS 214-248] Applying array_partition to '_ZL10tree_0_171.feature': Complete partitioning on dimension 1. (ppg_rf_hls/firmware/parameters.h:1394:0)
INFO: [HLS 214-248] Applying array_partition to '_ZL10tree_0_170.parent': Complete partitioning on dimension 1. (ppg_rf_hls/firmware/parameters.h:1386:0)
INFO: [HLS 214-248] Applying array_partition to '_ZL10tree_0_170.children_right': Complete partitioning on dimension 1. (ppg_rf_hls/firmware/parameters.h:1386:0)
INFO: [HLS 214-248] Applying array_partition to '_ZL10tree_0_170.children_left': Complete partitioning on dimension 1. (ppg_rf_hls/firmware/parameters.h:1386:0)
INFO: [HLS 214-248] Applying array_partition to '_ZL10tree_0_170.value': Complete partitioning on dimension 1. (ppg_rf_hls/firmware/parameters.h:1386:0)
INFO: [HLS 214-248] Applying array_partition to '_ZL10tree_0_170.threshold': Complete partitioning on dimension 1. (ppg_rf_hls/firmware/parameters.h:1386:0)
INFO: [HLS 214-248] Applying array_partition to '_ZL10tree_0_170.feature': Complete partitioning on dimension 1. (ppg_rf_hls/firmware/parameters.h:1386:0)
INFO: [HLS 214-248] Applying array_partition to '_ZL10tree_0_169.parent': Complete partitioning on dimension 1. (ppg_rf_hls/firmware/parameters.h:1378:0)
INFO: [HLS 214-248] Applying array_partition to '_ZL10tree_0_169.children_right': Complete partitioning on dimension 1. (ppg_rf_hls/firmware/parameters.h:1378:0)
INFO: [HLS 214-248] Applying array_partition to '_ZL10tree_0_169.children_left': Complete partitioning on dimension 1. (ppg_rf_hls/firmware/parameters.h:1378:0)
INFO: [HLS 214-248] Applying array_partition to '_ZL10tree_0_169.value': Complete partitioning on dimension 1. (ppg_rf_hls/firmware/parameters.h:1378:0)
INFO: [HLS 214-248] Applying array_partition to '_ZL10tree_0_169.threshold': Complete partitioning on dimension 1. (ppg_rf_hls/firmware/parameters.h:1378:0)
INFO: [HLS 214-248] Applying array_partition to '_ZL10tree_0_169.feature': Complete partitioning on dimension 1. (ppg_rf_hls/firmware/parameters.h:1378:0)
INFO: [HLS 214-248] Applying array_partition to '_ZL10tree_0_168.parent': Complete partitioning on dimension 1. (ppg_rf_hls/firmware/parameters.h:1370:0)
INFO: [HLS 214-248] Applying array_partition to '_ZL10tree_0_168.children_right': Complete partitioning on dimension 1. (ppg_rf_hls/firmware/parameters.h:1370:0)
INFO: [HLS 214-248] Applying array_partition to '_ZL10tree_0_168.children_left': Complete partitioning on dimension 1. (ppg_rf_hls/firmware/parameters.h:1370:0)
INFO: [HLS 214-248] Applying array_partition to '_ZL10tree_0_168.value': Complete partitioning on dimension 1. (ppg_rf_hls/firmware/parameters.h:1370:0)
INFO: [HLS 214-248] Applying array_partition to '_ZL10tree_0_168.threshold': Complete partitioning on dimension 1. (ppg_rf_hls/firmware/parameters.h:1370:0)
INFO: [HLS 214-248] Applying array_partition to '_ZL10tree_0_168.feature': Complete partitioning on dimension 1. (ppg_rf_hls/firmware/parameters.h:1370:0)
INFO: [HLS 214-248] Applying array_partition to '_ZL10tree_0_167.parent': Complete partitioning on dimension 1. (ppg_rf_hls/firmware/parameters.h:1362:0)
INFO: [HLS 214-248] Applying array_partition to '_ZL10tree_0_167.children_right': Complete partitioning on dimension 1. (ppg_rf_hls/firmware/parameters.h:1362:0)
INFO: [HLS 214-248] Applying array_partition to '_ZL10tree_0_167.children_left': Complete partitioning on dimension 1. (ppg_rf_hls/firmware/parameters.h:1362:0)
INFO: [HLS 214-248] Applying array_partition to '_ZL10tree_0_167.value': Complete partitioning on dimension 1. (ppg_rf_hls/firmware/parameters.h:1362:0)
INFO: [HLS 214-248] Applying array_partition to '_ZL10tree_0_167.threshold': Complete partitioning on dimension 1. (ppg_rf_hls/firmware/parameters.h:1362:0)
INFO: [HLS 214-248] Applying array_partition to '_ZL10tree_0_167.feature': Complete partitioning on dimension 1. (ppg_rf_hls/firmware/parameters.h:1362:0)
INFO: [HLS 214-248] Applying array_partition to '_ZL10tree_0_166.parent': Complete partitioning on dimension 1. (ppg_rf_hls/firmware/parameters.h:1354:0)
INFO: [HLS 214-248] Applying array_partition to '_ZL10tree_0_166.children_right': Complete partitioning on dimension 1. (ppg_rf_hls/firmware/parameters.h:1354:0)
INFO: [HLS 214-248] Applying array_partition to '_ZL10tree_0_166.children_left': Complete partitioning on dimension 1. (ppg_rf_hls/firmware/parameters.h:1354:0)
INFO: [HLS 214-248] Applying array_partition to '_ZL10tree_0_166.value': Complete partitioning on dimension 1. (ppg_rf_hls/firmware/parameters.h:1354:0)
INFO: [HLS 214-248] Applying array_partition to '_ZL10tree_0_166.threshold': Complete partitioning on dimension 1. (ppg_rf_hls/firmware/parameters.h:1354:0)
INFO: [HLS 214-248] Applying array_partition to '_ZL10tree_0_166.feature': Complete partitioning on dimension 1. (ppg_rf_hls/firmware/parameters.h:1354:0)
INFO: [HLS 214-248] Applying array_partition to '_ZL10tree_0_165.parent': Complete partitioning on dimension 1. (ppg_rf_hls/firmware/parameters.h:1346:0)
INFO: [HLS 214-248] Applying array_partition to '_ZL10tree_0_165.children_right': Complete partitioning on dimension 1. (ppg_rf_hls/firmware/parameters.h:1346:0)
INFO: [HLS 214-248] Applying array_partition to '_ZL10tree_0_165.children_left': Complete partitioning on dimension 1. (ppg_rf_hls/firmware/parameters.h:1346:0)
INFO: [HLS 214-248] Applying array_partition to '_ZL10tree_0_165.value': Complete partitioning on dimension 1. (ppg_rf_hls/firmware/parameters.h:1346:0)
INFO: [HLS 214-248] Applying array_partition to '_ZL10tree_0_165.threshold': Complete partitioning on dimension 1. (ppg_rf_hls/firmware/parameters.h:1346:0)
INFO: [HLS 214-248] Applying array_partition to '_ZL10tree_0_165.feature': Complete partitioning on dimension 1. (ppg_rf_hls/firmware/parameters.h:1346:0)
INFO: [HLS 214-248] Applying array_partition to '_ZL10tree_0_164.parent': Complete partitioning on dimension 1. (ppg_rf_hls/firmware/parameters.h:1338:0)
INFO: [HLS 214-248] Applying array_partition to '_ZL10tree_0_164.children_right': Complete partitioning on dimension 1. (ppg_rf_hls/firmware/parameters.h:1338:0)
INFO: [HLS 214-248] Applying array_partition to '_ZL10tree_0_164.children_left': Complete partitioning on dimension 1. (ppg_rf_hls/firmware/parameters.h:1338:0)
INFO: [HLS 214-248] Applying array_partition to '_ZL10tree_0_164.value': Complete partitioning on dimension 1. (ppg_rf_hls/firmware/parameters.h:1338:0)
INFO: [HLS 214-248] Applying array_partition to '_ZL10tree_0_164.threshold': Complete partitioning on dimension 1. (ppg_rf_hls/firmware/parameters.h:1338:0)
INFO: [HLS 214-248] Applying array_partition to '_ZL10tree_0_164.feature': Complete partitioning on dimension 1. (ppg_rf_hls/firmware/parameters.h:1338:0)
INFO: [HLS 214-248] Applying array_partition to '_ZL10tree_0_163.parent': Complete partitioning on dimension 1. (ppg_rf_hls/firmware/parameters.h:1330:0)
INFO: [HLS 214-248] Applying array_partition to '_ZL10tree_0_163.children_right': Complete partitioning on dimension 1. (ppg_rf_hls/firmware/parameters.h:1330:0)
INFO: [HLS 214-248] Applying array_partition to '_ZL10tree_0_163.children_left': Complete partitioning on dimension 1. (ppg_rf_hls/firmware/parameters.h:1330:0)
INFO: [HLS 214-248] Applying array_partition to '_ZL10tree_0_163.value': Complete partitioning on dimension 1. (ppg_rf_hls/firmware/parameters.h:1330:0)
INFO: [HLS 214-248] Applying array_partition to '_ZL10tree_0_163.threshold': Complete partitioning on dimension 1. (ppg_rf_hls/firmware/parameters.h:1330:0)
INFO: [HLS 214-248] Applying array_partition to '_ZL10tree_0_163.feature': Complete partitioning on dimension 1. (ppg_rf_hls/firmware/parameters.h:1330:0)
INFO: [HLS 214-248] Applying array_partition to '_ZL10tree_0_162.parent': Complete partitioning on dimension 1. (ppg_rf_hls/firmware/parameters.h:1322:0)
INFO: [HLS 214-248] Applying array_partition to '_ZL10tree_0_162.children_right': Complete partitioning on dimension 1. (ppg_rf_hls/firmware/parameters.h:1322:0)
INFO: [HLS 214-248] Applying array_partition to '_ZL10tree_0_162.children_left': Complete partitioning on dimension 1. (ppg_rf_hls/firmware/parameters.h:1322:0)
INFO: [HLS 214-248] Applying array_partition to '_ZL10tree_0_162.value': Complete partitioning on dimension 1. (ppg_rf_hls/firmware/parameters.h:1322:0)
INFO: [HLS 214-248] Applying array_partition to '_ZL10tree_0_162.threshold': Complete partitioning on dimension 1. (ppg_rf_hls/firmware/parameters.h:1322:0)
INFO: [HLS 214-248] Applying array_partition to '_ZL10tree_0_162.feature': Complete partitioning on dimension 1. (ppg_rf_hls/firmware/parameters.h:1322:0)
INFO: [HLS 214-248] Applying array_partition to '_ZL10tree_0_161.parent': Complete partitioning on dimension 1. (ppg_rf_hls/firmware/parameters.h:1314:0)
INFO: [HLS 214-248] Applying array_partition to '_ZL10tree_0_161.children_right': Complete partitioning on dimension 1. (ppg_rf_hls/firmware/parameters.h:1314:0)
INFO: [HLS 214-248] Applying array_partition to '_ZL10tree_0_161.children_left': Complete partitioning on dimension 1. (ppg_rf_hls/firmware/parameters.h:1314:0)
INFO: [HLS 214-248] Applying array_partition to '_ZL10tree_0_161.value': Complete partitioning on dimension 1. (ppg_rf_hls/firmware/parameters.h:1314:0)
INFO: [HLS 214-248] Applying array_partition to '_ZL10tree_0_161.threshold': Complete partitioning on dimension 1. (ppg_rf_hls/firmware/parameters.h:1314:0)
INFO: [HLS 214-248] Applying array_partition to '_ZL10tree_0_161.feature': Complete partitioning on dimension 1. (ppg_rf_hls/firmware/parameters.h:1314:0)
INFO: [HLS 214-248] Applying array_partition to '_ZL10tree_0_160.parent': Complete partitioning on dimension 1. (ppg_rf_hls/firmware/parameters.h:1306:0)
INFO: [HLS 214-248] Applying array_partition to '_ZL10tree_0_160.children_right': Complete partitioning on dimension 1. (ppg_rf_hls/firmware/parameters.h:1306:0)
INFO: [HLS 214-248] Applying array_partition to '_ZL10tree_0_160.children_left': Complete partitioning on dimension 1. (ppg_rf_hls/firmware/parameters.h:1306:0)
INFO: [HLS 214-248] Applying array_partition to '_ZL10tree_0_160.value': Complete partitioning on dimension 1. (ppg_rf_hls/firmware/parameters.h:1306:0)
INFO: [HLS 214-248] Applying array_partition to '_ZL10tree_0_160.threshold': Complete partitioning on dimension 1. (ppg_rf_hls/firmware/parameters.h:1306:0)
INFO: [HLS 214-248] Applying array_partition to '_ZL10tree_0_160.feature': Complete partitioning on dimension 1. (ppg_rf_hls/firmware/parameters.h:1306:0)
INFO: [HLS 214-248] Applying array_partition to '_ZL10tree_0_159.parent': Complete partitioning on dimension 1. (ppg_rf_hls/firmware/parameters.h:1298:0)
INFO: [HLS 214-248] Applying array_partition to '_ZL10tree_0_159.children_right': Complete partitioning on dimension 1. (ppg_rf_hls/firmware/parameters.h:1298:0)
INFO: [HLS 214-248] Applying array_partition to '_ZL10tree_0_159.children_left': Complete partitioning on dimension 1. (ppg_rf_hls/firmware/parameters.h:1298:0)
INFO: [HLS 214-248] Applying array_partition to '_ZL10tree_0_159.value': Complete partitioning on dimension 1. (ppg_rf_hls/firmware/parameters.h:1298:0)
INFO: [HLS 214-248] Applying array_partition to '_ZL10tree_0_159.threshold': Complete partitioning on dimension 1. (ppg_rf_hls/firmware/parameters.h:1298:0)
INFO: [HLS 214-248] Applying array_partition to '_ZL10tree_0_159.feature': Complete partitioning on dimension 1. (ppg_rf_hls/firmware/parameters.h:1298:0)
INFO: [HLS 214-248] Applying array_partition to '_ZL10tree_0_158.parent': Complete partitioning on dimension 1. (ppg_rf_hls/firmware/parameters.h:1290:0)
INFO: [HLS 214-248] Applying array_partition to '_ZL10tree_0_158.children_right': Complete partitioning on dimension 1. (ppg_rf_hls/firmware/parameters.h:1290:0)
INFO: [HLS 214-248] Applying array_partition to '_ZL10tree_0_158.children_left': Complete partitioning on dimension 1. (ppg_rf_hls/firmware/parameters.h:1290:0)
INFO: [HLS 214-248] Applying array_partition to '_ZL10tree_0_158.value': Complete partitioning on dimension 1. (ppg_rf_hls/firmware/parameters.h:1290:0)
INFO: [HLS 214-248] Applying array_partition to '_ZL10tree_0_158.threshold': Complete partitioning on dimension 1. (ppg_rf_hls/firmware/parameters.h:1290:0)
INFO: [HLS 214-248] Applying array_partition to '_ZL10tree_0_158.feature': Complete partitioning on dimension 1. (ppg_rf_hls/firmware/parameters.h:1290:0)
INFO: [HLS 214-248] Applying array_partition to '_ZL10tree_0_157.parent': Complete partitioning on dimension 1. (ppg_rf_hls/firmware/parameters.h:1282:0)
INFO: [HLS 214-248] Applying array_partition to '_ZL10tree_0_157.children_right': Complete partitioning on dimension 1. (ppg_rf_hls/firmware/parameters.h:1282:0)
INFO: [HLS 214-248] Applying array_partition to '_ZL10tree_0_157.children_left': Complete partitioning on dimension 1. (ppg_rf_hls/firmware/parameters.h:1282:0)
INFO: [HLS 214-248] Applying array_partition to '_ZL10tree_0_157.value': Complete partitioning on dimension 1. (ppg_rf_hls/firmware/parameters.h:1282:0)
INFO: [HLS 214-248] Applying array_partition to '_ZL10tree_0_157.threshold': Complete partitioning on dimension 1. (ppg_rf_hls/firmware/parameters.h:1282:0)
INFO: [HLS 214-248] Applying array_partition to '_ZL10tree_0_157.feature': Complete partitioning on dimension 1. (ppg_rf_hls/firmware/parameters.h:1282:0)
INFO: [HLS 214-248] Applying array_partition to '_ZL10tree_0_156.parent': Complete partitioning on dimension 1. (ppg_rf_hls/firmware/parameters.h:1274:0)
INFO: [HLS 214-248] Applying array_partition to '_ZL10tree_0_156.children_right': Complete partitioning on dimension 1. (ppg_rf_hls/firmware/parameters.h:1274:0)
INFO: [HLS 214-248] Applying array_partition to '_ZL10tree_0_156.children_left': Complete partitioning on dimension 1. (ppg_rf_hls/firmware/parameters.h:1274:0)
INFO: [HLS 214-248] Applying array_partition to '_ZL10tree_0_156.value': Complete partitioning on dimension 1. (ppg_rf_hls/firmware/parameters.h:1274:0)
INFO: [HLS 214-248] Applying array_partition to '_ZL10tree_0_156.threshold': Complete partitioning on dimension 1. (ppg_rf_hls/firmware/parameters.h:1274:0)
INFO: [HLS 214-248] Applying array_partition to '_ZL10tree_0_156.feature': Complete partitioning on dimension 1. (ppg_rf_hls/firmware/parameters.h:1274:0)
INFO: [HLS 214-248] Applying array_partition to '_ZL10tree_0_155.parent': Complete partitioning on dimension 1. (ppg_rf_hls/firmware/parameters.h:1266:0)
INFO: [HLS 214-248] Applying array_partition to '_ZL10tree_0_155.children_right': Complete partitioning on dimension 1. (ppg_rf_hls/firmware/parameters.h:1266:0)
INFO: [HLS 214-248] Applying array_partition to '_ZL10tree_0_155.children_left': Complete partitioning on dimension 1. (ppg_rf_hls/firmware/parameters.h:1266:0)
INFO: [HLS 214-248] Applying array_partition to '_ZL10tree_0_155.value': Complete partitioning on dimension 1. (ppg_rf_hls/firmware/parameters.h:1266:0)
INFO: [HLS 214-248] Applying array_partition to '_ZL10tree_0_155.threshold': Complete partitioning on dimension 1. (ppg_rf_hls/firmware/parameters.h:1266:0)
INFO: [HLS 214-248] Applying array_partition to '_ZL10tree_0_155.feature': Complete partitioning on dimension 1. (ppg_rf_hls/firmware/parameters.h:1266:0)
INFO: [HLS 214-248] Applying array_partition to '_ZL10tree_0_154.parent': Complete partitioning on dimension 1. (ppg_rf_hls/firmware/parameters.h:1258:0)
INFO: [HLS 214-248] Applying array_partition to '_ZL10tree_0_154.children_right': Complete partitioning on dimension 1. (ppg_rf_hls/firmware/parameters.h:1258:0)
INFO: [HLS 214-248] Applying array_partition to '_ZL10tree_0_154.children_left': Complete partitioning on dimension 1. (ppg_rf_hls/firmware/parameters.h:1258:0)
INFO: [HLS 214-248] Applying array_partition to '_ZL10tree_0_154.value': Complete partitioning on dimension 1. (ppg_rf_hls/firmware/parameters.h:1258:0)
INFO: [HLS 214-248] Applying array_partition to '_ZL10tree_0_154.threshold': Complete partitioning on dimension 1. (ppg_rf_hls/firmware/parameters.h:1258:0)
INFO: [HLS 214-248] Applying array_partition to '_ZL10tree_0_154.feature': Complete partitioning on dimension 1. (ppg_rf_hls/firmware/parameters.h:1258:0)
INFO: [HLS 214-248] Applying array_partition to '_ZL10tree_0_153.parent': Complete partitioning on dimension 1. (ppg_rf_hls/firmware/parameters.h:1250:0)
INFO: [HLS 214-248] Applying array_partition to '_ZL10tree_0_153.children_right': Complete partitioning on dimension 1. (ppg_rf_hls/firmware/parameters.h:1250:0)
INFO: [HLS 214-248] Applying array_partition to '_ZL10tree_0_153.children_left': Complete partitioning on dimension 1. (ppg_rf_hls/firmware/parameters.h:1250:0)
INFO: [HLS 214-248] Applying array_partition to '_ZL10tree_0_153.value': Complete partitioning on dimension 1. (ppg_rf_hls/firmware/parameters.h:1250:0)
INFO: [HLS 214-248] Applying array_partition to '_ZL10tree_0_153.threshold': Complete partitioning on dimension 1. (ppg_rf_hls/firmware/parameters.h:1250:0)
INFO: [HLS 214-248] Applying array_partition to '_ZL10tree_0_153.feature': Complete partitioning on dimension 1. (ppg_rf_hls/firmware/parameters.h:1250:0)
INFO: [HLS 214-248] Applying array_partition to '_ZL10tree_0_152.parent': Complete partitioning on dimension 1. (ppg_rf_hls/firmware/parameters.h:1242:0)
INFO: [HLS 214-248] Applying array_partition to '_ZL10tree_0_152.children_right': Complete partitioning on dimension 1. (ppg_rf_hls/firmware/parameters.h:1242:0)
INFO: [HLS 214-248] Applying array_partition to '_ZL10tree_0_152.children_left': Complete partitioning on dimension 1. (ppg_rf_hls/firmware/parameters.h:1242:0)
INFO: [HLS 214-248] Applying array_partition to '_ZL10tree_0_152.value': Complete partitioning on dimension 1. (ppg_rf_hls/firmware/parameters.h:1242:0)
INFO: [HLS 214-248] Applying array_partition to '_ZL10tree_0_152.threshold': Complete partitioning on dimension 1. (ppg_rf_hls/firmware/parameters.h:1242:0)
INFO: [HLS 214-248] Applying array_partition to '_ZL10tree_0_152.feature': Complete partitioning on dimension 1. (ppg_rf_hls/firmware/parameters.h:1242:0)
INFO: [HLS 214-248] Applying array_partition to '_ZL10tree_0_151.parent': Complete partitioning on dimension 1. (ppg_rf_hls/firmware/parameters.h:1234:0)
INFO: [HLS 214-248] Applying array_partition to '_ZL10tree_0_151.children_right': Complete partitioning on dimension 1. (ppg_rf_hls/firmware/parameters.h:1234:0)
INFO: [HLS 214-248] Applying array_partition to '_ZL10tree_0_151.children_left': Complete partitioning on dimension 1. (ppg_rf_hls/firmware/parameters.h:1234:0)
INFO: [HLS 214-248] Applying array_partition to '_ZL10tree_0_151.value': Complete partitioning on dimension 1. (ppg_rf_hls/firmware/parameters.h:1234:0)
INFO: [HLS 214-248] Applying array_partition to '_ZL10tree_0_151.threshold': Complete partitioning on dimension 1. (ppg_rf_hls/firmware/parameters.h:1234:0)
INFO: [HLS 214-248] Applying array_partition to '_ZL10tree_0_151.feature': Complete partitioning on dimension 1. (ppg_rf_hls/firmware/parameters.h:1234:0)
INFO: [HLS 214-248] Applying array_partition to '_ZL10tree_0_150.parent': Complete partitioning on dimension 1. (ppg_rf_hls/firmware/parameters.h:1226:0)
INFO: [HLS 214-248] Applying array_partition to '_ZL10tree_0_150.children_right': Complete partitioning on dimension 1. (ppg_rf_hls/firmware/parameters.h:1226:0)
INFO: [HLS 214-248] Applying array_partition to '_ZL10tree_0_150.children_left': Complete partitioning on dimension 1. (ppg_rf_hls/firmware/parameters.h:1226:0)
INFO: [HLS 214-248] Applying array_partition to '_ZL10tree_0_150.value': Complete partitioning on dimension 1. (ppg_rf_hls/firmware/parameters.h:1226:0)
INFO: [HLS 214-248] Applying array_partition to '_ZL10tree_0_150.threshold': Complete partitioning on dimension 1. (ppg_rf_hls/firmware/parameters.h:1226:0)
INFO: [HLS 214-248] Applying array_partition to '_ZL10tree_0_150.feature': Complete partitioning on dimension 1. (ppg_rf_hls/firmware/parameters.h:1226:0)
INFO: [HLS 214-248] Applying array_partition to '_ZL10tree_0_149.parent': Complete partitioning on dimension 1. (ppg_rf_hls/firmware/parameters.h:1218:0)
INFO: [HLS 214-248] Applying array_partition to '_ZL10tree_0_149.children_right': Complete partitioning on dimension 1. (ppg_rf_hls/firmware/parameters.h:1218:0)
INFO: [HLS 214-248] Applying array_partition to '_ZL10tree_0_149.children_left': Complete partitioning on dimension 1. (ppg_rf_hls/firmware/parameters.h:1218:0)
INFO: [HLS 214-248] Applying array_partition to '_ZL10tree_0_149.value': Complete partitioning on dimension 1. (ppg_rf_hls/firmware/parameters.h:1218:0)
INFO: [HLS 214-248] Applying array_partition to '_ZL10tree_0_149.threshold': Complete partitioning on dimension 1. (ppg_rf_hls/firmware/parameters.h:1218:0)
INFO: [HLS 214-248] Applying array_partition to '_ZL10tree_0_149.feature': Complete partitioning on dimension 1. (ppg_rf_hls/firmware/parameters.h:1218:0)
INFO: [HLS 214-248] Applying array_partition to '_ZL10tree_0_148.parent': Complete partitioning on dimension 1. (ppg_rf_hls/firmware/parameters.h:1210:0)
INFO: [HLS 214-248] Applying array_partition to '_ZL10tree_0_148.children_right': Complete partitioning on dimension 1. (ppg_rf_hls/firmware/parameters.h:1210:0)
INFO: [HLS 214-248] Applying array_partition to '_ZL10tree_0_148.children_left': Complete partitioning on dimension 1. (ppg_rf_hls/firmware/parameters.h:1210:0)
INFO: [HLS 214-248] Applying array_partition to '_ZL10tree_0_148.value': Complete partitioning on dimension 1. (ppg_rf_hls/firmware/parameters.h:1210:0)
INFO: [HLS 214-248] Applying array_partition to '_ZL10tree_0_148.threshold': Complete partitioning on dimension 1. (ppg_rf_hls/firmware/parameters.h:1210:0)
INFO: [HLS 214-248] Applying array_partition to '_ZL10tree_0_148.feature': Complete partitioning on dimension 1. (ppg_rf_hls/firmware/parameters.h:1210:0)
INFO: [HLS 214-248] Applying array_partition to '_ZL10tree_0_147.parent': Complete partitioning on dimension 1. (ppg_rf_hls/firmware/parameters.h:1202:0)
INFO: [HLS 214-248] Applying array_partition to '_ZL10tree_0_147.children_right': Complete partitioning on dimension 1. (ppg_rf_hls/firmware/parameters.h:1202:0)
INFO: [HLS 214-248] Applying array_partition to '_ZL10tree_0_147.children_left': Complete partitioning on dimension 1. (ppg_rf_hls/firmware/parameters.h:1202:0)
INFO: [HLS 214-248] Applying array_partition to '_ZL10tree_0_147.value': Complete partitioning on dimension 1. (ppg_rf_hls/firmware/parameters.h:1202:0)
INFO: [HLS 214-248] Applying array_partition to '_ZL10tree_0_147.threshold': Complete partitioning on dimension 1. (ppg_rf_hls/firmware/parameters.h:1202:0)
INFO: [HLS 214-248] Applying array_partition to '_ZL10tree_0_147.feature': Complete partitioning on dimension 1. (ppg_rf_hls/firmware/parameters.h:1202:0)
INFO: [HLS 214-248] Applying array_partition to '_ZL10tree_0_146.parent': Complete partitioning on dimension 1. (ppg_rf_hls/firmware/parameters.h:1194:0)
INFO: [HLS 214-248] Applying array_partition to '_ZL10tree_0_146.children_right': Complete partitioning on dimension 1. (ppg_rf_hls/firmware/parameters.h:1194:0)
INFO: [HLS 214-248] Applying array_partition to '_ZL10tree_0_146.children_left': Complete partitioning on dimension 1. (ppg_rf_hls/firmware/parameters.h:1194:0)
INFO: [HLS 214-248] Applying array_partition to '_ZL10tree_0_146.value': Complete partitioning on dimension 1. (ppg_rf_hls/firmware/parameters.h:1194:0)
INFO: [HLS 214-248] Applying array_partition to '_ZL10tree_0_146.threshold': Complete partitioning on dimension 1. (ppg_rf_hls/firmware/parameters.h:1194:0)
INFO: [HLS 214-248] Applying array_partition to '_ZL10tree_0_146.feature': Complete partitioning on dimension 1. (ppg_rf_hls/firmware/parameters.h:1194:0)
INFO: [HLS 214-248] Applying array_partition to '_ZL10tree_0_145.parent': Complete partitioning on dimension 1. (ppg_rf_hls/firmware/parameters.h:1186:0)
INFO: [HLS 214-248] Applying array_partition to '_ZL10tree_0_145.children_right': Complete partitioning on dimension 1. (ppg_rf_hls/firmware/parameters.h:1186:0)
INFO: [HLS 214-248] Applying array_partition to '_ZL10tree_0_145.children_left': Complete partitioning on dimension 1. (ppg_rf_hls/firmware/parameters.h:1186:0)
INFO: [HLS 214-248] Applying array_partition to '_ZL10tree_0_145.value': Complete partitioning on dimension 1. (ppg_rf_hls/firmware/parameters.h:1186:0)
INFO: [HLS 214-248] Applying array_partition to '_ZL10tree_0_145.threshold': Complete partitioning on dimension 1. (ppg_rf_hls/firmware/parameters.h:1186:0)
INFO: [HLS 214-248] Applying array_partition to '_ZL10tree_0_145.feature': Complete partitioning on dimension 1. (ppg_rf_hls/firmware/parameters.h:1186:0)
INFO: [HLS 214-248] Applying array_partition to '_ZL10tree_0_144.parent': Complete partitioning on dimension 1. (ppg_rf_hls/firmware/parameters.h:1178:0)
INFO: [HLS 214-248] Applying array_partition to '_ZL10tree_0_144.children_right': Complete partitioning on dimension 1. (ppg_rf_hls/firmware/parameters.h:1178:0)
INFO: [HLS 214-248] Applying array_partition to '_ZL10tree_0_144.children_left': Complete partitioning on dimension 1. (ppg_rf_hls/firmware/parameters.h:1178:0)
INFO: [HLS 214-248] Applying array_partition to '_ZL10tree_0_144.value': Complete partitioning on dimension 1. (ppg_rf_hls/firmware/parameters.h:1178:0)
INFO: [HLS 214-248] Applying array_partition to '_ZL10tree_0_144.threshold': Complete partitioning on dimension 1. (ppg_rf_hls/firmware/parameters.h:1178:0)
INFO: [HLS 214-248] Applying array_partition to '_ZL10tree_0_144.feature': Complete partitioning on dimension 1. (ppg_rf_hls/firmware/parameters.h:1178:0)
INFO: [HLS 214-248] Applying array_partition to '_ZL10tree_0_143.parent': Complete partitioning on dimension 1. (ppg_rf_hls/firmware/parameters.h:1170:0)
INFO: [HLS 214-248] Applying array_partition to '_ZL10tree_0_143.children_right': Complete partitioning on dimension 1. (ppg_rf_hls/firmware/parameters.h:1170:0)
INFO: [HLS 214-248] Applying array_partition to '_ZL10tree_0_143.children_left': Complete partitioning on dimension 1. (ppg_rf_hls/firmware/parameters.h:1170:0)
INFO: [HLS 214-248] Applying array_partition to '_ZL10tree_0_143.value': Complete partitioning on dimension 1. (ppg_rf_hls/firmware/parameters.h:1170:0)
INFO: [HLS 214-248] Applying array_partition to '_ZL10tree_0_143.threshold': Complete partitioning on dimension 1. (ppg_rf_hls/firmware/parameters.h:1170:0)
INFO: [HLS 214-248] Applying array_partition to '_ZL10tree_0_143.feature': Complete partitioning on dimension 1. (ppg_rf_hls/firmware/parameters.h:1170:0)
INFO: [HLS 214-248] Applying array_partition to '_ZL10tree_0_142.parent': Complete partitioning on dimension 1. (ppg_rf_hls/firmware/parameters.h:1162:0)
INFO: [HLS 214-248] Applying array_partition to '_ZL10tree_0_142.children_right': Complete partitioning on dimension 1. (ppg_rf_hls/firmware/parameters.h:1162:0)
INFO: [HLS 214-248] Applying array_partition to '_ZL10tree_0_142.children_left': Complete partitioning on dimension 1. (ppg_rf_hls/firmware/parameters.h:1162:0)
INFO: [HLS 214-248] Applying array_partition to '_ZL10tree_0_142.value': Complete partitioning on dimension 1. (ppg_rf_hls/firmware/parameters.h:1162:0)
INFO: [HLS 214-248] Applying array_partition to '_ZL10tree_0_142.threshold': Complete partitioning on dimension 1. (ppg_rf_hls/firmware/parameters.h:1162:0)
INFO: [HLS 214-248] Applying array_partition to '_ZL10tree_0_142.feature': Complete partitioning on dimension 1. (ppg_rf_hls/firmware/parameters.h:1162:0)
INFO: [HLS 214-248] Applying array_partition to '_ZL10tree_0_141.parent': Complete partitioning on dimension 1. (ppg_rf_hls/firmware/parameters.h:1154:0)
INFO: [HLS 214-248] Applying array_partition to '_ZL10tree_0_141.children_right': Complete partitioning on dimension 1. (ppg_rf_hls/firmware/parameters.h:1154:0)
INFO: [HLS 214-248] Applying array_partition to '_ZL10tree_0_141.children_left': Complete partitioning on dimension 1. (ppg_rf_hls/firmware/parameters.h:1154:0)
INFO: [HLS 214-248] Applying array_partition to '_ZL10tree_0_141.value': Complete partitioning on dimension 1. (ppg_rf_hls/firmware/parameters.h:1154:0)
INFO: [HLS 214-248] Applying array_partition to '_ZL10tree_0_141.threshold': Complete partitioning on dimension 1. (ppg_rf_hls/firmware/parameters.h:1154:0)
INFO: [HLS 214-248] Applying array_partition to '_ZL10tree_0_141.feature': Complete partitioning on dimension 1. (ppg_rf_hls/firmware/parameters.h:1154:0)
INFO: [HLS 214-248] Applying array_partition to '_ZL10tree_0_140.parent': Complete partitioning on dimension 1. (ppg_rf_hls/firmware/parameters.h:1146:0)
INFO: [HLS 214-248] Applying array_partition to '_ZL10tree_0_140.children_right': Complete partitioning on dimension 1. (ppg_rf_hls/firmware/parameters.h:1146:0)
INFO: [HLS 214-248] Applying array_partition to '_ZL10tree_0_140.children_left': Complete partitioning on dimension 1. (ppg_rf_hls/firmware/parameters.h:1146:0)
INFO: [HLS 214-248] Applying array_partition to '_ZL10tree_0_140.value': Complete partitioning on dimension 1. (ppg_rf_hls/firmware/parameters.h:1146:0)
INFO: [HLS 214-248] Applying array_partition to '_ZL10tree_0_140.threshold': Complete partitioning on dimension 1. (ppg_rf_hls/firmware/parameters.h:1146:0)
INFO: [HLS 214-248] Applying array_partition to '_ZL10tree_0_140.feature': Complete partitioning on dimension 1. (ppg_rf_hls/firmware/parameters.h:1146:0)
INFO: [HLS 214-248] Applying array_partition to '_ZL10tree_0_139.parent': Complete partitioning on dimension 1. (ppg_rf_hls/firmware/parameters.h:1138:0)
INFO: [HLS 214-248] Applying array_partition to '_ZL10tree_0_139.children_right': Complete partitioning on dimension 1. (ppg_rf_hls/firmware/parameters.h:1138:0)
INFO: [HLS 214-248] Applying array_partition to '_ZL10tree_0_139.children_left': Complete partitioning on dimension 1. (ppg_rf_hls/firmware/parameters.h:1138:0)
INFO: [HLS 214-248] Applying array_partition to '_ZL10tree_0_139.value': Complete partitioning on dimension 1. (ppg_rf_hls/firmware/parameters.h:1138:0)
INFO: [HLS 214-248] Applying array_partition to '_ZL10tree_0_139.threshold': Complete partitioning on dimension 1. (ppg_rf_hls/firmware/parameters.h:1138:0)
INFO: [HLS 214-248] Applying array_partition to '_ZL10tree_0_139.feature': Complete partitioning on dimension 1. (ppg_rf_hls/firmware/parameters.h:1138:0)
INFO: [HLS 214-248] Applying array_partition to '_ZL10tree_0_138.parent': Complete partitioning on dimension 1. (ppg_rf_hls/firmware/parameters.h:1130:0)
INFO: [HLS 214-248] Applying array_partition to '_ZL10tree_0_138.children_right': Complete partitioning on dimension 1. (ppg_rf_hls/firmware/parameters.h:1130:0)
INFO: [HLS 214-248] Applying array_partition to '_ZL10tree_0_138.children_left': Complete partitioning on dimension 1. (ppg_rf_hls/firmware/parameters.h:1130:0)
INFO: [HLS 214-248] Applying array_partition to '_ZL10tree_0_138.value': Complete partitioning on dimension 1. (ppg_rf_hls/firmware/parameters.h:1130:0)
INFO: [HLS 214-248] Applying array_partition to '_ZL10tree_0_138.threshold': Complete partitioning on dimension 1. (ppg_rf_hls/firmware/parameters.h:1130:0)
INFO: [HLS 214-248] Applying array_partition to '_ZL10tree_0_138.feature': Complete partitioning on dimension 1. (ppg_rf_hls/firmware/parameters.h:1130:0)
INFO: [HLS 214-248] Applying array_partition to '_ZL10tree_0_137.parent': Complete partitioning on dimension 1. (ppg_rf_hls/firmware/parameters.h:1122:0)
INFO: [HLS 214-248] Applying array_partition to '_ZL10tree_0_137.children_right': Complete partitioning on dimension 1. (ppg_rf_hls/firmware/parameters.h:1122:0)
INFO: [HLS 214-248] Applying array_partition to '_ZL10tree_0_137.children_left': Complete partitioning on dimension 1. (ppg_rf_hls/firmware/parameters.h:1122:0)
INFO: [HLS 214-248] Applying array_partition to '_ZL10tree_0_137.value': Complete partitioning on dimension 1. (ppg_rf_hls/firmware/parameters.h:1122:0)
INFO: [HLS 214-248] Applying array_partition to '_ZL10tree_0_137.threshold': Complete partitioning on dimension 1. (ppg_rf_hls/firmware/parameters.h:1122:0)
INFO: [HLS 214-248] Applying array_partition to '_ZL10tree_0_137.feature': Complete partitioning on dimension 1. (ppg_rf_hls/firmware/parameters.h:1122:0)
INFO: [HLS 214-248] Applying array_partition to '_ZL10tree_0_136.parent': Complete partitioning on dimension 1. (ppg_rf_hls/firmware/parameters.h:1114:0)
INFO: [HLS 214-248] Applying array_partition to '_ZL10tree_0_136.children_right': Complete partitioning on dimension 1. (ppg_rf_hls/firmware/parameters.h:1114:0)
INFO: [HLS 214-248] Applying array_partition to '_ZL10tree_0_136.children_left': Complete partitioning on dimension 1. (ppg_rf_hls/firmware/parameters.h:1114:0)
INFO: [HLS 214-248] Applying array_partition to '_ZL10tree_0_136.value': Complete partitioning on dimension 1. (ppg_rf_hls/firmware/parameters.h:1114:0)
INFO: [HLS 214-248] Applying array_partition to '_ZL10tree_0_136.threshold': Complete partitioning on dimension 1. (ppg_rf_hls/firmware/parameters.h:1114:0)
INFO: [HLS 214-248] Applying array_partition to '_ZL10tree_0_136.feature': Complete partitioning on dimension 1. (ppg_rf_hls/firmware/parameters.h:1114:0)
INFO: [HLS 214-248] Applying array_partition to '_ZL10tree_0_135.parent': Complete partitioning on dimension 1. (ppg_rf_hls/firmware/parameters.h:1106:0)
INFO: [HLS 214-248] Applying array_partition to '_ZL10tree_0_135.children_right': Complete partitioning on dimension 1. (ppg_rf_hls/firmware/parameters.h:1106:0)
INFO: [HLS 214-248] Applying array_partition to '_ZL10tree_0_135.children_left': Complete partitioning on dimension 1. (ppg_rf_hls/firmware/parameters.h:1106:0)
INFO: [HLS 214-248] Applying array_partition to '_ZL10tree_0_135.value': Complete partitioning on dimension 1. (ppg_rf_hls/firmware/parameters.h:1106:0)
INFO: [HLS 214-248] Applying array_partition to '_ZL10tree_0_135.threshold': Complete partitioning on dimension 1. (ppg_rf_hls/firmware/parameters.h:1106:0)
INFO: [HLS 214-248] Applying array_partition to '_ZL10tree_0_135.feature': Complete partitioning on dimension 1. (ppg_rf_hls/firmware/parameters.h:1106:0)
INFO: [HLS 214-248] Applying array_partition to '_ZL10tree_0_134.parent': Complete partitioning on dimension 1. (ppg_rf_hls/firmware/parameters.h:1098:0)
INFO: [HLS 214-248] Applying array_partition to '_ZL10tree_0_134.children_right': Complete partitioning on dimension 1. (ppg_rf_hls/firmware/parameters.h:1098:0)
INFO: [HLS 214-248] Applying array_partition to '_ZL10tree_0_134.children_left': Complete partitioning on dimension 1. (ppg_rf_hls/firmware/parameters.h:1098:0)
INFO: [HLS 214-248] Applying array_partition to '_ZL10tree_0_134.value': Complete partitioning on dimension 1. (ppg_rf_hls/firmware/parameters.h:1098:0)
INFO: [HLS 214-248] Applying array_partition to '_ZL10tree_0_134.threshold': Complete partitioning on dimension 1. (ppg_rf_hls/firmware/parameters.h:1098:0)
INFO: [HLS 214-248] Applying array_partition to '_ZL10tree_0_134.feature': Complete partitioning on dimension 1. (ppg_rf_hls/firmware/parameters.h:1098:0)
INFO: [HLS 214-248] Applying array_partition to '_ZL10tree_0_133.parent': Complete partitioning on dimension 1. (ppg_rf_hls/firmware/parameters.h:1090:0)
INFO: [HLS 214-248] Applying array_partition to '_ZL10tree_0_133.children_right': Complete partitioning on dimension 1. (ppg_rf_hls/firmware/parameters.h:1090:0)
INFO: [HLS 214-248] Applying array_partition to '_ZL10tree_0_133.children_left': Complete partitioning on dimension 1. (ppg_rf_hls/firmware/parameters.h:1090:0)
INFO: [HLS 214-248] Applying array_partition to '_ZL10tree_0_133.value': Complete partitioning on dimension 1. (ppg_rf_hls/firmware/parameters.h:1090:0)
INFO: [HLS 214-248] Applying array_partition to '_ZL10tree_0_133.threshold': Complete partitioning on dimension 1. (ppg_rf_hls/firmware/parameters.h:1090:0)
INFO: [HLS 214-248] Applying array_partition to '_ZL10tree_0_133.feature': Complete partitioning on dimension 1. (ppg_rf_hls/firmware/parameters.h:1090:0)
INFO: [HLS 214-248] Applying array_partition to '_ZL10tree_0_132.parent': Complete partitioning on dimension 1. (ppg_rf_hls/firmware/parameters.h:1082:0)
INFO: [HLS 214-248] Applying array_partition to '_ZL10tree_0_132.children_right': Complete partitioning on dimension 1. (ppg_rf_hls/firmware/parameters.h:1082:0)
INFO: [HLS 214-248] Applying array_partition to '_ZL10tree_0_132.children_left': Complete partitioning on dimension 1. (ppg_rf_hls/firmware/parameters.h:1082:0)
INFO: [HLS 214-248] Applying array_partition to '_ZL10tree_0_132.value': Complete partitioning on dimension 1. (ppg_rf_hls/firmware/parameters.h:1082:0)
INFO: [HLS 214-248] Applying array_partition to '_ZL10tree_0_132.threshold': Complete partitioning on dimension 1. (ppg_rf_hls/firmware/parameters.h:1082:0)
INFO: [HLS 214-248] Applying array_partition to '_ZL10tree_0_132.feature': Complete partitioning on dimension 1. (ppg_rf_hls/firmware/parameters.h:1082:0)
INFO: [HLS 214-248] Applying array_partition to '_ZL10tree_0_131.parent': Complete partitioning on dimension 1. (ppg_rf_hls/firmware/parameters.h:1074:0)
INFO: [HLS 214-248] Applying array_partition to '_ZL10tree_0_131.children_right': Complete partitioning on dimension 1. (ppg_rf_hls/firmware/parameters.h:1074:0)
INFO: [HLS 214-248] Applying array_partition to '_ZL10tree_0_131.children_left': Complete partitioning on dimension 1. (ppg_rf_hls/firmware/parameters.h:1074:0)
INFO: [HLS 214-248] Applying array_partition to '_ZL10tree_0_131.value': Complete partitioning on dimension 1. (ppg_rf_hls/firmware/parameters.h:1074:0)
INFO: [HLS 214-248] Applying array_partition to '_ZL10tree_0_131.threshold': Complete partitioning on dimension 1. (ppg_rf_hls/firmware/parameters.h:1074:0)
INFO: [HLS 214-248] Applying array_partition to '_ZL10tree_0_131.feature': Complete partitioning on dimension 1. (ppg_rf_hls/firmware/parameters.h:1074:0)
INFO: [HLS 214-248] Applying array_partition to '_ZL10tree_0_130.parent': Complete partitioning on dimension 1. (ppg_rf_hls/firmware/parameters.h:1066:0)
INFO: [HLS 214-248] Applying array_partition to '_ZL10tree_0_130.children_right': Complete partitioning on dimension 1. (ppg_rf_hls/firmware/parameters.h:1066:0)
INFO: [HLS 214-248] Applying array_partition to '_ZL10tree_0_130.children_left': Complete partitioning on dimension 1. (ppg_rf_hls/firmware/parameters.h:1066:0)
INFO: [HLS 214-248] Applying array_partition to '_ZL10tree_0_130.value': Complete partitioning on dimension 1. (ppg_rf_hls/firmware/parameters.h:1066:0)
INFO: [HLS 214-248] Applying array_partition to '_ZL10tree_0_130.threshold': Complete partitioning on dimension 1. (ppg_rf_hls/firmware/parameters.h:1066:0)
INFO: [HLS 214-248] Applying array_partition to '_ZL10tree_0_130.feature': Complete partitioning on dimension 1. (ppg_rf_hls/firmware/parameters.h:1066:0)
INFO: [HLS 214-248] Applying array_partition to '_ZL10tree_0_129.parent': Complete partitioning on dimension 1. (ppg_rf_hls/firmware/parameters.h:1058:0)
INFO: [HLS 214-248] Applying array_partition to '_ZL10tree_0_129.children_right': Complete partitioning on dimension 1. (ppg_rf_hls/firmware/parameters.h:1058:0)
INFO: [HLS 214-248] Applying array_partition to '_ZL10tree_0_129.children_left': Complete partitioning on dimension 1. (ppg_rf_hls/firmware/parameters.h:1058:0)
INFO: [HLS 214-248] Applying array_partition to '_ZL10tree_0_129.value': Complete partitioning on dimension 1. (ppg_rf_hls/firmware/parameters.h:1058:0)
INFO: [HLS 214-248] Applying array_partition to '_ZL10tree_0_129.threshold': Complete partitioning on dimension 1. (ppg_rf_hls/firmware/parameters.h:1058:0)
INFO: [HLS 214-248] Applying array_partition to '_ZL10tree_0_129.feature': Complete partitioning on dimension 1. (ppg_rf_hls/firmware/parameters.h:1058:0)
INFO: [HLS 214-248] Applying array_partition to '_ZL10tree_0_128.parent': Complete partitioning on dimension 1. (ppg_rf_hls/firmware/parameters.h:1050:0)
INFO: [HLS 214-248] Applying array_partition to '_ZL10tree_0_128.children_right': Complete partitioning on dimension 1. (ppg_rf_hls/firmware/parameters.h:1050:0)
INFO: [HLS 214-248] Applying array_partition to '_ZL10tree_0_128.children_left': Complete partitioning on dimension 1. (ppg_rf_hls/firmware/parameters.h:1050:0)
INFO: [HLS 214-248] Applying array_partition to '_ZL10tree_0_128.value': Complete partitioning on dimension 1. (ppg_rf_hls/firmware/parameters.h:1050:0)
INFO: [HLS 214-248] Applying array_partition to '_ZL10tree_0_128.threshold': Complete partitioning on dimension 1. (ppg_rf_hls/firmware/parameters.h:1050:0)
INFO: [HLS 214-248] Applying array_partition to '_ZL10tree_0_128.feature': Complete partitioning on dimension 1. (ppg_rf_hls/firmware/parameters.h:1050:0)
INFO: [HLS 214-248] Applying array_partition to '_ZL10tree_0_127.parent': Complete partitioning on dimension 1. (ppg_rf_hls/firmware/parameters.h:1042:0)
INFO: [HLS 214-248] Applying array_partition to '_ZL10tree_0_127.children_right': Complete partitioning on dimension 1. (ppg_rf_hls/firmware/parameters.h:1042:0)
INFO: [HLS 214-248] Applying array_partition to '_ZL10tree_0_127.children_left': Complete partitioning on dimension 1. (ppg_rf_hls/firmware/parameters.h:1042:0)
INFO: [HLS 214-248] Applying array_partition to '_ZL10tree_0_127.value': Complete partitioning on dimension 1. (ppg_rf_hls/firmware/parameters.h:1042:0)
INFO: [HLS 214-248] Applying array_partition to '_ZL10tree_0_127.threshold': Complete partitioning on dimension 1. (ppg_rf_hls/firmware/parameters.h:1042:0)
INFO: [HLS 214-248] Applying array_partition to '_ZL10tree_0_127.feature': Complete partitioning on dimension 1. (ppg_rf_hls/firmware/parameters.h:1042:0)
INFO: [HLS 214-248] Applying array_partition to '_ZL10tree_0_126.parent': Complete partitioning on dimension 1. (ppg_rf_hls/firmware/parameters.h:1034:0)
INFO: [HLS 214-248] Applying array_partition to '_ZL10tree_0_126.children_right': Complete partitioning on dimension 1. (ppg_rf_hls/firmware/parameters.h:1034:0)
INFO: [HLS 214-248] Applying array_partition to '_ZL10tree_0_126.children_left': Complete partitioning on dimension 1. (ppg_rf_hls/firmware/parameters.h:1034:0)
INFO: [HLS 214-248] Applying array_partition to '_ZL10tree_0_126.value': Complete partitioning on dimension 1. (ppg_rf_hls/firmware/parameters.h:1034:0)
INFO: [HLS 214-248] Applying array_partition to '_ZL10tree_0_126.threshold': Complete partitioning on dimension 1. (ppg_rf_hls/firmware/parameters.h:1034:0)
INFO: [HLS 214-248] Applying array_partition to '_ZL10tree_0_126.feature': Complete partitioning on dimension 1. (ppg_rf_hls/firmware/parameters.h:1034:0)
INFO: [HLS 214-248] Applying array_partition to '_ZL10tree_0_125.parent': Complete partitioning on dimension 1. (ppg_rf_hls/firmware/parameters.h:1026:0)
INFO: [HLS 214-248] Applying array_partition to '_ZL10tree_0_125.children_right': Complete partitioning on dimension 1. (ppg_rf_hls/firmware/parameters.h:1026:0)
INFO: [HLS 214-248] Applying array_partition to '_ZL10tree_0_125.children_left': Complete partitioning on dimension 1. (ppg_rf_hls/firmware/parameters.h:1026:0)
INFO: [HLS 214-248] Applying array_partition to '_ZL10tree_0_125.value': Complete partitioning on dimension 1. (ppg_rf_hls/firmware/parameters.h:1026:0)
INFO: [HLS 214-248] Applying array_partition to '_ZL10tree_0_125.threshold': Complete partitioning on dimension 1. (ppg_rf_hls/firmware/parameters.h:1026:0)
INFO: [HLS 214-248] Applying array_partition to '_ZL10tree_0_125.feature': Complete partitioning on dimension 1. (ppg_rf_hls/firmware/parameters.h:1026:0)
INFO: [HLS 214-248] Applying array_partition to '_ZL10tree_0_124.parent': Complete partitioning on dimension 1. (ppg_rf_hls/firmware/parameters.h:1018:0)
INFO: [HLS 214-248] Applying array_partition to '_ZL10tree_0_124.children_right': Complete partitioning on dimension 1. (ppg_rf_hls/firmware/parameters.h:1018:0)
INFO: [HLS 214-248] Applying array_partition to '_ZL10tree_0_124.children_left': Complete partitioning on dimension 1. (ppg_rf_hls/firmware/parameters.h:1018:0)
INFO: [HLS 214-248] Applying array_partition to '_ZL10tree_0_124.value': Complete partitioning on dimension 1. (ppg_rf_hls/firmware/parameters.h:1018:0)
INFO: [HLS 214-248] Applying array_partition to '_ZL10tree_0_124.threshold': Complete partitioning on dimension 1. (ppg_rf_hls/firmware/parameters.h:1018:0)
INFO: [HLS 214-248] Applying array_partition to '_ZL10tree_0_124.feature': Complete partitioning on dimension 1. (ppg_rf_hls/firmware/parameters.h:1018:0)
INFO: [HLS 214-248] Applying array_partition to '_ZL10tree_0_123.parent': Complete partitioning on dimension 1. (ppg_rf_hls/firmware/parameters.h:1010:0)
INFO: [HLS 214-248] Applying array_partition to '_ZL10tree_0_123.children_right': Complete partitioning on dimension 1. (ppg_rf_hls/firmware/parameters.h:1010:0)
INFO: [HLS 214-248] Applying array_partition to '_ZL10tree_0_123.children_left': Complete partitioning on dimension 1. (ppg_rf_hls/firmware/parameters.h:1010:0)
INFO: [HLS 214-248] Applying array_partition to '_ZL10tree_0_123.value': Complete partitioning on dimension 1. (ppg_rf_hls/firmware/parameters.h:1010:0)
INFO: [HLS 214-248] Applying array_partition to '_ZL10tree_0_123.threshold': Complete partitioning on dimension 1. (ppg_rf_hls/firmware/parameters.h:1010:0)
INFO: [HLS 214-248] Applying array_partition to '_ZL10tree_0_123.feature': Complete partitioning on dimension 1. (ppg_rf_hls/firmware/parameters.h:1010:0)
INFO: [HLS 214-248] Applying array_partition to '_ZL10tree_0_122.parent': Complete partitioning on dimension 1. (ppg_rf_hls/firmware/parameters.h:1002:0)
INFO: [HLS 214-248] Applying array_partition to '_ZL10tree_0_122.children_right': Complete partitioning on dimension 1. (ppg_rf_hls/firmware/parameters.h:1002:0)
INFO: [HLS 214-248] Applying array_partition to '_ZL10tree_0_122.children_left': Complete partitioning on dimension 1. (ppg_rf_hls/firmware/parameters.h:1002:0)
INFO: [HLS 214-248] Applying array_partition to '_ZL10tree_0_122.value': Complete partitioning on dimension 1. (ppg_rf_hls/firmware/parameters.h:1002:0)
INFO: [HLS 214-248] Applying array_partition to '_ZL10tree_0_122.threshold': Complete partitioning on dimension 1. (ppg_rf_hls/firmware/parameters.h:1002:0)
INFO: [HLS 214-248] Applying array_partition to '_ZL10tree_0_122.feature': Complete partitioning on dimension 1. (ppg_rf_hls/firmware/parameters.h:1002:0)
INFO: [HLS 214-248] Applying array_partition to '_ZL10tree_0_121.parent': Complete partitioning on dimension 1. (ppg_rf_hls/firmware/parameters.h:994:0)
INFO: [HLS 214-248] Applying array_partition to '_ZL10tree_0_121.children_right': Complete partitioning on dimension 1. (ppg_rf_hls/firmware/parameters.h:994:0)
INFO: [HLS 214-248] Applying array_partition to '_ZL10tree_0_121.children_left': Complete partitioning on dimension 1. (ppg_rf_hls/firmware/parameters.h:994:0)
INFO: [HLS 214-248] Applying array_partition to '_ZL10tree_0_121.value': Complete partitioning on dimension 1. (ppg_rf_hls/firmware/parameters.h:994:0)
INFO: [HLS 214-248] Applying array_partition to '_ZL10tree_0_121.threshold': Complete partitioning on dimension 1. (ppg_rf_hls/firmware/parameters.h:994:0)
INFO: [HLS 214-248] Applying array_partition to '_ZL10tree_0_121.feature': Complete partitioning on dimension 1. (ppg_rf_hls/firmware/parameters.h:994:0)
INFO: [HLS 214-248] Applying array_partition to '_ZL10tree_0_120.parent': Complete partitioning on dimension 1. (ppg_rf_hls/firmware/parameters.h:986:0)
INFO: [HLS 214-248] Applying array_partition to '_ZL10tree_0_120.children_right': Complete partitioning on dimension 1. (ppg_rf_hls/firmware/parameters.h:986:0)
INFO: [HLS 214-248] Applying array_partition to '_ZL10tree_0_120.children_left': Complete partitioning on dimension 1. (ppg_rf_hls/firmware/parameters.h:986:0)
INFO: [HLS 214-248] Applying array_partition to '_ZL10tree_0_120.value': Complete partitioning on dimension 1. (ppg_rf_hls/firmware/parameters.h:986:0)
INFO: [HLS 214-248] Applying array_partition to '_ZL10tree_0_120.threshold': Complete partitioning on dimension 1. (ppg_rf_hls/firmware/parameters.h:986:0)
INFO: [HLS 214-248] Applying array_partition to '_ZL10tree_0_120.feature': Complete partitioning on dimension 1. (ppg_rf_hls/firmware/parameters.h:986:0)
INFO: [HLS 214-248] Applying array_partition to '_ZL10tree_0_119.parent': Complete partitioning on dimension 1. (ppg_rf_hls/firmware/parameters.h:978:0)
INFO: [HLS 214-248] Applying array_partition to '_ZL10tree_0_119.children_right': Complete partitioning on dimension 1. (ppg_rf_hls/firmware/parameters.h:978:0)
INFO: [HLS 214-248] Applying array_partition to '_ZL10tree_0_119.children_left': Complete partitioning on dimension 1. (ppg_rf_hls/firmware/parameters.h:978:0)
INFO: [HLS 214-248] Applying array_partition to '_ZL10tree_0_119.value': Complete partitioning on dimension 1. (ppg_rf_hls/firmware/parameters.h:978:0)
INFO: [HLS 214-248] Applying array_partition to '_ZL10tree_0_119.threshold': Complete partitioning on dimension 1. (ppg_rf_hls/firmware/parameters.h:978:0)
INFO: [HLS 214-248] Applying array_partition to '_ZL10tree_0_119.feature': Complete partitioning on dimension 1. (ppg_rf_hls/firmware/parameters.h:978:0)
INFO: [HLS 214-248] Applying array_partition to '_ZL10tree_0_118.parent': Complete partitioning on dimension 1. (ppg_rf_hls/firmware/parameters.h:970:0)
INFO: [HLS 214-248] Applying array_partition to '_ZL10tree_0_118.children_right': Complete partitioning on dimension 1. (ppg_rf_hls/firmware/parameters.h:970:0)
INFO: [HLS 214-248] Applying array_partition to '_ZL10tree_0_118.children_left': Complete partitioning on dimension 1. (ppg_rf_hls/firmware/parameters.h:970:0)
INFO: [HLS 214-248] Applying array_partition to '_ZL10tree_0_118.value': Complete partitioning on dimension 1. (ppg_rf_hls/firmware/parameters.h:970:0)
INFO: [HLS 214-248] Applying array_partition to '_ZL10tree_0_118.threshold': Complete partitioning on dimension 1. (ppg_rf_hls/firmware/parameters.h:970:0)
INFO: [HLS 214-248] Applying array_partition to '_ZL10tree_0_118.feature': Complete partitioning on dimension 1. (ppg_rf_hls/firmware/parameters.h:970:0)
INFO: [HLS 214-248] Applying array_partition to '_ZL10tree_0_117.parent': Complete partitioning on dimension 1. (ppg_rf_hls/firmware/parameters.h:962:0)
INFO: [HLS 214-248] Applying array_partition to '_ZL10tree_0_117.children_right': Complete partitioning on dimension 1. (ppg_rf_hls/firmware/parameters.h:962:0)
INFO: [HLS 214-248] Applying array_partition to '_ZL10tree_0_117.children_left': Complete partitioning on dimension 1. (ppg_rf_hls/firmware/parameters.h:962:0)
INFO: [HLS 214-248] Applying array_partition to '_ZL10tree_0_117.value': Complete partitioning on dimension 1. (ppg_rf_hls/firmware/parameters.h:962:0)
INFO: [HLS 214-248] Applying array_partition to '_ZL10tree_0_117.threshold': Complete partitioning on dimension 1. (ppg_rf_hls/firmware/parameters.h:962:0)
INFO: [HLS 214-248] Applying array_partition to '_ZL10tree_0_117.feature': Complete partitioning on dimension 1. (ppg_rf_hls/firmware/parameters.h:962:0)
INFO: [HLS 214-248] Applying array_partition to '_ZL10tree_0_116.parent': Complete partitioning on dimension 1. (ppg_rf_hls/firmware/parameters.h:954:0)
INFO: [HLS 214-248] Applying array_partition to '_ZL10tree_0_116.children_right': Complete partitioning on dimension 1. (ppg_rf_hls/firmware/parameters.h:954:0)
INFO: [HLS 214-248] Applying array_partition to '_ZL10tree_0_116.children_left': Complete partitioning on dimension 1. (ppg_rf_hls/firmware/parameters.h:954:0)
INFO: [HLS 214-248] Applying array_partition to '_ZL10tree_0_116.value': Complete partitioning on dimension 1. (ppg_rf_hls/firmware/parameters.h:954:0)
INFO: [HLS 214-248] Applying array_partition to '_ZL10tree_0_116.threshold': Complete partitioning on dimension 1. (ppg_rf_hls/firmware/parameters.h:954:0)
INFO: [HLS 214-248] Applying array_partition to '_ZL10tree_0_116.feature': Complete partitioning on dimension 1. (ppg_rf_hls/firmware/parameters.h:954:0)
INFO: [HLS 214-248] Applying array_partition to '_ZL10tree_0_115.parent': Complete partitioning on dimension 1. (ppg_rf_hls/firmware/parameters.h:946:0)
INFO: [HLS 214-248] Applying array_partition to '_ZL10tree_0_115.children_right': Complete partitioning on dimension 1. (ppg_rf_hls/firmware/parameters.h:946:0)
INFO: [HLS 214-248] Applying array_partition to '_ZL10tree_0_115.children_left': Complete partitioning on dimension 1. (ppg_rf_hls/firmware/parameters.h:946:0)
INFO: [HLS 214-248] Applying array_partition to '_ZL10tree_0_115.value': Complete partitioning on dimension 1. (ppg_rf_hls/firmware/parameters.h:946:0)
INFO: [HLS 214-248] Applying array_partition to '_ZL10tree_0_115.threshold': Complete partitioning on dimension 1. (ppg_rf_hls/firmware/parameters.h:946:0)
INFO: [HLS 214-248] Applying array_partition to '_ZL10tree_0_115.feature': Complete partitioning on dimension 1. (ppg_rf_hls/firmware/parameters.h:946:0)
INFO: [HLS 214-248] Applying array_partition to '_ZL10tree_0_114.parent': Complete partitioning on dimension 1. (ppg_rf_hls/firmware/parameters.h:938:0)
INFO: [HLS 214-248] Applying array_partition to '_ZL10tree_0_114.children_right': Complete partitioning on dimension 1. (ppg_rf_hls/firmware/parameters.h:938:0)
INFO: [HLS 214-248] Applying array_partition to '_ZL10tree_0_114.children_left': Complete partitioning on dimension 1. (ppg_rf_hls/firmware/parameters.h:938:0)
INFO: [HLS 214-248] Applying array_partition to '_ZL10tree_0_114.value': Complete partitioning on dimension 1. (ppg_rf_hls/firmware/parameters.h:938:0)
INFO: [HLS 214-248] Applying array_partition to '_ZL10tree_0_114.threshold': Complete partitioning on dimension 1. (ppg_rf_hls/firmware/parameters.h:938:0)
INFO: [HLS 214-248] Applying array_partition to '_ZL10tree_0_114.feature': Complete partitioning on dimension 1. (ppg_rf_hls/firmware/parameters.h:938:0)
INFO: [HLS 214-248] Applying array_partition to '_ZL10tree_0_113.parent': Complete partitioning on dimension 1. (ppg_rf_hls/firmware/parameters.h:930:0)
INFO: [HLS 214-248] Applying array_partition to '_ZL10tree_0_113.children_right': Complete partitioning on dimension 1. (ppg_rf_hls/firmware/parameters.h:930:0)
INFO: [HLS 214-248] Applying array_partition to '_ZL10tree_0_113.children_left': Complete partitioning on dimension 1. (ppg_rf_hls/firmware/parameters.h:930:0)
INFO: [HLS 214-248] Applying array_partition to '_ZL10tree_0_113.value': Complete partitioning on dimension 1. (ppg_rf_hls/firmware/parameters.h:930:0)
INFO: [HLS 214-248] Applying array_partition to '_ZL10tree_0_113.threshold': Complete partitioning on dimension 1. (ppg_rf_hls/firmware/parameters.h:930:0)
INFO: [HLS 214-248] Applying array_partition to '_ZL10tree_0_113.feature': Complete partitioning on dimension 1. (ppg_rf_hls/firmware/parameters.h:930:0)
INFO: [HLS 214-248] Applying array_partition to '_ZL10tree_0_112.parent': Complete partitioning on dimension 1. (ppg_rf_hls/firmware/parameters.h:922:0)
INFO: [HLS 214-248] Applying array_partition to '_ZL10tree_0_112.children_right': Complete partitioning on dimension 1. (ppg_rf_hls/firmware/parameters.h:922:0)
INFO: [HLS 214-248] Applying array_partition to '_ZL10tree_0_112.children_left': Complete partitioning on dimension 1. (ppg_rf_hls/firmware/parameters.h:922:0)
INFO: [HLS 214-248] Applying array_partition to '_ZL10tree_0_112.value': Complete partitioning on dimension 1. (ppg_rf_hls/firmware/parameters.h:922:0)
INFO: [HLS 214-248] Applying array_partition to '_ZL10tree_0_112.threshold': Complete partitioning on dimension 1. (ppg_rf_hls/firmware/parameters.h:922:0)
INFO: [HLS 214-248] Applying array_partition to '_ZL10tree_0_112.feature': Complete partitioning on dimension 1. (ppg_rf_hls/firmware/parameters.h:922:0)
INFO: [HLS 214-248] Applying array_partition to '_ZL10tree_0_111.parent': Complete partitioning on dimension 1. (ppg_rf_hls/firmware/parameters.h:914:0)
INFO: [HLS 214-248] Applying array_partition to '_ZL10tree_0_111.children_right': Complete partitioning on dimension 1. (ppg_rf_hls/firmware/parameters.h:914:0)
INFO: [HLS 214-248] Applying array_partition to '_ZL10tree_0_111.children_left': Complete partitioning on dimension 1. (ppg_rf_hls/firmware/parameters.h:914:0)
INFO: [HLS 214-248] Applying array_partition to '_ZL10tree_0_111.value': Complete partitioning on dimension 1. (ppg_rf_hls/firmware/parameters.h:914:0)
INFO: [HLS 214-248] Applying array_partition to '_ZL10tree_0_111.threshold': Complete partitioning on dimension 1. (ppg_rf_hls/firmware/parameters.h:914:0)
INFO: [HLS 214-248] Applying array_partition to '_ZL10tree_0_111.feature': Complete partitioning on dimension 1. (ppg_rf_hls/firmware/parameters.h:914:0)
INFO: [HLS 214-248] Applying array_partition to '_ZL10tree_0_110.parent': Complete partitioning on dimension 1. (ppg_rf_hls/firmware/parameters.h:906:0)
INFO: [HLS 214-248] Applying array_partition to '_ZL10tree_0_110.children_right': Complete partitioning on dimension 1. (ppg_rf_hls/firmware/parameters.h:906:0)
INFO: [HLS 214-248] Applying array_partition to '_ZL10tree_0_110.children_left': Complete partitioning on dimension 1. (ppg_rf_hls/firmware/parameters.h:906:0)
INFO: [HLS 214-248] Applying array_partition to '_ZL10tree_0_110.value': Complete partitioning on dimension 1. (ppg_rf_hls/firmware/parameters.h:906:0)
INFO: [HLS 214-248] Applying array_partition to '_ZL10tree_0_110.threshold': Complete partitioning on dimension 1. (ppg_rf_hls/firmware/parameters.h:906:0)
INFO: [HLS 214-248] Applying array_partition to '_ZL10tree_0_110.feature': Complete partitioning on dimension 1. (ppg_rf_hls/firmware/parameters.h:906:0)
INFO: [HLS 214-248] Applying array_partition to '_ZL10tree_0_109.parent': Complete partitioning on dimension 1. (ppg_rf_hls/firmware/parameters.h:898:0)
INFO: [HLS 214-248] Applying array_partition to '_ZL10tree_0_109.children_right': Complete partitioning on dimension 1. (ppg_rf_hls/firmware/parameters.h:898:0)
INFO: [HLS 214-248] Applying array_partition to '_ZL10tree_0_109.children_left': Complete partitioning on dimension 1. (ppg_rf_hls/firmware/parameters.h:898:0)
INFO: [HLS 214-248] Applying array_partition to '_ZL10tree_0_109.value': Complete partitioning on dimension 1. (ppg_rf_hls/firmware/parameters.h:898:0)
INFO: [HLS 214-248] Applying array_partition to '_ZL10tree_0_109.threshold': Complete partitioning on dimension 1. (ppg_rf_hls/firmware/parameters.h:898:0)
INFO: [HLS 214-248] Applying array_partition to '_ZL10tree_0_109.feature': Complete partitioning on dimension 1. (ppg_rf_hls/firmware/parameters.h:898:0)
INFO: [HLS 214-248] Applying array_partition to '_ZL10tree_0_108.parent': Complete partitioning on dimension 1. (ppg_rf_hls/firmware/parameters.h:890:0)
INFO: [HLS 214-248] Applying array_partition to '_ZL10tree_0_108.children_right': Complete partitioning on dimension 1. (ppg_rf_hls/firmware/parameters.h:890:0)
INFO: [HLS 214-248] Applying array_partition to '_ZL10tree_0_108.children_left': Complete partitioning on dimension 1. (ppg_rf_hls/firmware/parameters.h:890:0)
INFO: [HLS 214-248] Applying array_partition to '_ZL10tree_0_108.value': Complete partitioning on dimension 1. (ppg_rf_hls/firmware/parameters.h:890:0)
INFO: [HLS 214-248] Applying array_partition to '_ZL10tree_0_108.threshold': Complete partitioning on dimension 1. (ppg_rf_hls/firmware/parameters.h:890:0)
INFO: [HLS 214-248] Applying array_partition to '_ZL10tree_0_108.feature': Complete partitioning on dimension 1. (ppg_rf_hls/firmware/parameters.h:890:0)
INFO: [HLS 214-248] Applying array_partition to '_ZL10tree_0_107.parent': Complete partitioning on dimension 1. (ppg_rf_hls/firmware/parameters.h:882:0)
INFO: [HLS 214-248] Applying array_partition to '_ZL10tree_0_107.children_right': Complete partitioning on dimension 1. (ppg_rf_hls/firmware/parameters.h:882:0)
INFO: [HLS 214-248] Applying array_partition to '_ZL10tree_0_107.children_left': Complete partitioning on dimension 1. (ppg_rf_hls/firmware/parameters.h:882:0)
INFO: [HLS 214-248] Applying array_partition to '_ZL10tree_0_107.value': Complete partitioning on dimension 1. (ppg_rf_hls/firmware/parameters.h:882:0)
INFO: [HLS 214-248] Applying array_partition to '_ZL10tree_0_107.threshold': Complete partitioning on dimension 1. (ppg_rf_hls/firmware/parameters.h:882:0)
INFO: [HLS 214-248] Applying array_partition to '_ZL10tree_0_107.feature': Complete partitioning on dimension 1. (ppg_rf_hls/firmware/parameters.h:882:0)
INFO: [HLS 214-248] Applying array_partition to '_ZL10tree_0_106.parent': Complete partitioning on dimension 1. (ppg_rf_hls/firmware/parameters.h:874:0)
INFO: [HLS 214-248] Applying array_partition to '_ZL10tree_0_106.children_right': Complete partitioning on dimension 1. (ppg_rf_hls/firmware/parameters.h:874:0)
INFO: [HLS 214-248] Applying array_partition to '_ZL10tree_0_106.children_left': Complete partitioning on dimension 1. (ppg_rf_hls/firmware/parameters.h:874:0)
INFO: [HLS 214-248] Applying array_partition to '_ZL10tree_0_106.value': Complete partitioning on dimension 1. (ppg_rf_hls/firmware/parameters.h:874:0)
INFO: [HLS 214-248] Applying array_partition to '_ZL10tree_0_106.threshold': Complete partitioning on dimension 1. (ppg_rf_hls/firmware/parameters.h:874:0)
INFO: [HLS 214-248] Applying array_partition to '_ZL10tree_0_106.feature': Complete partitioning on dimension 1. (ppg_rf_hls/firmware/parameters.h:874:0)
INFO: [HLS 214-248] Applying array_partition to '_ZL10tree_0_105.parent': Complete partitioning on dimension 1. (ppg_rf_hls/firmware/parameters.h:866:0)
INFO: [HLS 214-248] Applying array_partition to '_ZL10tree_0_105.children_right': Complete partitioning on dimension 1. (ppg_rf_hls/firmware/parameters.h:866:0)
INFO: [HLS 214-248] Applying array_partition to '_ZL10tree_0_105.children_left': Complete partitioning on dimension 1. (ppg_rf_hls/firmware/parameters.h:866:0)
INFO: [HLS 214-248] Applying array_partition to '_ZL10tree_0_105.value': Complete partitioning on dimension 1. (ppg_rf_hls/firmware/parameters.h:866:0)
INFO: [HLS 214-248] Applying array_partition to '_ZL10tree_0_105.threshold': Complete partitioning on dimension 1. (ppg_rf_hls/firmware/parameters.h:866:0)
INFO: [HLS 214-248] Applying array_partition to '_ZL10tree_0_105.feature': Complete partitioning on dimension 1. (ppg_rf_hls/firmware/parameters.h:866:0)
INFO: [HLS 214-248] Applying array_partition to '_ZL10tree_0_104.parent': Complete partitioning on dimension 1. (ppg_rf_hls/firmware/parameters.h:858:0)
INFO: [HLS 214-248] Applying array_partition to '_ZL10tree_0_104.children_right': Complete partitioning on dimension 1. (ppg_rf_hls/firmware/parameters.h:858:0)
INFO: [HLS 214-248] Applying array_partition to '_ZL10tree_0_104.children_left': Complete partitioning on dimension 1. (ppg_rf_hls/firmware/parameters.h:858:0)
INFO: [HLS 214-248] Applying array_partition to '_ZL10tree_0_104.value': Complete partitioning on dimension 1. (ppg_rf_hls/firmware/parameters.h:858:0)
INFO: [HLS 214-248] Applying array_partition to '_ZL10tree_0_104.threshold': Complete partitioning on dimension 1. (ppg_rf_hls/firmware/parameters.h:858:0)
INFO: [HLS 214-248] Applying array_partition to '_ZL10tree_0_104.feature': Complete partitioning on dimension 1. (ppg_rf_hls/firmware/parameters.h:858:0)
INFO: [HLS 214-248] Applying array_partition to '_ZL10tree_0_103.parent': Complete partitioning on dimension 1. (ppg_rf_hls/firmware/parameters.h:850:0)
INFO: [HLS 214-248] Applying array_partition to '_ZL10tree_0_103.children_right': Complete partitioning on dimension 1. (ppg_rf_hls/firmware/parameters.h:850:0)
INFO: [HLS 214-248] Applying array_partition to '_ZL10tree_0_103.children_left': Complete partitioning on dimension 1. (ppg_rf_hls/firmware/parameters.h:850:0)
INFO: [HLS 214-248] Applying array_partition to '_ZL10tree_0_103.value': Complete partitioning on dimension 1. (ppg_rf_hls/firmware/parameters.h:850:0)
INFO: [HLS 214-248] Applying array_partition to '_ZL10tree_0_103.threshold': Complete partitioning on dimension 1. (ppg_rf_hls/firmware/parameters.h:850:0)
INFO: [HLS 214-248] Applying array_partition to '_ZL10tree_0_103.feature': Complete partitioning on dimension 1. (ppg_rf_hls/firmware/parameters.h:850:0)
INFO: [HLS 214-248] Applying array_partition to '_ZL10tree_0_102.parent': Complete partitioning on dimension 1. (ppg_rf_hls/firmware/parameters.h:842:0)
INFO: [HLS 214-248] Applying array_partition to '_ZL10tree_0_102.children_right': Complete partitioning on dimension 1. (ppg_rf_hls/firmware/parameters.h:842:0)
INFO: [HLS 214-248] Applying array_partition to '_ZL10tree_0_102.children_left': Complete partitioning on dimension 1. (ppg_rf_hls/firmware/parameters.h:842:0)
INFO: [HLS 214-248] Applying array_partition to '_ZL10tree_0_102.value': Complete partitioning on dimension 1. (ppg_rf_hls/firmware/parameters.h:842:0)
INFO: [HLS 214-248] Applying array_partition to '_ZL10tree_0_102.threshold': Complete partitioning on dimension 1. (ppg_rf_hls/firmware/parameters.h:842:0)
INFO: [HLS 214-248] Applying array_partition to '_ZL10tree_0_102.feature': Complete partitioning on dimension 1. (ppg_rf_hls/firmware/parameters.h:842:0)
INFO: [HLS 214-248] Applying array_partition to '_ZL10tree_0_101.parent': Complete partitioning on dimension 1. (ppg_rf_hls/firmware/parameters.h:834:0)
INFO: [HLS 214-248] Applying array_partition to '_ZL10tree_0_101.children_right': Complete partitioning on dimension 1. (ppg_rf_hls/firmware/parameters.h:834:0)
INFO: [HLS 214-248] Applying array_partition to '_ZL10tree_0_101.children_left': Complete partitioning on dimension 1. (ppg_rf_hls/firmware/parameters.h:834:0)
INFO: [HLS 214-248] Applying array_partition to '_ZL10tree_0_101.value': Complete partitioning on dimension 1. (ppg_rf_hls/firmware/parameters.h:834:0)
INFO: [HLS 214-248] Applying array_partition to '_ZL10tree_0_101.threshold': Complete partitioning on dimension 1. (ppg_rf_hls/firmware/parameters.h:834:0)
INFO: [HLS 214-248] Applying array_partition to '_ZL10tree_0_101.feature': Complete partitioning on dimension 1. (ppg_rf_hls/firmware/parameters.h:834:0)
INFO: [HLS 214-248] Applying array_partition to '_ZL10tree_0_100.parent': Complete partitioning on dimension 1. (ppg_rf_hls/firmware/parameters.h:826:0)
INFO: [HLS 214-248] Applying array_partition to '_ZL10tree_0_100.children_right': Complete partitioning on dimension 1. (ppg_rf_hls/firmware/parameters.h:826:0)
INFO: [HLS 214-248] Applying array_partition to '_ZL10tree_0_100.children_left': Complete partitioning on dimension 1. (ppg_rf_hls/firmware/parameters.h:826:0)
INFO: [HLS 214-248] Applying array_partition to '_ZL10tree_0_100.value': Complete partitioning on dimension 1. (ppg_rf_hls/firmware/parameters.h:826:0)
INFO: [HLS 214-248] Applying array_partition to '_ZL10tree_0_100.threshold': Complete partitioning on dimension 1. (ppg_rf_hls/firmware/parameters.h:826:0)
INFO: [HLS 214-248] Applying array_partition to '_ZL10tree_0_100.feature': Complete partitioning on dimension 1. (ppg_rf_hls/firmware/parameters.h:826:0)
INFO: [HLS 214-248] Applying array_partition to '_ZL9tree_0_99.parent': Complete partitioning on dimension 1. (ppg_rf_hls/firmware/parameters.h:818:0)
INFO: [HLS 214-248] Applying array_partition to '_ZL9tree_0_99.children_right': Complete partitioning on dimension 1. (ppg_rf_hls/firmware/parameters.h:818:0)
INFO: [HLS 214-248] Applying array_partition to '_ZL9tree_0_99.children_left': Complete partitioning on dimension 1. (ppg_rf_hls/firmware/parameters.h:818:0)
INFO: [HLS 214-248] Applying array_partition to '_ZL9tree_0_99.value': Complete partitioning on dimension 1. (ppg_rf_hls/firmware/parameters.h:818:0)
INFO: [HLS 214-248] Applying array_partition to '_ZL9tree_0_99.threshold': Complete partitioning on dimension 1. (ppg_rf_hls/firmware/parameters.h:818:0)
INFO: [HLS 214-248] Applying array_partition to '_ZL9tree_0_99.feature': Complete partitioning on dimension 1. (ppg_rf_hls/firmware/parameters.h:818:0)
INFO: [HLS 214-248] Applying array_partition to '_ZL9tree_0_98.parent': Complete partitioning on dimension 1. (ppg_rf_hls/firmware/parameters.h:810:0)
INFO: [HLS 214-248] Applying array_partition to '_ZL9tree_0_98.children_right': Complete partitioning on dimension 1. (ppg_rf_hls/firmware/parameters.h:810:0)
INFO: [HLS 214-248] Applying array_partition to '_ZL9tree_0_98.children_left': Complete partitioning on dimension 1. (ppg_rf_hls/firmware/parameters.h:810:0)
INFO: [HLS 214-248] Applying array_partition to '_ZL9tree_0_98.value': Complete partitioning on dimension 1. (ppg_rf_hls/firmware/parameters.h:810:0)
INFO: [HLS 214-248] Applying array_partition to '_ZL9tree_0_98.threshold': Complete partitioning on dimension 1. (ppg_rf_hls/firmware/parameters.h:810:0)
INFO: [HLS 214-248] Applying array_partition to '_ZL9tree_0_98.feature': Complete partitioning on dimension 1. (ppg_rf_hls/firmware/parameters.h:810:0)
INFO: [HLS 214-248] Applying array_partition to '_ZL9tree_0_97.parent': Complete partitioning on dimension 1. (ppg_rf_hls/firmware/parameters.h:802:0)
INFO: [HLS 214-248] Applying array_partition to '_ZL9tree_0_97.children_right': Complete partitioning on dimension 1. (ppg_rf_hls/firmware/parameters.h:802:0)
INFO: [HLS 214-248] Applying array_partition to '_ZL9tree_0_97.children_left': Complete partitioning on dimension 1. (ppg_rf_hls/firmware/parameters.h:802:0)
INFO: [HLS 214-248] Applying array_partition to '_ZL9tree_0_97.value': Complete partitioning on dimension 1. (ppg_rf_hls/firmware/parameters.h:802:0)
INFO: [HLS 214-248] Applying array_partition to '_ZL9tree_0_97.threshold': Complete partitioning on dimension 1. (ppg_rf_hls/firmware/parameters.h:802:0)
INFO: [HLS 214-248] Applying array_partition to '_ZL9tree_0_97.feature': Complete partitioning on dimension 1. (ppg_rf_hls/firmware/parameters.h:802:0)
INFO: [HLS 214-248] Applying array_partition to '_ZL9tree_0_96.parent': Complete partitioning on dimension 1. (ppg_rf_hls/firmware/parameters.h:794:0)
INFO: [HLS 214-248] Applying array_partition to '_ZL9tree_0_96.children_right': Complete partitioning on dimension 1. (ppg_rf_hls/firmware/parameters.h:794:0)
INFO: [HLS 214-248] Applying array_partition to '_ZL9tree_0_96.children_left': Complete partitioning on dimension 1. (ppg_rf_hls/firmware/parameters.h:794:0)
INFO: [HLS 214-248] Applying array_partition to '_ZL9tree_0_96.value': Complete partitioning on dimension 1. (ppg_rf_hls/firmware/parameters.h:794:0)
INFO: [HLS 214-248] Applying array_partition to '_ZL9tree_0_96.threshold': Complete partitioning on dimension 1. (ppg_rf_hls/firmware/parameters.h:794:0)
INFO: [HLS 214-248] Applying array_partition to '_ZL9tree_0_96.feature': Complete partitioning on dimension 1. (ppg_rf_hls/firmware/parameters.h:794:0)
INFO: [HLS 214-248] Applying array_partition to '_ZL9tree_0_95.parent': Complete partitioning on dimension 1. (ppg_rf_hls/firmware/parameters.h:786:0)
INFO: [HLS 214-248] Applying array_partition to '_ZL9tree_0_95.children_right': Complete partitioning on dimension 1. (ppg_rf_hls/firmware/parameters.h:786:0)
INFO: [HLS 214-248] Applying array_partition to '_ZL9tree_0_95.children_left': Complete partitioning on dimension 1. (ppg_rf_hls/firmware/parameters.h:786:0)
INFO: [HLS 214-248] Applying array_partition to '_ZL9tree_0_95.value': Complete partitioning on dimension 1. (ppg_rf_hls/firmware/parameters.h:786:0)
INFO: [HLS 214-248] Applying array_partition to '_ZL9tree_0_95.threshold': Complete partitioning on dimension 1. (ppg_rf_hls/firmware/parameters.h:786:0)
INFO: [HLS 214-248] Applying array_partition to '_ZL9tree_0_95.feature': Complete partitioning on dimension 1. (ppg_rf_hls/firmware/parameters.h:786:0)
INFO: [HLS 214-248] Applying array_partition to '_ZL9tree_0_94.parent': Complete partitioning on dimension 1. (ppg_rf_hls/firmware/parameters.h:778:0)
INFO: [HLS 214-248] Applying array_partition to '_ZL9tree_0_94.children_right': Complete partitioning on dimension 1. (ppg_rf_hls/firmware/parameters.h:778:0)
INFO: [HLS 214-248] Applying array_partition to '_ZL9tree_0_94.children_left': Complete partitioning on dimension 1. (ppg_rf_hls/firmware/parameters.h:778:0)
INFO: [HLS 214-248] Applying array_partition to '_ZL9tree_0_94.value': Complete partitioning on dimension 1. (ppg_rf_hls/firmware/parameters.h:778:0)
INFO: [HLS 214-248] Applying array_partition to '_ZL9tree_0_94.threshold': Complete partitioning on dimension 1. (ppg_rf_hls/firmware/parameters.h:778:0)
INFO: [HLS 214-248] Applying array_partition to '_ZL9tree_0_94.feature': Complete partitioning on dimension 1. (ppg_rf_hls/firmware/parameters.h:778:0)
INFO: [HLS 214-248] Applying array_partition to '_ZL9tree_0_93.parent': Complete partitioning on dimension 1. (ppg_rf_hls/firmware/parameters.h:770:0)
INFO: [HLS 214-248] Applying array_partition to '_ZL9tree_0_93.children_right': Complete partitioning on dimension 1. (ppg_rf_hls/firmware/parameters.h:770:0)
INFO: [HLS 214-248] Applying array_partition to '_ZL9tree_0_93.children_left': Complete partitioning on dimension 1. (ppg_rf_hls/firmware/parameters.h:770:0)
INFO: [HLS 214-248] Applying array_partition to '_ZL9tree_0_93.value': Complete partitioning on dimension 1. (ppg_rf_hls/firmware/parameters.h:770:0)
INFO: [HLS 214-248] Applying array_partition to '_ZL9tree_0_93.threshold': Complete partitioning on dimension 1. (ppg_rf_hls/firmware/parameters.h:770:0)
INFO: [HLS 214-248] Applying array_partition to '_ZL9tree_0_93.feature': Complete partitioning on dimension 1. (ppg_rf_hls/firmware/parameters.h:770:0)
INFO: [HLS 214-248] Applying array_partition to '_ZL9tree_0_92.parent': Complete partitioning on dimension 1. (ppg_rf_hls/firmware/parameters.h:762:0)
INFO: [HLS 214-248] Applying array_partition to '_ZL9tree_0_92.children_right': Complete partitioning on dimension 1. (ppg_rf_hls/firmware/parameters.h:762:0)
INFO: [HLS 214-248] Applying array_partition to '_ZL9tree_0_92.children_left': Complete partitioning on dimension 1. (ppg_rf_hls/firmware/parameters.h:762:0)
INFO: [HLS 214-248] Applying array_partition to '_ZL9tree_0_92.value': Complete partitioning on dimension 1. (ppg_rf_hls/firmware/parameters.h:762:0)
INFO: [HLS 214-248] Applying array_partition to '_ZL9tree_0_92.threshold': Complete partitioning on dimension 1. (ppg_rf_hls/firmware/parameters.h:762:0)
INFO: [HLS 214-248] Applying array_partition to '_ZL9tree_0_92.feature': Complete partitioning on dimension 1. (ppg_rf_hls/firmware/parameters.h:762:0)
INFO: [HLS 214-248] Applying array_partition to '_ZL9tree_0_91.parent': Complete partitioning on dimension 1. (ppg_rf_hls/firmware/parameters.h:754:0)
INFO: [HLS 214-248] Applying array_partition to '_ZL9tree_0_91.children_right': Complete partitioning on dimension 1. (ppg_rf_hls/firmware/parameters.h:754:0)
INFO: [HLS 214-248] Applying array_partition to '_ZL9tree_0_91.children_left': Complete partitioning on dimension 1. (ppg_rf_hls/firmware/parameters.h:754:0)
INFO: [HLS 214-248] Applying array_partition to '_ZL9tree_0_91.value': Complete partitioning on dimension 1. (ppg_rf_hls/firmware/parameters.h:754:0)
INFO: [HLS 214-248] Applying array_partition to '_ZL9tree_0_91.threshold': Complete partitioning on dimension 1. (ppg_rf_hls/firmware/parameters.h:754:0)
INFO: [HLS 214-248] Applying array_partition to '_ZL9tree_0_91.feature': Complete partitioning on dimension 1. (ppg_rf_hls/firmware/parameters.h:754:0)
INFO: [HLS 214-248] Applying array_partition to '_ZL9tree_0_90.parent': Complete partitioning on dimension 1. (ppg_rf_hls/firmware/parameters.h:746:0)
INFO: [HLS 214-248] Applying array_partition to '_ZL9tree_0_90.children_right': Complete partitioning on dimension 1. (ppg_rf_hls/firmware/parameters.h:746:0)
INFO: [HLS 214-248] Applying array_partition to '_ZL9tree_0_90.children_left': Complete partitioning on dimension 1. (ppg_rf_hls/firmware/parameters.h:746:0)
INFO: [HLS 214-248] Applying array_partition to '_ZL9tree_0_90.value': Complete partitioning on dimension 1. (ppg_rf_hls/firmware/parameters.h:746:0)
INFO: [HLS 214-248] Applying array_partition to '_ZL9tree_0_90.threshold': Complete partitioning on dimension 1. (ppg_rf_hls/firmware/parameters.h:746:0)
INFO: [HLS 214-248] Applying array_partition to '_ZL9tree_0_90.feature': Complete partitioning on dimension 1. (ppg_rf_hls/firmware/parameters.h:746:0)
INFO: [HLS 214-248] Applying array_partition to '_ZL9tree_0_89.parent': Complete partitioning on dimension 1. (ppg_rf_hls/firmware/parameters.h:738:0)
INFO: [HLS 214-248] Applying array_partition to '_ZL9tree_0_89.children_right': Complete partitioning on dimension 1. (ppg_rf_hls/firmware/parameters.h:738:0)
INFO: [HLS 214-248] Applying array_partition to '_ZL9tree_0_89.children_left': Complete partitioning on dimension 1. (ppg_rf_hls/firmware/parameters.h:738:0)
INFO: [HLS 214-248] Applying array_partition to '_ZL9tree_0_89.value': Complete partitioning on dimension 1. (ppg_rf_hls/firmware/parameters.h:738:0)
INFO: [HLS 214-248] Applying array_partition to '_ZL9tree_0_89.threshold': Complete partitioning on dimension 1. (ppg_rf_hls/firmware/parameters.h:738:0)
INFO: [HLS 214-248] Applying array_partition to '_ZL9tree_0_89.feature': Complete partitioning on dimension 1. (ppg_rf_hls/firmware/parameters.h:738:0)
INFO: [HLS 214-248] Applying array_partition to '_ZL9tree_0_88.parent': Complete partitioning on dimension 1. (ppg_rf_hls/firmware/parameters.h:730:0)
INFO: [HLS 214-248] Applying array_partition to '_ZL9tree_0_88.children_right': Complete partitioning on dimension 1. (ppg_rf_hls/firmware/parameters.h:730:0)
INFO: [HLS 214-248] Applying array_partition to '_ZL9tree_0_88.children_left': Complete partitioning on dimension 1. (ppg_rf_hls/firmware/parameters.h:730:0)
INFO: [HLS 214-248] Applying array_partition to '_ZL9tree_0_88.value': Complete partitioning on dimension 1. (ppg_rf_hls/firmware/parameters.h:730:0)
INFO: [HLS 214-248] Applying array_partition to '_ZL9tree_0_88.threshold': Complete partitioning on dimension 1. (ppg_rf_hls/firmware/parameters.h:730:0)
INFO: [HLS 214-248] Applying array_partition to '_ZL9tree_0_88.feature': Complete partitioning on dimension 1. (ppg_rf_hls/firmware/parameters.h:730:0)
INFO: [HLS 214-248] Applying array_partition to '_ZL9tree_0_87.parent': Complete partitioning on dimension 1. (ppg_rf_hls/firmware/parameters.h:722:0)
INFO: [HLS 214-248] Applying array_partition to '_ZL9tree_0_87.children_right': Complete partitioning on dimension 1. (ppg_rf_hls/firmware/parameters.h:722:0)
INFO: [HLS 214-248] Applying array_partition to '_ZL9tree_0_87.children_left': Complete partitioning on dimension 1. (ppg_rf_hls/firmware/parameters.h:722:0)
INFO: [HLS 214-248] Applying array_partition to '_ZL9tree_0_87.value': Complete partitioning on dimension 1. (ppg_rf_hls/firmware/parameters.h:722:0)
INFO: [HLS 214-248] Applying array_partition to '_ZL9tree_0_87.threshold': Complete partitioning on dimension 1. (ppg_rf_hls/firmware/parameters.h:722:0)
INFO: [HLS 214-248] Applying array_partition to '_ZL9tree_0_87.feature': Complete partitioning on dimension 1. (ppg_rf_hls/firmware/parameters.h:722:0)
INFO: [HLS 214-248] Applying array_partition to '_ZL9tree_0_86.parent': Complete partitioning on dimension 1. (ppg_rf_hls/firmware/parameters.h:714:0)
INFO: [HLS 214-248] Applying array_partition to '_ZL9tree_0_86.children_right': Complete partitioning on dimension 1. (ppg_rf_hls/firmware/parameters.h:714:0)
INFO: [HLS 214-248] Applying array_partition to '_ZL9tree_0_86.children_left': Complete partitioning on dimension 1. (ppg_rf_hls/firmware/parameters.h:714:0)
INFO: [HLS 214-248] Applying array_partition to '_ZL9tree_0_86.value': Complete partitioning on dimension 1. (ppg_rf_hls/firmware/parameters.h:714:0)
INFO: [HLS 214-248] Applying array_partition to '_ZL9tree_0_86.threshold': Complete partitioning on dimension 1. (ppg_rf_hls/firmware/parameters.h:714:0)
INFO: [HLS 214-248] Applying array_partition to '_ZL9tree_0_86.feature': Complete partitioning on dimension 1. (ppg_rf_hls/firmware/parameters.h:714:0)
INFO: [HLS 214-248] Applying array_partition to '_ZL9tree_0_85.parent': Complete partitioning on dimension 1. (ppg_rf_hls/firmware/parameters.h:706:0)
INFO: [HLS 214-248] Applying array_partition to '_ZL9tree_0_85.children_right': Complete partitioning on dimension 1. (ppg_rf_hls/firmware/parameters.h:706:0)
INFO: [HLS 214-248] Applying array_partition to '_ZL9tree_0_85.children_left': Complete partitioning on dimension 1. (ppg_rf_hls/firmware/parameters.h:706:0)
INFO: [HLS 214-248] Applying array_partition to '_ZL9tree_0_85.value': Complete partitioning on dimension 1. (ppg_rf_hls/firmware/parameters.h:706:0)
INFO: [HLS 214-248] Applying array_partition to '_ZL9tree_0_85.threshold': Complete partitioning on dimension 1. (ppg_rf_hls/firmware/parameters.h:706:0)
INFO: [HLS 214-248] Applying array_partition to '_ZL9tree_0_85.feature': Complete partitioning on dimension 1. (ppg_rf_hls/firmware/parameters.h:706:0)
INFO: [HLS 214-248] Applying array_partition to '_ZL9tree_0_84.parent': Complete partitioning on dimension 1. (ppg_rf_hls/firmware/parameters.h:698:0)
INFO: [HLS 214-248] Applying array_partition to '_ZL9tree_0_84.children_right': Complete partitioning on dimension 1. (ppg_rf_hls/firmware/parameters.h:698:0)
INFO: [HLS 214-248] Applying array_partition to '_ZL9tree_0_84.children_left': Complete partitioning on dimension 1. (ppg_rf_hls/firmware/parameters.h:698:0)
INFO: [HLS 214-248] Applying array_partition to '_ZL9tree_0_84.value': Complete partitioning on dimension 1. (ppg_rf_hls/firmware/parameters.h:698:0)
INFO: [HLS 214-248] Applying array_partition to '_ZL9tree_0_84.threshold': Complete partitioning on dimension 1. (ppg_rf_hls/firmware/parameters.h:698:0)
INFO: [HLS 214-248] Applying array_partition to '_ZL9tree_0_84.feature': Complete partitioning on dimension 1. (ppg_rf_hls/firmware/parameters.h:698:0)
INFO: [HLS 214-248] Applying array_partition to '_ZL9tree_0_83.parent': Complete partitioning on dimension 1. (ppg_rf_hls/firmware/parameters.h:690:0)
INFO: [HLS 214-248] Applying array_partition to '_ZL9tree_0_83.children_right': Complete partitioning on dimension 1. (ppg_rf_hls/firmware/parameters.h:690:0)
INFO: [HLS 214-248] Applying array_partition to '_ZL9tree_0_83.children_left': Complete partitioning on dimension 1. (ppg_rf_hls/firmware/parameters.h:690:0)
INFO: [HLS 214-248] Applying array_partition to '_ZL9tree_0_83.value': Complete partitioning on dimension 1. (ppg_rf_hls/firmware/parameters.h:690:0)
INFO: [HLS 214-248] Applying array_partition to '_ZL9tree_0_83.threshold': Complete partitioning on dimension 1. (ppg_rf_hls/firmware/parameters.h:690:0)
INFO: [HLS 214-248] Applying array_partition to '_ZL9tree_0_83.feature': Complete partitioning on dimension 1. (ppg_rf_hls/firmware/parameters.h:690:0)
INFO: [HLS 214-248] Applying array_partition to '_ZL9tree_0_82.parent': Complete partitioning on dimension 1. (ppg_rf_hls/firmware/parameters.h:682:0)
INFO: [HLS 214-248] Applying array_partition to '_ZL9tree_0_82.children_right': Complete partitioning on dimension 1. (ppg_rf_hls/firmware/parameters.h:682:0)
INFO: [HLS 214-248] Applying array_partition to '_ZL9tree_0_82.children_left': Complete partitioning on dimension 1. (ppg_rf_hls/firmware/parameters.h:682:0)
INFO: [HLS 214-248] Applying array_partition to '_ZL9tree_0_82.value': Complete partitioning on dimension 1. (ppg_rf_hls/firmware/parameters.h:682:0)
INFO: [HLS 214-248] Applying array_partition to '_ZL9tree_0_82.threshold': Complete partitioning on dimension 1. (ppg_rf_hls/firmware/parameters.h:682:0)
INFO: [HLS 214-248] Applying array_partition to '_ZL9tree_0_82.feature': Complete partitioning on dimension 1. (ppg_rf_hls/firmware/parameters.h:682:0)
INFO: [HLS 214-248] Applying array_partition to '_ZL9tree_0_81.parent': Complete partitioning on dimension 1. (ppg_rf_hls/firmware/parameters.h:674:0)
INFO: [HLS 214-248] Applying array_partition to '_ZL9tree_0_81.children_right': Complete partitioning on dimension 1. (ppg_rf_hls/firmware/parameters.h:674:0)
INFO: [HLS 214-248] Applying array_partition to '_ZL9tree_0_81.children_left': Complete partitioning on dimension 1. (ppg_rf_hls/firmware/parameters.h:674:0)
INFO: [HLS 214-248] Applying array_partition to '_ZL9tree_0_81.value': Complete partitioning on dimension 1. (ppg_rf_hls/firmware/parameters.h:674:0)
INFO: [HLS 214-248] Applying array_partition to '_ZL9tree_0_81.threshold': Complete partitioning on dimension 1. (ppg_rf_hls/firmware/parameters.h:674:0)
INFO: [HLS 214-248] Applying array_partition to '_ZL9tree_0_81.feature': Complete partitioning on dimension 1. (ppg_rf_hls/firmware/parameters.h:674:0)
INFO: [HLS 214-248] Applying array_partition to '_ZL9tree_0_80.parent': Complete partitioning on dimension 1. (ppg_rf_hls/firmware/parameters.h:666:0)
INFO: [HLS 214-248] Applying array_partition to '_ZL9tree_0_80.children_right': Complete partitioning on dimension 1. (ppg_rf_hls/firmware/parameters.h:666:0)
INFO: [HLS 214-248] Applying array_partition to '_ZL9tree_0_80.children_left': Complete partitioning on dimension 1. (ppg_rf_hls/firmware/parameters.h:666:0)
INFO: [HLS 214-248] Applying array_partition to '_ZL9tree_0_80.value': Complete partitioning on dimension 1. (ppg_rf_hls/firmware/parameters.h:666:0)
INFO: [HLS 214-248] Applying array_partition to '_ZL9tree_0_80.threshold': Complete partitioning on dimension 1. (ppg_rf_hls/firmware/parameters.h:666:0)
INFO: [HLS 214-248] Applying array_partition to '_ZL9tree_0_80.feature': Complete partitioning on dimension 1. (ppg_rf_hls/firmware/parameters.h:666:0)
INFO: [HLS 214-248] Applying array_partition to '_ZL9tree_0_79.parent': Complete partitioning on dimension 1. (ppg_rf_hls/firmware/parameters.h:658:0)
INFO: [HLS 214-248] Applying array_partition to '_ZL9tree_0_79.children_right': Complete partitioning on dimension 1. (ppg_rf_hls/firmware/parameters.h:658:0)
INFO: [HLS 214-248] Applying array_partition to '_ZL9tree_0_79.children_left': Complete partitioning on dimension 1. (ppg_rf_hls/firmware/parameters.h:658:0)
INFO: [HLS 214-248] Applying array_partition to '_ZL9tree_0_79.value': Complete partitioning on dimension 1. (ppg_rf_hls/firmware/parameters.h:658:0)
INFO: [HLS 214-248] Applying array_partition to '_ZL9tree_0_79.threshold': Complete partitioning on dimension 1. (ppg_rf_hls/firmware/parameters.h:658:0)
INFO: [HLS 214-248] Applying array_partition to '_ZL9tree_0_79.feature': Complete partitioning on dimension 1. (ppg_rf_hls/firmware/parameters.h:658:0)
INFO: [HLS 214-248] Applying array_partition to '_ZL9tree_0_78.parent': Complete partitioning on dimension 1. (ppg_rf_hls/firmware/parameters.h:650:0)
INFO: [HLS 214-248] Applying array_partition to '_ZL9tree_0_78.children_right': Complete partitioning on dimension 1. (ppg_rf_hls/firmware/parameters.h:650:0)
INFO: [HLS 214-248] Applying array_partition to '_ZL9tree_0_78.children_left': Complete partitioning on dimension 1. (ppg_rf_hls/firmware/parameters.h:650:0)
INFO: [HLS 214-248] Applying array_partition to '_ZL9tree_0_78.value': Complete partitioning on dimension 1. (ppg_rf_hls/firmware/parameters.h:650:0)
INFO: [HLS 214-248] Applying array_partition to '_ZL9tree_0_78.threshold': Complete partitioning on dimension 1. (ppg_rf_hls/firmware/parameters.h:650:0)
INFO: [HLS 214-248] Applying array_partition to '_ZL9tree_0_78.feature': Complete partitioning on dimension 1. (ppg_rf_hls/firmware/parameters.h:650:0)
INFO: [HLS 214-248] Applying array_partition to '_ZL9tree_0_77.parent': Complete partitioning on dimension 1. (ppg_rf_hls/firmware/parameters.h:642:0)
INFO: [HLS 214-248] Applying array_partition to '_ZL9tree_0_77.children_right': Complete partitioning on dimension 1. (ppg_rf_hls/firmware/parameters.h:642:0)
INFO: [HLS 214-248] Applying array_partition to '_ZL9tree_0_77.children_left': Complete partitioning on dimension 1. (ppg_rf_hls/firmware/parameters.h:642:0)
INFO: [HLS 214-248] Applying array_partition to '_ZL9tree_0_77.value': Complete partitioning on dimension 1. (ppg_rf_hls/firmware/parameters.h:642:0)
INFO: [HLS 214-248] Applying array_partition to '_ZL9tree_0_77.threshold': Complete partitioning on dimension 1. (ppg_rf_hls/firmware/parameters.h:642:0)
INFO: [HLS 214-248] Applying array_partition to '_ZL9tree_0_77.feature': Complete partitioning on dimension 1. (ppg_rf_hls/firmware/parameters.h:642:0)
INFO: [HLS 214-248] Applying array_partition to '_ZL9tree_0_76.parent': Complete partitioning on dimension 1. (ppg_rf_hls/firmware/parameters.h:634:0)
INFO: [HLS 214-248] Applying array_partition to '_ZL9tree_0_76.children_right': Complete partitioning on dimension 1. (ppg_rf_hls/firmware/parameters.h:634:0)
INFO: [HLS 214-248] Applying array_partition to '_ZL9tree_0_76.children_left': Complete partitioning on dimension 1. (ppg_rf_hls/firmware/parameters.h:634:0)
INFO: [HLS 214-248] Applying array_partition to '_ZL9tree_0_76.value': Complete partitioning on dimension 1. (ppg_rf_hls/firmware/parameters.h:634:0)
INFO: [HLS 214-248] Applying array_partition to '_ZL9tree_0_76.threshold': Complete partitioning on dimension 1. (ppg_rf_hls/firmware/parameters.h:634:0)
INFO: [HLS 214-248] Applying array_partition to '_ZL9tree_0_76.feature': Complete partitioning on dimension 1. (ppg_rf_hls/firmware/parameters.h:634:0)
INFO: [HLS 214-248] Applying array_partition to '_ZL9tree_0_75.parent': Complete partitioning on dimension 1. (ppg_rf_hls/firmware/parameters.h:626:0)
INFO: [HLS 214-248] Applying array_partition to '_ZL9tree_0_75.children_right': Complete partitioning on dimension 1. (ppg_rf_hls/firmware/parameters.h:626:0)
INFO: [HLS 214-248] Applying array_partition to '_ZL9tree_0_75.children_left': Complete partitioning on dimension 1. (ppg_rf_hls/firmware/parameters.h:626:0)
INFO: [HLS 214-248] Applying array_partition to '_ZL9tree_0_75.value': Complete partitioning on dimension 1. (ppg_rf_hls/firmware/parameters.h:626:0)
INFO: [HLS 214-248] Applying array_partition to '_ZL9tree_0_75.threshold': Complete partitioning on dimension 1. (ppg_rf_hls/firmware/parameters.h:626:0)
INFO: [HLS 214-248] Applying array_partition to '_ZL9tree_0_75.feature': Complete partitioning on dimension 1. (ppg_rf_hls/firmware/parameters.h:626:0)
INFO: [HLS 214-248] Applying array_partition to '_ZL9tree_0_74.parent': Complete partitioning on dimension 1. (ppg_rf_hls/firmware/parameters.h:618:0)
INFO: [HLS 214-248] Applying array_partition to '_ZL9tree_0_74.children_right': Complete partitioning on dimension 1. (ppg_rf_hls/firmware/parameters.h:618:0)
INFO: [HLS 214-248] Applying array_partition to '_ZL9tree_0_74.children_left': Complete partitioning on dimension 1. (ppg_rf_hls/firmware/parameters.h:618:0)
INFO: [HLS 214-248] Applying array_partition to '_ZL9tree_0_74.value': Complete partitioning on dimension 1. (ppg_rf_hls/firmware/parameters.h:618:0)
INFO: [HLS 214-248] Applying array_partition to '_ZL9tree_0_74.threshold': Complete partitioning on dimension 1. (ppg_rf_hls/firmware/parameters.h:618:0)
INFO: [HLS 214-248] Applying array_partition to '_ZL9tree_0_74.feature': Complete partitioning on dimension 1. (ppg_rf_hls/firmware/parameters.h:618:0)
INFO: [HLS 214-248] Applying array_partition to '_ZL9tree_0_73.parent': Complete partitioning on dimension 1. (ppg_rf_hls/firmware/parameters.h:610:0)
INFO: [HLS 214-248] Applying array_partition to '_ZL9tree_0_73.children_right': Complete partitioning on dimension 1. (ppg_rf_hls/firmware/parameters.h:610:0)
INFO: [HLS 214-248] Applying array_partition to '_ZL9tree_0_73.children_left': Complete partitioning on dimension 1. (ppg_rf_hls/firmware/parameters.h:610:0)
INFO: [HLS 214-248] Applying array_partition to '_ZL9tree_0_73.value': Complete partitioning on dimension 1. (ppg_rf_hls/firmware/parameters.h:610:0)
INFO: [HLS 214-248] Applying array_partition to '_ZL9tree_0_73.threshold': Complete partitioning on dimension 1. (ppg_rf_hls/firmware/parameters.h:610:0)
INFO: [HLS 214-248] Applying array_partition to '_ZL9tree_0_73.feature': Complete partitioning on dimension 1. (ppg_rf_hls/firmware/parameters.h:610:0)
INFO: [HLS 214-248] Applying array_partition to '_ZL9tree_0_72.parent': Complete partitioning on dimension 1. (ppg_rf_hls/firmware/parameters.h:602:0)
INFO: [HLS 214-248] Applying array_partition to '_ZL9tree_0_72.children_right': Complete partitioning on dimension 1. (ppg_rf_hls/firmware/parameters.h:602:0)
INFO: [HLS 214-248] Applying array_partition to '_ZL9tree_0_72.children_left': Complete partitioning on dimension 1. (ppg_rf_hls/firmware/parameters.h:602:0)
INFO: [HLS 214-248] Applying array_partition to '_ZL9tree_0_72.value': Complete partitioning on dimension 1. (ppg_rf_hls/firmware/parameters.h:602:0)
INFO: [HLS 214-248] Applying array_partition to '_ZL9tree_0_72.threshold': Complete partitioning on dimension 1. (ppg_rf_hls/firmware/parameters.h:602:0)
INFO: [HLS 214-248] Applying array_partition to '_ZL9tree_0_72.feature': Complete partitioning on dimension 1. (ppg_rf_hls/firmware/parameters.h:602:0)
INFO: [HLS 214-248] Applying array_partition to '_ZL9tree_0_71.parent': Complete partitioning on dimension 1. (ppg_rf_hls/firmware/parameters.h:594:0)
INFO: [HLS 214-248] Applying array_partition to '_ZL9tree_0_71.children_right': Complete partitioning on dimension 1. (ppg_rf_hls/firmware/parameters.h:594:0)
INFO: [HLS 214-248] Applying array_partition to '_ZL9tree_0_71.children_left': Complete partitioning on dimension 1. (ppg_rf_hls/firmware/parameters.h:594:0)
INFO: [HLS 214-248] Applying array_partition to '_ZL9tree_0_71.value': Complete partitioning on dimension 1. (ppg_rf_hls/firmware/parameters.h:594:0)
INFO: [HLS 214-248] Applying array_partition to '_ZL9tree_0_71.threshold': Complete partitioning on dimension 1. (ppg_rf_hls/firmware/parameters.h:594:0)
INFO: [HLS 214-248] Applying array_partition to '_ZL9tree_0_71.feature': Complete partitioning on dimension 1. (ppg_rf_hls/firmware/parameters.h:594:0)
INFO: [HLS 214-248] Applying array_partition to '_ZL9tree_0_70.parent': Complete partitioning on dimension 1. (ppg_rf_hls/firmware/parameters.h:586:0)
INFO: [HLS 214-248] Applying array_partition to '_ZL9tree_0_70.children_right': Complete partitioning on dimension 1. (ppg_rf_hls/firmware/parameters.h:586:0)
INFO: [HLS 214-248] Applying array_partition to '_ZL9tree_0_70.children_left': Complete partitioning on dimension 1. (ppg_rf_hls/firmware/parameters.h:586:0)
INFO: [HLS 214-248] Applying array_partition to '_ZL9tree_0_70.value': Complete partitioning on dimension 1. (ppg_rf_hls/firmware/parameters.h:586:0)
INFO: [HLS 214-248] Applying array_partition to '_ZL9tree_0_70.threshold': Complete partitioning on dimension 1. (ppg_rf_hls/firmware/parameters.h:586:0)
INFO: [HLS 214-248] Applying array_partition to '_ZL9tree_0_70.feature': Complete partitioning on dimension 1. (ppg_rf_hls/firmware/parameters.h:586:0)
INFO: [HLS 214-248] Applying array_partition to '_ZL9tree_0_69.parent': Complete partitioning on dimension 1. (ppg_rf_hls/firmware/parameters.h:578:0)
INFO: [HLS 214-248] Applying array_partition to '_ZL9tree_0_69.children_right': Complete partitioning on dimension 1. (ppg_rf_hls/firmware/parameters.h:578:0)
INFO: [HLS 214-248] Applying array_partition to '_ZL9tree_0_69.children_left': Complete partitioning on dimension 1. (ppg_rf_hls/firmware/parameters.h:578:0)
INFO: [HLS 214-248] Applying array_partition to '_ZL9tree_0_69.value': Complete partitioning on dimension 1. (ppg_rf_hls/firmware/parameters.h:578:0)
INFO: [HLS 214-248] Applying array_partition to '_ZL9tree_0_69.threshold': Complete partitioning on dimension 1. (ppg_rf_hls/firmware/parameters.h:578:0)
INFO: [HLS 214-248] Applying array_partition to '_ZL9tree_0_69.feature': Complete partitioning on dimension 1. (ppg_rf_hls/firmware/parameters.h:578:0)
INFO: [HLS 214-248] Applying array_partition to '_ZL9tree_0_68.parent': Complete partitioning on dimension 1. (ppg_rf_hls/firmware/parameters.h:570:0)
INFO: [HLS 214-248] Applying array_partition to '_ZL9tree_0_68.children_right': Complete partitioning on dimension 1. (ppg_rf_hls/firmware/parameters.h:570:0)
INFO: [HLS 214-248] Applying array_partition to '_ZL9tree_0_68.children_left': Complete partitioning on dimension 1. (ppg_rf_hls/firmware/parameters.h:570:0)
INFO: [HLS 214-248] Applying array_partition to '_ZL9tree_0_68.value': Complete partitioning on dimension 1. (ppg_rf_hls/firmware/parameters.h:570:0)
INFO: [HLS 214-248] Applying array_partition to '_ZL9tree_0_68.threshold': Complete partitioning on dimension 1. (ppg_rf_hls/firmware/parameters.h:570:0)
INFO: [HLS 214-248] Applying array_partition to '_ZL9tree_0_68.feature': Complete partitioning on dimension 1. (ppg_rf_hls/firmware/parameters.h:570:0)
INFO: [HLS 214-248] Applying array_partition to '_ZL9tree_0_67.parent': Complete partitioning on dimension 1. (ppg_rf_hls/firmware/parameters.h:562:0)
INFO: [HLS 214-248] Applying array_partition to '_ZL9tree_0_67.children_right': Complete partitioning on dimension 1. (ppg_rf_hls/firmware/parameters.h:562:0)
INFO: [HLS 214-248] Applying array_partition to '_ZL9tree_0_67.children_left': Complete partitioning on dimension 1. (ppg_rf_hls/firmware/parameters.h:562:0)
INFO: [HLS 214-248] Applying array_partition to '_ZL9tree_0_67.value': Complete partitioning on dimension 1. (ppg_rf_hls/firmware/parameters.h:562:0)
INFO: [HLS 214-248] Applying array_partition to '_ZL9tree_0_67.threshold': Complete partitioning on dimension 1. (ppg_rf_hls/firmware/parameters.h:562:0)
INFO: [HLS 214-248] Applying array_partition to '_ZL9tree_0_67.feature': Complete partitioning on dimension 1. (ppg_rf_hls/firmware/parameters.h:562:0)
INFO: [HLS 214-248] Applying array_partition to '_ZL9tree_0_66.parent': Complete partitioning on dimension 1. (ppg_rf_hls/firmware/parameters.h:554:0)
INFO: [HLS 214-248] Applying array_partition to '_ZL9tree_0_66.children_right': Complete partitioning on dimension 1. (ppg_rf_hls/firmware/parameters.h:554:0)
INFO: [HLS 214-248] Applying array_partition to '_ZL9tree_0_66.children_left': Complete partitioning on dimension 1. (ppg_rf_hls/firmware/parameters.h:554:0)
INFO: [HLS 214-248] Applying array_partition to '_ZL9tree_0_66.value': Complete partitioning on dimension 1. (ppg_rf_hls/firmware/parameters.h:554:0)
INFO: [HLS 214-248] Applying array_partition to '_ZL9tree_0_66.threshold': Complete partitioning on dimension 1. (ppg_rf_hls/firmware/parameters.h:554:0)
INFO: [HLS 214-248] Applying array_partition to '_ZL9tree_0_66.feature': Complete partitioning on dimension 1. (ppg_rf_hls/firmware/parameters.h:554:0)
INFO: [HLS 214-248] Applying array_partition to '_ZL9tree_0_65.parent': Complete partitioning on dimension 1. (ppg_rf_hls/firmware/parameters.h:546:0)
INFO: [HLS 214-248] Applying array_partition to '_ZL9tree_0_65.children_right': Complete partitioning on dimension 1. (ppg_rf_hls/firmware/parameters.h:546:0)
INFO: [HLS 214-248] Applying array_partition to '_ZL9tree_0_65.children_left': Complete partitioning on dimension 1. (ppg_rf_hls/firmware/parameters.h:546:0)
INFO: [HLS 214-248] Applying array_partition to '_ZL9tree_0_65.value': Complete partitioning on dimension 1. (ppg_rf_hls/firmware/parameters.h:546:0)
INFO: [HLS 214-248] Applying array_partition to '_ZL9tree_0_65.threshold': Complete partitioning on dimension 1. (ppg_rf_hls/firmware/parameters.h:546:0)
INFO: [HLS 214-248] Applying array_partition to '_ZL9tree_0_65.feature': Complete partitioning on dimension 1. (ppg_rf_hls/firmware/parameters.h:546:0)
INFO: [HLS 214-248] Applying array_partition to '_ZL9tree_0_64.parent': Complete partitioning on dimension 1. (ppg_rf_hls/firmware/parameters.h:538:0)
INFO: [HLS 214-248] Applying array_partition to '_ZL9tree_0_64.children_right': Complete partitioning on dimension 1. (ppg_rf_hls/firmware/parameters.h:538:0)
INFO: [HLS 214-248] Applying array_partition to '_ZL9tree_0_64.children_left': Complete partitioning on dimension 1. (ppg_rf_hls/firmware/parameters.h:538:0)
INFO: [HLS 214-248] Applying array_partition to '_ZL9tree_0_64.value': Complete partitioning on dimension 1. (ppg_rf_hls/firmware/parameters.h:538:0)
INFO: [HLS 214-248] Applying array_partition to '_ZL9tree_0_64.threshold': Complete partitioning on dimension 1. (ppg_rf_hls/firmware/parameters.h:538:0)
INFO: [HLS 214-248] Applying array_partition to '_ZL9tree_0_64.feature': Complete partitioning on dimension 1. (ppg_rf_hls/firmware/parameters.h:538:0)
INFO: [HLS 214-248] Applying array_partition to '_ZL9tree_0_63.parent': Complete partitioning on dimension 1. (ppg_rf_hls/firmware/parameters.h:530:0)
INFO: [HLS 214-248] Applying array_partition to '_ZL9tree_0_63.children_right': Complete partitioning on dimension 1. (ppg_rf_hls/firmware/parameters.h:530:0)
INFO: [HLS 214-248] Applying array_partition to '_ZL9tree_0_63.children_left': Complete partitioning on dimension 1. (ppg_rf_hls/firmware/parameters.h:530:0)
INFO: [HLS 214-248] Applying array_partition to '_ZL9tree_0_63.value': Complete partitioning on dimension 1. (ppg_rf_hls/firmware/parameters.h:530:0)
INFO: [HLS 214-248] Applying array_partition to '_ZL9tree_0_63.threshold': Complete partitioning on dimension 1. (ppg_rf_hls/firmware/parameters.h:530:0)
INFO: [HLS 214-248] Applying array_partition to '_ZL9tree_0_63.feature': Complete partitioning on dimension 1. (ppg_rf_hls/firmware/parameters.h:530:0)
INFO: [HLS 214-248] Applying array_partition to '_ZL9tree_0_62.parent': Complete partitioning on dimension 1. (ppg_rf_hls/firmware/parameters.h:522:0)
INFO: [HLS 214-248] Applying array_partition to '_ZL9tree_0_62.children_right': Complete partitioning on dimension 1. (ppg_rf_hls/firmware/parameters.h:522:0)
INFO: [HLS 214-248] Applying array_partition to '_ZL9tree_0_62.children_left': Complete partitioning on dimension 1. (ppg_rf_hls/firmware/parameters.h:522:0)
INFO: [HLS 214-248] Applying array_partition to '_ZL9tree_0_62.value': Complete partitioning on dimension 1. (ppg_rf_hls/firmware/parameters.h:522:0)
INFO: [HLS 214-248] Applying array_partition to '_ZL9tree_0_62.threshold': Complete partitioning on dimension 1. (ppg_rf_hls/firmware/parameters.h:522:0)
INFO: [HLS 214-248] Applying array_partition to '_ZL9tree_0_62.feature': Complete partitioning on dimension 1. (ppg_rf_hls/firmware/parameters.h:522:0)
INFO: [HLS 214-248] Applying array_partition to==============================================================
Vitis HLS - High-Level Synthesis from C, C++ and OpenCL v2024.1 (64-bit)
Tool Version Limit: 2024.05
Copyright 1986-2022 Xilinx, Inc. All Rights Reserved.
Copyright 2022-2024 Advanced Micro Devices, Inc. All Rights Reserved.

==============================================================
INFO: [SYN 201-201] Setting up clock 'default' with a period of 10ns.
INFO: [HLS 200-1611] Setting target device to 'xc7a100t-csg324-1'
INFO: [HLS 200-1505] Using flow_target 'vivado'
INFO: [HLS 200-1464] Running solution command: config_cosim -tool=xsim
INFO: [HLS 200-1510] Running: set_part xc7a100tcsg324-1 
INFO: [HLS 200-1510] Running: create_clock -period 10 -name default 
INFO: [HLS 200-1510] Running: config_cosim -tool xsim 
INFO: [HLS 200-1510] Running: csynth_design 
INFO: [HLS 200-111] Finished File checks and directory preparation: CPU user time: 0 seconds. CPU system time: 0 seconds. Elapsed time: 0.224 seconds; current allocated memory: 203.996 MB.
INFO: [HLS 200-10] Analyzing design file 'ppg_rf_hls/firmware/BDT.cpp' ... 
ERROR: [HLS 207-3562] template argument for template type parameter must be a type (ppg_rf_hls/firmware/BDT.cpp:7:35)
INFO: [HLS 207-4531] template parameter is declared here (ppg_rf_hls/firmware/BDT.h:128:44)
ERROR: [HLS 207-3777] use of undeclared identifier 'fn_classes'; did you mean 'BDT::fn_classes'? (ppg_rf_hls/firmware/BDT.cpp:7:141)
INFO: [HLS 207-4436] 'BDT::fn_classes' declared here (ppg_rf_hls/firmware/BDT.h:40:15)
INFO: [HLS 200-2161] Finished Command csynth_design Elapsed time: 00:00:12; Allocated memory: 0.781 MB.
==============================================================
Vitis HLS - High-Level Synthesis from C, C++ and OpenCL v2024.1 (64-bit)
Tool Version Limit: 2024.05
Copyright 1986-2022 Xilinx, Inc. All Rights Reserved.
Copyright 2022-2024 Advanced Micro Devices, Inc. All Rights Reserved.

==============================================================
INFO: [SYN 201-201] Setting up clock 'default' with a period of 10ns.
INFO: [HLS 200-1611] Setting target device to 'xc7a100t-csg324-1'
INFO: [HLS 200-1505] Using flow_target 'vivado'
INFO: [HLS 200-1464] Running solution command: config_cosim -tool=xsim
INFO: [HLS 200-1510] Running: set_part xc7a100tcsg324-1 
INFO: [HLS 200-1510] Running: create_clock -period 10 -name default 
INFO: [HLS 200-1510] Running: config_cosim -tool xsim 
INFO: [HLS 200-1510] Running: csynth_design 
INFO: [HLS 200-111] Finished File checks and directory preparation: CPU user time: 0 seconds. CPU system time: 0 seconds. Elapsed time: 0.236 seconds; current allocated memory: 206.531 MB.
INFO: [HLS 200-10] Analyzing design file 'ppg_rf_hls/firmware/BDT.cpp' ... 
ERROR: [HLS 207-3562] template argument for template type parameter must be a type (ppg_rf_hls/firmware/BDT.cpp:10:35)
INFO: [HLS 207-4531] template parameter is declared here (ppg_rf_hls/firmware/BDT.h:128:44)
ERROR: [HLS 207-5514] '#pragma HLS' is only allowed in function scope (ppg_rf_hls/firmware/BDT.cpp:15:9)
ERROR: [HLS 207-3801] unknown type name 'Trees' (ppg_rf_hls/firmware/BDT.cpp:16:1)
ERROR: [HLS 207-1228] expected unqualified-id (ppg_rf_hls/firmware/BDT.cpp:16:6)
ERROR: [HLS 207-1237] extraneous closing brace ('}') (ppg_rf_hls/firmware/BDT.cpp:23:1)
INFO: [HLS 200-2161] Finished Command csynth_design Elapsed time: 00:00:09; Allocated memory: 1.137 MB.
==============================================================
Vitis HLS - High-Level Synthesis from C, C++ and OpenCL v2024.1 (64-bit)
Tool Version Limit: 2024.05
Copyright 1986-2022 Xilinx, Inc. All Rights Reserved.
Copyright 2022-2024 Advanced Micro Devices, Inc. All Rights Reserved.

==============================================================
INFO: [SYN 201-201] Setting up clock 'default' with a period of 10ns.
INFO: [HLS 200-1611] Setting target device to 'xc7a100t-csg324-1'
INFO: [HLS 200-1505] Using flow_target 'vivado'
INFO: [HLS 200-1464] Running solution command: config_cosim -tool=xsim
INFO: [HLS 200-1510] Running: set_part xc7a100tcsg324-1 
INFO: [HLS 200-1510] Running: create_clock -period 10 -name default 
INFO: [HLS 200-1510] Running: config_cosim -tool xsim 
INFO: [HLS 200-1510] Running: csynth_design 
INFO: [HLS 200-111] Finished File checks and directory preparation: CPU user time: 0 seconds. CPU system time: 0 seconds. Elapsed time: 0.255 seconds; current allocated memory: 209.891 MB.
INFO: [HLS 200-10] Analyzing design file 'ppg_rf_hls/firmware/BDT.cpp' ... 
ERROR: [HLS 207-3562] template argument for template type parameter must be a type (ppg_rf_hls/firmware/BDT.cpp:10:35)
INFO: [HLS 207-4531] template parameter is declared here (ppg_rf_hls/firmware/BDT.h:128:44)
ERROR: [HLS 207-5514] '#pragma HLS' is only allowed in function scope (ppg_rf_hls/firmware/BDT.cpp:15:9)
ERROR: [HLS 207-3801] unknown type name 'Trees' (ppg_rf_hls/firmware/BDT.cpp:17:1)
ERROR: [HLS 207-1228] expected unqualified-id (ppg_rf_hls/firmware/BDT.cpp:17:6)
ERROR: [HLS 207-1237] extraneous closing brace ('}') (ppg_rf_hls/firmware/BDT.cpp:24:1)
INFO: [HLS 200-2161] Finished Command csynth_design Elapsed time: 00:00:09; Allocated memory: 0.848 MB.
==============================================================
Vitis HLS - High-Level Synthesis from C, C++ and OpenCL v2024.1 (64-bit)
Tool Version Limit: 2024.05
Copyright 1986-2022 Xilinx, Inc. All Rights Reserved.
Copyright 2022-2024 Advanced Micro Devices, Inc. All Rights Reserved.

==============================================================
INFO: [SYN 201-201] Setting up clock 'default' with a period of 10ns.
INFO: [HLS 200-1611] Setting target device to 'xc7a100t-csg324-1'
INFO: [HLS 200-1505] Using flow_target 'vivado'
INFO: [HLS 200-1464] Running solution command: config_cosim -tool=xsim
INFO: [HLS 200-1510] Running: set_part xc7a100tcsg324-1 
INFO: [HLS 200-1510] Running: create_clock -period 10 -name default 
INFO: [HLS 200-1510] Running: config_cosim -tool xsim 
INFO: [HLS 200-1510] Running: csynth_design 
INFO: [HLS 200-111] Finished File checks and directory preparation: CPU user time: 1 seconds. CPU system time: 0 seconds. Elapsed time: 0.224 seconds; current allocated memory: 205.152 MB.
INFO: [HLS 200-10] Analyzing design file 'ppg_rf_hls/firmware/BDT.cpp' ... 
ERROR: [HLS 207-3562] template argument for template type parameter must be a type (ppg_rf_hls/firmware/BDT.cpp:13:30)
INFO: [HLS 207-4531] template parameter is declared here (ppg_rf_hls/firmware/BDT.h:128:44)
ERROR: [HLS 207-1228] expected unqualified-id (ppg_rf_hls/firmware/BDT.cpp:18:9)
ERROR: [HLS 207-1237] extraneous closing brace ('}') (ppg_rf_hls/firmware/BDT.cpp:30:1)
INFO: [HLS 200-2161] Finished Command csynth_design Elapsed time: 00:00:09; Allocated memory: 1.062 MB.
